#
# There is insufficient memory for the Java Runtime Environment to continue.
# Native memory allocation (malloc) failed to allocate 1940816 bytes. Error detail: Chunk::new
# Possible reasons:
#   The system is out of physical RAM or swap space
#   This process is running with CompressedOops enabled, and the Java Heap may be blocking the growth of the native heap
# Possible solutions:
#   Reduce memory load on the system
#   Increase physical memory or swap space
#   Check if swap backing store is full
#   Decrease Java heap size (-Xmx/-Xms)
#   Decrease number of Java threads
#   Decrease Java thread stack sizes (-Xss)
#   Set larger code cache with -XX:ReservedCodeCacheSize=
#   JVM is running with Unscaled Compressed Oops mode in which the Java heap is
#     placed in the first 4GB address space. The Java Heap base address is the
#     maximum limit for the native heap growth. Please use -XX:HeapBaseMinAddress
#     to set the Java Heap base and to place the Java Heap above 4GB virtual address.
# This output file may be truncated or incomplete.
#
#  Out of Memory Error (arena.cpp:191), pid=1272, tid=25268
#
# JRE version: OpenJDK Runtime Environment Microsoft-10376486 (17.0.13+11) (build 17.0.13+11-LTS)
# Java VM: OpenJDK 64-Bit Server VM Microsoft-10376486 (17.0.13+11-LTS, mixed mode, sharing, tiered, compressed oops, compressed class ptrs, g1 gc, windows-amd64)
# No core dump will be written. Minidumps are not enabled by default on client versions of Windows
#

---------------  S U M M A R Y ------------

Command Line: --add-opens=java.base/java.lang=ALL-UNNAMED --add-opens=java.base/java.lang.invoke=ALL-UNNAMED --add-opens=java.base/java.util=ALL-UNNAMED --add-opens=java.prefs/java.util.prefs=ALL-UNNAMED --add-exports=jdk.compiler/com.sun.tools.javac.api=ALL-UNNAMED --add-exports=jdk.compiler/com.sun.tools.javac.util=ALL-UNNAMED --add-opens=java.base/java.util=ALL-UNNAMED --add-opens=java.prefs/java.util.prefs=ALL-UNNAMED --add-opens=java.base/java.nio.charset=ALL-UNNAMED --add-opens=java.base/java.net=ALL-UNNAMED --add-opens=java.base/java.util.concurrent.atomic=ALL-UNNAMED --add-opens=java.xml/javax.xml.namespace=ALL-UNNAMED -XX:MaxMetaspaceSize=512m -Xmx2048m -Dfile.encoding=UTF-8 -Duser.country=US -Duser.language=en -Duser.variant -javaagent:C:\Users\saura\.gradle\wrapper\dists\gradle-8.12-all\ejduaidbjup3bmmkhw3rie4zb\gradle-8.12\lib\agents\gradle-instrumentation-agent-8.12.jar org.gradle.launcher.daemon.bootstrap.GradleDaemon 8.12

Host: AMD Ryzen 5 3500U with Radeon Vega Mobile Gfx  , 8 cores, 5G,  Windows 11 , 64 bit Build 26100 (10.0.26100.4768)
Time: Mon Sep  1 17:28:13 2025 India Standard Time elapsed time: 117.041438 seconds (0d 0h 1m 57s)

---------------  T H R E A D  ---------------

Current thread (0x0000026af45508b0):  JavaThread "C2 CompilerThread1" daemon [_thread_in_native, id=25268, stack(0x00000070ce500000,0x00000070ce600000)]


Current CompileTask:
C2: 117057 16090       4       org.gradle.internal.metaobject.BeanDynamicObject::getMetaClass (39 bytes)

Stack: [0x00000070ce500000,0x00000070ce600000]
Native frames: (J=compiled Java code, j=interpreted, Vv=VM code, C=native code)
V  [jvm.dll+0x687fc9]
V  [jvm.dll+0x83eeb8]
V  [jvm.dll+0x840963]
V  [jvm.dll+0x840fd3]
V  [jvm.dll+0x24951f]
V  [jvm.dll+0xad0c4]
V  [jvm.dll+0xad75c]
V  [jvm.dll+0x36aaaf]
V  [jvm.dll+0x335153]
V  [jvm.dll+0x3345ea]
V  [jvm.dll+0x21a748]
V  [jvm.dll+0x219b7f]
V  [jvm.dll+0x1a5506]
V  [jvm.dll+0x22a1ca]
V  [jvm.dll+0x22830b]
V  [jvm.dll+0x7f4708]
V  [jvm.dll+0x7eea6c]
V  [jvm.dll+0x686ea7]
C  [ucrtbase.dll+0x37b0]
C  [KERNEL32.DLL+0x2e8d7]
C  [ntdll.dll+0x3c34c]


---------------  P R O C E S S  ---------------

Threads class SMR info:
_java_thread_list=0x0000026aff25b0a0, length=142, elements={
0x0000026ab4837fa0, 0x0000026ad0455400, 0x0000026ad0456a40, 0x0000026ad046af30,
0x0000026ad046c370, 0x0000026ad046dc50, 0x0000026ad04723c0, 0x0000026ad047a940,
0x0000026ad0485aa0, 0x0000026ad0490b40, 0x0000026af20e06b0, 0x0000026af20e0bc0,
0x0000026af20df780, 0x0000026af20e10d0, 0x0000026af20dd920, 0x0000026af20de340,
0x0000026af20de850, 0x0000026af20ded60, 0x0000026af20df270, 0x0000026af20e01a0,
0x0000026af20dfc90, 0x0000026af3c66fb0, 0x0000026af3c68900, 0x0000026af3c683f0,
0x0000026af3c68e10, 0x0000026af3c67ee0, 0x0000026af3c674c0, 0x0000026af3c69830,
0x0000026af3c66080, 0x0000026af3c69d40, 0x0000026af3c66590, 0x0000026af3c6a250,
0x0000026af3c66aa0, 0x0000026af3c6c5c0, 0x0000026af3c6cad0, 0x0000026af3c6b690,
0x0000026af3c6ac70, 0x0000026af3c6d4f0, 0x0000026af3c6cfe0, 0x0000026af3c6bba0,
0x0000026af3c6a760, 0x0000026af3c6c0b0, 0x0000026af47dcbf0, 0x0000026af47dc6e0,
0x0000026af47da880, 0x0000026af47dd100, 0x0000026af47dbcc0, 0x0000026af47dd610,
0x0000026af47d9e60, 0x0000026af47ddb20, 0x0000026af47db7b0, 0x0000026af47dad90,
0x0000026af47da370, 0x0000026af47de030, 0x0000026af47de540, 0x0000026af47dea50,
0x0000026af47db2a0, 0x0000026af47e03a0, 0x0000026af47def60, 0x0000026af47e12d0,
0x0000026af47e17e0, 0x0000026af47df470, 0x0000026af47e08b0, 0x0000026af47dfe90,
0x0000026af6d68bc0, 0x0000026af6d66340, 0x0000026af6d65410, 0x0000026af6d66d60,
0x0000026af6d67780, 0x0000026af6d65920, 0x0000026af6d69af0, 0x0000026af6d6b440,
0x0000026af6d6a510, 0x0000026af6d6aa20, 0x0000026af6d6af30, 0x0000026af6d67c90,
0x0000026af6d6b950, 0x0000026af6d6cd90, 0x0000026af6d6be60, 0x0000026af6d6c370,
0x0000026af6d6c880, 0x0000026af730eff0, 0x0000026af7312cb0, 0x0000026af73127a0,
0x0000026af7310e50, 0x0000026af7311d80, 0x0000026af7310940, 0x0000026af730f500,
0x0000026af7311360, 0x0000026af730fa10, 0x0000026af730ff20, 0x0000026af7312290,
0x0000026af73131c0, 0x0000026af7310430, 0x0000026af73136d0, 0x0000026af7313be0,
0x0000026af73140f0, 0x0000026af7315020, 0x0000026af7314b10, 0x0000026af7314600,
0x0000026af7311870, 0x0000026af7315530, 0x0000026af7316970, 0x0000026af7315a40,
0x0000026af7315f50, 0x0000026af7316460, 0x0000026af556e3f0, 0x0000026af556c590,
0x0000026af556f320, 0x0000026af556caa0, 0x0000026af556d4c0, 0x0000026af556cfb0,
0x0000026af556dee0, 0x0000026af556e900, 0x0000026af556f830, 0x0000026af556c080,
0x0000026af556d9d0, 0x0000026af556ee10, 0x0000026af8665fb0, 0x0000026af8666ee0,
0x0000026af8667900, 0x0000026af8668320, 0x0000026af8664b70, 0x0000026af8665590,
0x0000026af86669d0, 0x0000026af8667e10, 0x0000026af8668830, 0x0000026af8665080,
0x0000026af8668d40, 0x0000026af8669250, 0x0000026af86664c0, 0x0000026af866bfe0,
0x0000026af866aba0, 0x0000026af8669c70, 0x0000026af8669760, 0x0000026af866c4f0,
0x0000026af20dde30, 0x0000026af47df980, 0x0000026af48addc0, 0x0000026af48b0b50,
0x0000026af45508b0, 0x0000026af4550e00
}

Java Threads: ( => current thread )
  0x0000026ab4837fa0 JavaThread "main" [_thread_blocked, id=21876, stack(0x00000070ce800000,0x00000070ce900000)]
  0x0000026ad0455400 JavaThread "Reference Handler" daemon [_thread_blocked, id=4080, stack(0x00000070cef00000,0x00000070cf000000)]
  0x0000026ad0456a40 JavaThread "Finalizer" daemon [_thread_blocked, id=6848, stack(0x00000070cf000000,0x00000070cf100000)]
  0x0000026ad046af30 JavaThread "Signal Dispatcher" daemon [_thread_blocked, id=22808, stack(0x00000070cf100000,0x00000070cf200000)]
  0x0000026ad046c370 JavaThread "Attach Listener" daemon [_thread_blocked, id=17584, stack(0x00000070cf200000,0x00000070cf300000)]
  0x0000026ad046dc50 JavaThread "Service Thread" daemon [_thread_blocked, id=4740, stack(0x00000070cf300000,0x00000070cf400000)]
  0x0000026ad04723c0 JavaThread "Monitor Deflation Thread" daemon [_thread_blocked, id=22268, stack(0x00000070cf400000,0x00000070cf500000)]
  0x0000026ad047a940 JavaThread "C2 CompilerThread0" daemon [_thread_in_native, id=23844, stack(0x00000070cf500000,0x00000070cf600000)]
  0x0000026ad0485aa0 JavaThread "C1 CompilerThread0" daemon [_thread_blocked, id=6432, stack(0x00000070cf600000,0x00000070cf700000)]
  0x0000026ad0490b40 JavaThread "Sweeper thread" daemon [_thread_blocked, id=20324, stack(0x00000070cf700000,0x00000070cf800000)]
  0x0000026af20e06b0 JavaThread "Common-Cleaner" daemon [_thread_blocked, id=21748, stack(0x00000070cf800000,0x00000070cf900000)]
  0x0000026af20e0bc0 JavaThread "Notification Thread" daemon [_thread_blocked, id=19208, stack(0x00000070cf900000,0x00000070cfa00000)]
  0x0000026af20df780 JavaThread "Daemon health stats" [_thread_blocked, id=20128, stack(0x00000070d0000000,0x00000070d0100000)]
  0x0000026af20e10d0 JavaThread "Incoming local TCP Connector on port 61556" [_thread_in_native, id=3136, stack(0x00000070cfb00000,0x00000070cfc00000)]
  0x0000026af20dd920 JavaThread "Daemon periodic checks" [_thread_blocked, id=21976, stack(0x00000070d0100000,0x00000070d0200000)]
  0x0000026af20de340 JavaThread "Daemon" [_thread_blocked, id=23788, stack(0x00000070d0200000,0x00000070d0300000)]
  0x0000026af20de850 JavaThread "Handler for socket connection from /127.0.0.1:61556 to /127.0.0.1:61558" [_thread_in_native, id=24216, stack(0x00000070d0300000,0x00000070d0400000)]
  0x0000026af20ded60 JavaThread "Cancel handler" [_thread_blocked, id=8240, stack(0x00000070d0400000,0x00000070d0500000)]
  0x0000026af20df270 JavaThread "Daemon worker" [_thread_blocked, id=22712, stack(0x00000070d0500000,0x00000070d0600000)]
  0x0000026af20e01a0 JavaThread "Asynchronous log dispatcher for DefaultDaemonConnection: socket connection from /127.0.0.1:61556 to /127.0.0.1:61558" [_thread_blocked, id=3268, stack(0x00000070d0600000,0x00000070d0700000)]
  0x0000026af20dfc90 JavaThread "Stdin handler" [_thread_blocked, id=25104, stack(0x00000070d0700000,0x00000070d0800000)]
  0x0000026af3c66fb0 JavaThread "Daemon client event forwarder" [_thread_in_Java, id=17052, stack(0x00000070d0800000,0x00000070d0900000)]
  0x0000026af3c68900 JavaThread "Cache worker for journal cache (C:\Users\saura\.gradle\caches\journal-1)" [_thread_blocked, id=7396, stack(0x00000070d0c00000,0x00000070d0d00000)]
  0x0000026af3c683f0 JavaThread "File lock request listener" [_thread_in_native, id=23100, stack(0x00000070d0d00000,0x00000070d0e00000)]
  0x0000026af3c68e10 JavaThread "Cache worker for file hash cache (C:\Users\saura\.gradle\caches\8.12\fileHashes)" [_thread_blocked, id=12808, stack(0x00000070d0f00000,0x00000070d1000000)]
  0x0000026af3c67ee0 JavaThread "Cache worker for file hash cache (C:\Users\saura\Desktop\SvindoVendor\Svindo_VendorApp\android\.gradle\8.12\fileHashes)" [_thread_blocked, id=11020, stack(0x00000070d1100000,0x00000070d1200000)]
  0x0000026af3c674c0 JavaThread "Cache worker for Build Output Cleanup Cache (C:\Users\saura\Desktop\SvindoVendor\Svindo_VendorApp\android\.gradle\buildOutputCleanup)" [_thread_blocked, id=9204, stack(0x00000070d1200000,0x00000070d1300000)]
  0x0000026af3c69830 JavaThread "File watcher server" daemon [_thread_in_native, id=23020, stack(0x00000070d1000000,0x00000070d1100000)]
  0x0000026af3c66080 JavaThread "File watcher consumer" daemon [_thread_blocked, id=5220, stack(0x00000070d1400000,0x00000070d1500000)]
  0x0000026af3c69d40 JavaThread "jar transforms" [_thread_blocked, id=8932, stack(0x00000070d0e00000,0x00000070d0f00000)]
  0x0000026af3c66590 JavaThread "jar transforms Thread 2" [_thread_blocked, id=19472, stack(0x00000070d1600000,0x00000070d1700000)]
  0x0000026af3c6a250 JavaThread "Cache worker for checksums cache (C:\Users\saura\Desktop\SvindoVendor\Svindo_VendorApp\android\.gradle\8.12\checksums)" [_thread_blocked, id=5456, stack(0x00000070d1800000,0x00000070d1900000)]
  0x0000026af3c66aa0 JavaThread "Cache worker for file content cache (C:\Users\saura\.gradle\caches\8.12\fileContent)" [_thread_blocked, id=4736, stack(0x00000070d1900000,0x00000070d1a00000)]
  0x0000026af3c6c5c0 JavaThread "jar transforms Thread 3" [_thread_blocked, id=21184, stack(0x00000070d1a00000,0x00000070d1b00000)]
  0x0000026af3c6cad0 JavaThread "Cache worker for cache directory md-rule (C:\Users\saura\.gradle\caches\8.12\md-rule)" [_thread_blocked, id=17320, stack(0x00000070d1b00000,0x00000070d1c00000)]
  0x0000026af3c6b690 JavaThread "Cache worker for cache directory md-supplier (C:\Users\saura\.gradle\caches\8.12\md-supplier)" [_thread_blocked, id=6684, stack(0x00000070d1c00000,0x00000070d1d00000)]
  0x0000026af3c6ac70 JavaThread "Cache worker for Build Output Cleanup Cache (C:\Users\saura\Desktop\SvindoVendor\Svindo_VendorApp\node_modules\@react-native\gradle-plugin\.gradle\buildOutputCleanup)" [_thread_blocked, id=25464, stack(0x00000070d1700000,0x00000070d1800000)]
  0x0000026af3c6d4f0 JavaThread "Unconstrained build operations" [_thread_blocked, id=23260, stack(0x00000070d1500000,0x00000070d1600000)]
  0x0000026af3c6cfe0 JavaThread "Unconstrained build operations Thread 2" [_thread_blocked, id=4928, stack(0x00000070d1d00000,0x00000070d1e00000)]
  0x0000026af3c6bba0 JavaThread "Unconstrained build operations Thread 3" [_thread_blocked, id=13420, stack(0x00000070d1f00000,0x00000070d2000000)]
  0x0000026af3c6a760 JavaThread "Unconstrained build operations Thread 4" [_thread_blocked, id=19408, stack(0x00000070d2000000,0x00000070d2100000)]
  0x0000026af3c6c0b0 JavaThread "Unconstrained build operations Thread 5" [_thread_blocked, id=9380, stack(0x00000070d2100000,0x00000070d2200000)]
  0x0000026af47dcbf0 JavaThread "Unconstrained build operations Thread 6" [_thread_blocked, id=25500, stack(0x00000070d2200000,0x00000070d2300000)]
  0x0000026af47dc6e0 JavaThread "Unconstrained build operations Thread 7" [_thread_blocked, id=14436, stack(0x00000070d2400000,0x00000070d2500000)]
  0x0000026af47da880 JavaThread "Unconstrained build operations Thread 8" [_thread_blocked, id=22512, stack(0x00000070d2500000,0x00000070d2600000)]
  0x0000026af47dd100 JavaThread "Unconstrained build operations Thread 9" [_thread_blocked, id=6240, stack(0x00000070d2600000,0x00000070d2700000)]
  0x0000026af47dbcc0 JavaThread "Unconstrained build operations Thread 10" [_thread_blocked, id=15192, stack(0x00000070d2700000,0x00000070d2800000)]
  0x0000026af47dd610 JavaThread "Unconstrained build operations Thread 11" [_thread_blocked, id=22740, stack(0x00000070d2800000,0x00000070d2900000)]
  0x0000026af47d9e60 JavaThread "Unconstrained build operations Thread 12" [_thread_blocked, id=5768, stack(0x00000070d2900000,0x00000070d2a00000)]
  0x0000026af47ddb20 JavaThread "Unconstrained build operations Thread 13" [_thread_blocked, id=20420, stack(0x00000070d2a00000,0x00000070d2b00000)]
  0x0000026af47db7b0 JavaThread "Unconstrained build operations Thread 14" [_thread_blocked, id=5764, stack(0x00000070d2b00000,0x00000070d2c00000)]
  0x0000026af47dad90 JavaThread "Unconstrained build operations Thread 15" [_thread_blocked, id=23784, stack(0x00000070d2c00000,0x00000070d2d00000)]
  0x0000026af47da370 JavaThread "Unconstrained build operations Thread 16" [_thread_blocked, id=22756, stack(0x00000070d2d00000,0x00000070d2e00000)]
  0x0000026af47de030 JavaThread "Unconstrained build operations Thread 17" [_thread_blocked, id=22824, stack(0x00000070d2e00000,0x00000070d2f00000)]
  0x0000026af47de540 JavaThread "Unconstrained build operations Thread 18" [_thread_blocked, id=17912, stack(0x00000070d2f00000,0x00000070d3000000)]
  0x0000026af47dea50 JavaThread "Unconstrained build operations Thread 19" [_thread_blocked, id=21820, stack(0x00000070d3000000,0x00000070d3100000)]
  0x0000026af47db2a0 JavaThread "Unconstrained build operations Thread 20" [_thread_blocked, id=22248, stack(0x00000070d3100000,0x00000070d3200000)]
  0x0000026af47e03a0 JavaThread "Unconstrained build operations Thread 21" [_thread_blocked, id=24340, stack(0x00000070d3200000,0x00000070d3300000)]
  0x0000026af47def60 JavaThread "Unconstrained build operations Thread 22" [_thread_blocked, id=24040, stack(0x00000070d3300000,0x00000070d3400000)]
  0x0000026af47e12d0 JavaThread "Unconstrained build operations Thread 23" [_thread_blocked, id=20080, stack(0x00000070d3400000,0x00000070d3500000)]
  0x0000026af47e17e0 JavaThread "Unconstrained build operations Thread 24" [_thread_blocked, id=8552, stack(0x00000070d3500000,0x00000070d3600000)]
  0x0000026af47df470 JavaThread "Unconstrained build operations Thread 25" [_thread_blocked, id=7440, stack(0x00000070d3600000,0x00000070d3700000)]
  0x0000026af47e08b0 JavaThread "Unconstrained build operations Thread 26" [_thread_blocked, id=17968, stack(0x00000070d3700000,0x00000070d3800000)]
  0x0000026af47dfe90 JavaThread "Unconstrained build operations Thread 27" [_thread_blocked, id=12836, stack(0x00000070d3800000,0x00000070d3900000)]
  0x0000026af6d68bc0 JavaThread "build event listener" [_thread_blocked, id=3324, stack(0x00000070d2300000,0x00000070d2400000)]
  0x0000026af6d66340 JavaThread "Memory manager" [_thread_blocked, id=24600, stack(0x00000070d1e00000,0x00000070d1f00000)]
  0x0000026af6d65410 JavaThread "ForkJoinPool.commonPool-worker-1" daemon [_thread_blocked, id=22868, stack(0x00000070d3d00000,0x00000070d3e00000)]
  0x0000026af6d66d60 JavaThread "ForkJoinPool.commonPool-worker-2" daemon [_thread_blocked, id=20592, stack(0x00000070d3e00000,0x00000070d3f00000)]
  0x0000026af6d67780 JavaThread "ForkJoinPool.commonPool-worker-4" daemon [_thread_blocked, id=2872, stack(0x00000070d4000000,0x00000070d4100000)]
  0x0000026af6d65920 JavaThread "ForkJoinPool.commonPool-worker-5" daemon [_thread_blocked, id=24788, stack(0x00000070d4100000,0x00000070d4200000)]
  0x0000026af6d69af0 JavaThread "ForkJoinPool.commonPool-worker-7" daemon [_thread_blocked, id=18876, stack(0x00000070d4200000,0x00000070d4300000)]
  0x0000026af6d6b440 JavaThread "ForkJoinPool.commonPool-worker-6" daemon [_thread_blocked, id=11064, stack(0x00000070d4300000,0x00000070d4400000)]
  0x0000026af6d6a510 JavaThread "Execution worker" [_thread_blocked, id=24752, stack(0x00000070d4800000,0x00000070d4900000)]
  0x0000026af6d6aa20 JavaThread "Execution worker Thread 2" [_thread_blocked, id=3464, stack(0x00000070d4900000,0x00000070d4a00000)]
  0x0000026af6d6af30 JavaThread "Execution worker Thread 3" [_thread_blocked, id=4644, stack(0x00000070d4a00000,0x00000070d4b00000)]
  0x0000026af6d67c90 JavaThread "Execution worker Thread 4" [_thread_blocked, id=17500, stack(0x00000070d4b00000,0x00000070d4c00000)]
  0x0000026af6d6b950 JavaThread "Execution worker Thread 5" [_thread_blocked, id=18348, stack(0x00000070d4c00000,0x00000070d4d00000)]
  0x0000026af6d6cd90 JavaThread "Execution worker Thread 6" [_thread_blocked, id=8792, stack(0x00000070d4d00000,0x00000070d4e00000)]
  0x0000026af6d6be60 JavaThread "Execution worker Thread 7" [_thread_blocked, id=24252, stack(0x00000070d4e00000,0x00000070d4f00000)]
  0x0000026af6d6c370 JavaThread "Cache worker for execution history cache (C:\Users\saura\Desktop\SvindoVendor\Svindo_VendorApp\node_modules\@react-native\gradle-plugin\.gradle\8.12\executionHistory)" [_thread_blocked, id=19452, stack(0x00000070d4f00000,0x00000070d5000000)]
  0x0000026af6d6c880 JavaThread "Unconstrained build operations Thread 28" [_thread_blocked, id=23640, stack(0x00000070d5000000,0x00000070d5100000)]
  0x0000026af730eff0 JavaThread "Unconstrained build operations Thread 29" [_thread_blocked, id=18760, stack(0x00000070d5100000,0x00000070d5200000)]
  0x0000026af7312cb0 JavaThread "Unconstrained build operations Thread 30" [_thread_blocked, id=16588, stack(0x00000070d5200000,0x00000070d5300000)]
  0x0000026af73127a0 JavaThread "Unconstrained build operations Thread 31" [_thread_blocked, id=22384, stack(0x00000070d5300000,0x00000070d5400000)]
  0x0000026af7310e50 JavaThread "Unconstrained build operations Thread 32" [_thread_blocked, id=2224, stack(0x00000070d5400000,0x00000070d5500000)]
  0x0000026af7311d80 JavaThread "Unconstrained build operations Thread 33" [_thread_blocked, id=3368, stack(0x00000070d5500000,0x00000070d5600000)]
  0x0000026af7310940 JavaThread "Unconstrained build operations Thread 34" [_thread_blocked, id=21892, stack(0x00000070d5600000,0x00000070d5700000)]
  0x0000026af730f500 JavaThread "Unconstrained build operations Thread 35" [_thread_blocked, id=25340, stack(0x00000070d5700000,0x00000070d5800000)]
  0x0000026af7311360 JavaThread "Unconstrained build operations Thread 36" [_thread_blocked, id=21032, stack(0x00000070d5800000,0x00000070d5900000)]
  0x0000026af730fa10 JavaThread "Unconstrained build operations Thread 37" [_thread_blocked, id=25580, stack(0x00000070d5900000,0x00000070d5a00000)]
  0x0000026af730ff20 JavaThread "Unconstrained build operations Thread 38" [_thread_blocked, id=17328, stack(0x00000070d5a00000,0x00000070d5b00000)]
  0x0000026af7312290 JavaThread "Unconstrained build operations Thread 39" [_thread_blocked, id=2628, stack(0x00000070d5b00000,0x00000070d5c00000)]
  0x0000026af73131c0 JavaThread "Unconstrained build operations Thread 40" [_thread_blocked, id=200, stack(0x00000070d5c00000,0x00000070d5d00000)]
  0x0000026af7310430 JavaThread "Unconstrained build operations Thread 41" [_thread_blocked, id=23916, stack(0x00000070d5d00000,0x00000070d5e00000)]
  0x0000026af73136d0 JavaThread "Unconstrained build operations Thread 42" [_thread_blocked, id=7576, stack(0x00000070d5e00000,0x00000070d5f00000)]
  0x0000026af7313be0 JavaThread "Unconstrained build operations Thread 43" [_thread_blocked, id=25172, stack(0x00000070d5f00000,0x00000070d6000000)]
  0x0000026af73140f0 JavaThread "Unconstrained build operations Thread 44" [_thread_blocked, id=7480, stack(0x00000070d6000000,0x00000070d6100000)]
  0x0000026af7315020 JavaThread "Unconstrained build operations Thread 45" [_thread_blocked, id=8988, stack(0x00000070d6100000,0x00000070d6200000)]
  0x0000026af7314b10 JavaThread "Unconstrained build operations Thread 46" [_thread_blocked, id=5332, stack(0x00000070d6200000,0x00000070d6300000)]
  0x0000026af7314600 JavaThread "Unconstrained build operations Thread 47" [_thread_blocked, id=23920, stack(0x00000070d6300000,0x00000070d6400000)]
  0x0000026af7311870 JavaThread "Unconstrained build operations Thread 48" [_thread_blocked, id=22396, stack(0x00000070d6400000,0x00000070d6500000)]
  0x0000026af7315530 JavaThread "Unconstrained build operations Thread 49" [_thread_blocked, id=25320, stack(0x00000070d6500000,0x00000070d6600000)]
  0x0000026af7316970 JavaThread "Unconstrained build operations Thread 50" [_thread_blocked, id=24696, stack(0x00000070d6600000,0x00000070d6700000)]
  0x0000026af7315a40 JavaThread "Unconstrained build operations Thread 51" [_thread_blocked, id=17572, stack(0x00000070d6700000,0x00000070d6800000)]
  0x0000026af7315f50 JavaThread "Unconstrained build operations Thread 52" [_thread_blocked, id=25364, stack(0x00000070d6800000,0x00000070d6900000)]
  0x0000026af7316460 JavaThread "Unconstrained build operations Thread 53" [_thread_blocked, id=25352, stack(0x00000070d6900000,0x00000070d6a00000)]
  0x0000026af556e3f0 JavaThread "Unconstrained build operations Thread 54" [_thread_blocked, id=14864, stack(0x00000070d6a00000,0x00000070d6b00000)]
  0x0000026af556c590 JavaThread "Unconstrained build operations Thread 55" [_thread_blocked, id=18112, stack(0x00000070d6b00000,0x00000070d6c00000)]
  0x0000026af556f320 JavaThread "Unconstrained build operations Thread 56" [_thread_blocked, id=10876, stack(0x00000070d6c00000,0x00000070d6d00000)]
  0x0000026af556caa0 JavaThread "Unconstrained build operations Thread 57" [_thread_blocked, id=15076, stack(0x00000070d6d00000,0x00000070d6e00000)]
  0x0000026af556d4c0 JavaThread "Unconstrained build operations Thread 58" [_thread_blocked, id=8748, stack(0x00000070d6e00000,0x00000070d6f00000)]
  0x0000026af556cfb0 JavaThread "Unconstrained build operations Thread 59" [_thread_blocked, id=19764, stack(0x00000070d6f00000,0x00000070d7000000)]
  0x0000026af556dee0 JavaThread "Unconstrained build operations Thread 60" [_thread_blocked, id=11620, stack(0x00000070d7000000,0x00000070d7100000)]
  0x0000026af556e900 JavaThread "Unconstrained build operations Thread 61" [_thread_blocked, id=24360, stack(0x00000070d7100000,0x00000070d7200000)]
  0x0000026af556f830 JavaThread "Unconstrained build operations Thread 62" [_thread_blocked, id=23720, stack(0x00000070d7200000,0x00000070d7300000)]
  0x0000026af556c080 JavaThread "Unconstrained build operations Thread 63" [_thread_blocked, id=23440, stack(0x00000070d7300000,0x00000070d7400000)]
  0x0000026af556d9d0 JavaThread "Unconstrained build operations Thread 64" [_thread_blocked, id=18148, stack(0x00000070d7400000,0x00000070d7500000)]
  0x0000026af556ee10 JavaThread "Unconstrained build operations Thread 65" [_thread_blocked, id=3308, stack(0x00000070d7500000,0x00000070d7600000)]
  0x0000026af8665fb0 JavaThread "Unconstrained build operations Thread 66" [_thread_blocked, id=9816, stack(0x00000070d7600000,0x00000070d7700000)]
  0x0000026af8666ee0 JavaThread "Unconstrained build operations Thread 67" [_thread_blocked, id=9924, stack(0x00000070d7700000,0x00000070d7800000)]
  0x0000026af8667900 JavaThread "Unconstrained build operations Thread 68" [_thread_blocked, id=24768, stack(0x00000070d7800000,0x00000070d7900000)]
  0x0000026af8668320 JavaThread "Unconstrained build operations Thread 69" [_thread_blocked, id=21712, stack(0x00000070d7900000,0x00000070d7a00000)]
  0x0000026af8664b70 JavaThread "Unconstrained build operations Thread 70" [_thread_blocked, id=13508, stack(0x00000070d7a00000,0x00000070d7b00000)]
  0x0000026af8665590 JavaThread "Unconstrained build operations Thread 71" [_thread_blocked, id=21488, stack(0x00000070d7b00000,0x00000070d7c00000)]
  0x0000026af86669d0 JavaThread "Unconstrained build operations Thread 72" [_thread_blocked, id=22260, stack(0x00000070d7c00000,0x00000070d7d00000)]
  0x0000026af8667e10 JavaThread "Unconstrained build operations Thread 73" [_thread_blocked, id=11736, stack(0x00000070d7d00000,0x00000070d7e00000)]
  0x0000026af8668830 JavaThread "Unconstrained build operations Thread 74" [_thread_in_native, id=19564, stack(0x00000070d7e00000,0x00000070d7f00000)]
  0x0000026af8665080 JavaThread "Unconstrained build operations Thread 75" [_thread_blocked, id=2672, stack(0x00000070d7f00000,0x00000070d8000000)]
  0x0000026af8668d40 JavaThread "Unconstrained build operations Thread 76" [_thread_blocked, id=24676, stack(0x00000070d8000000,0x00000070d8100000)]
  0x0000026af8669250 JavaThread "Unconstrained build operations Thread 77" [_thread_in_Java, id=17884, stack(0x00000070d8100000,0x00000070d8200000)]
  0x0000026af86664c0 JavaThread "jar transforms Thread 4" [_thread_blocked, id=24624, stack(0x00000070d8200000,0x00000070d8300000)]
  0x0000026af866bfe0 JavaThread "jar transforms Thread 5" [_thread_blocked, id=7928, stack(0x00000070d8300000,0x00000070d8400000)]
  0x0000026af866aba0 JavaThread "Unconstrained build operations Thread 78" [_thread_blocked, id=16576, stack(0x00000070d4500000,0x00000070d4600000)]
  0x0000026af8669c70 JavaThread "Unconstrained build operations Thread 79" [_thread_blocked, id=19728, stack(0x00000070d4600000,0x00000070d4700000)]
  0x0000026af8669760 JavaThread "Unconstrained build operations Thread 80" [_thread_blocked, id=11384, stack(0x00000070d8400000,0x00000070d8500000)]
  0x0000026af866c4f0 JavaThread "jar transforms Thread 6" [_thread_blocked, id=8100, stack(0x00000070d8600000,0x00000070d8700000)]
  0x0000026af20dde30 JavaThread "jar transforms Thread 7" [_thread_blocked, id=23684, stack(0x00000070d8500000,0x00000070d8600000)]
  0x0000026af47df980 JavaThread "jar transforms Thread 8" [_thread_blocked, id=20680, stack(0x00000070d8700000,0x00000070d8800000)]
  0x0000026af48addc0 JavaThread "build event listener" [_thread_blocked, id=11076, stack(0x00000070d8900000,0x00000070d8a00000)]
  0x0000026af48b0b50 JavaThread "Problems report writer" [_thread_blocked, id=24348, stack(0x00000070d8a00000,0x00000070d8b00000)]
=>0x0000026af45508b0 JavaThread "C2 CompilerThread1" daemon [_thread_in_native, id=25268, stack(0x00000070ce500000,0x00000070ce600000)]
  0x0000026af4550e00 JavaThread "C2 CompilerThread2" daemon [_thread_in_native, id=9804, stack(0x00000070ce600000,0x00000070ce700000)]

Other Threads:
  0x0000026ad044f7a0 VMThread "VM Thread" [stack: 0x00000070cee00000,0x00000070cef00000] [id=24408]
  0x0000026ab4838d30 WatcherThread [stack: 0x00000070cfa00000,0x00000070cfb00000] [id=25112]
  0x0000026ab4891a80 GCTaskThread "GC Thread#0" [stack: 0x00000070ce900000,0x00000070cea00000] [id=19896]
  0x0000026af2564cb0 GCTaskThread "GC Thread#1" [stack: 0x00000070cfd00000,0x00000070cfe00000] [id=3100]
  0x0000026af2a8cdd0 GCTaskThread "GC Thread#2" [stack: 0x00000070cfe00000,0x00000070cff00000] [id=22256]
  0x0000026af29cb530 GCTaskThread "GC Thread#3" [stack: 0x00000070cfc00000,0x00000070cfd00000] [id=15552]
  0x0000026af2f495b0 GCTaskThread "GC Thread#4" [stack: 0x00000070cff00000,0x00000070d0000000] [id=25312]
  0x0000026af207e440 GCTaskThread "GC Thread#5" [stack: 0x00000070d0900000,0x00000070d0a00000] [id=23516]
  0x0000026af207d940 GCTaskThread "GC Thread#6" [stack: 0x00000070d0a00000,0x00000070d0b00000] [id=20308]
  0x0000026af207ec80 GCTaskThread "GC Thread#7" [stack: 0x00000070d0b00000,0x00000070d0c00000] [id=19232]
  0x0000026ab256eb30 ConcurrentGCThread "G1 Main Marker" [stack: 0x00000070cea00000,0x00000070ceb00000] [id=10980]
  0x0000026ad02e27b0 ConcurrentGCThread "G1 Conc#0" [stack: 0x00000070ceb00000,0x00000070cec00000] [id=24692]
  0x0000026af207d3c0 ConcurrentGCThread "G1 Conc#1" [stack: 0x00000070d1300000,0x00000070d1400000] [id=21668]
  0x0000026ab48cea10 ConcurrentGCThread "G1 Refine#0" [stack: 0x00000070cec00000,0x00000070ced00000] [id=24876]
  0x0000026ad030c430 ConcurrentGCThread "G1 Service" [stack: 0x00000070ced00000,0x00000070cee00000] [id=6760]

Threads with active compile tasks:
C2 CompilerThread0   118190 16099       4       org.gradle.api.internal.artifacts.ModuleComponentSelectorSerializer::read (50 bytes)
C2 CompilerThread1   118190 16090       4       org.gradle.internal.metaobject.BeanDynamicObject::getMetaClass (39 bytes)
C2 CompilerThread2   118190 16104       4       org.gradle.internal.component.external.model.AbstractConfigurationMetadata::getArtifactVariants (35 bytes)

VM state: not at safepoint (normal execution)

VM Mutex/Monitor currently owned by a thread: None

Heap address: 0x0000000080000000, size: 2048 MB, Compressed Oops mode: 32-bit

CDS archive(s) mapped at: [0x0000026ad3000000-0x0000026ad3bb0000-0x0000026ad3bb0000), size 12255232, SharedBaseAddress: 0x0000026ad3000000, ArchiveRelocationMode: 1.
Compressed class space mapped at: 0x0000026ad4000000-0x0000026aee000000, reserved size: 436207616
Narrow klass base: 0x0000026ad3000000, Narrow klass shift: 0, Narrow klass range: 0x100000000

GC Precious Log:
 CPUs: 8 total, 8 available
 Memory: 6088M
 Large Page Support: Disabled
 NUMA Support: Disabled
 Compressed Oops: Enabled (32-bit)
 Heap Region Size: 1M
 Heap Min Capacity: 8M
 Heap Initial Capacity: 96M
 Heap Max Capacity: 2G
 Pre-touch: Disabled
 Parallel Workers: 8
 Concurrent Workers: 2
 Concurrent Refinement Workers: 8
 Periodic GC: Disabled

Heap:
 garbage-first heap   total 398336K, used 289514K [0x0000000080000000, 0x0000000100000000)
  region size 1024K, 92 young (94208K), 3 survivors (3072K)
 Metaspace       used 107675K, committed 109056K, reserved 557056K
  class space    used 15002K, committed 15616K, reserved 425984K

Heap Regions: E=young(eden), S=young(survivor), O=old, HS=humongous(starts), HC=humongous(continues), CS=collection set, F=free, OA=open archive, CA=closed archive, TAMS=top-at-mark-start (previous, next)
|   0|0x0000000080000000, 0x0000000080100000, 0x0000000080100000|100%| O|  |TAMS 0x0000000080100000, 0x0000000080000000| Untracked 
|   1|0x0000000080100000, 0x0000000080200000, 0x0000000080200000|100%|HS|  |TAMS 0x0000000080200000, 0x0000000080100000| Complete 
|   2|0x0000000080200000, 0x0000000080300000, 0x0000000080300000|100%|HC|  |TAMS 0x0000000080300000, 0x0000000080200000| Complete 
|   3|0x0000000080300000, 0x0000000080400000, 0x0000000080400000|100%|HC|  |TAMS 0x0000000080400000, 0x0000000080300000| Complete 
|   4|0x0000000080400000, 0x0000000080500000, 0x0000000080500000|100%| O|  |TAMS 0x0000000080500000, 0x0000000080400000| Untracked 
|   5|0x0000000080500000, 0x0000000080600000, 0x0000000080600000|100%| O|  |TAMS 0x0000000080600000, 0x0000000080500000| Untracked 
|   6|0x0000000080600000, 0x0000000080700000, 0x0000000080700000|100%| O|  |TAMS 0x0000000080700000, 0x0000000080600000| Untracked 
|   7|0x0000000080700000, 0x0000000080800000, 0x0000000080800000|100%|HS|  |TAMS 0x0000000080800000, 0x0000000080700000| Complete 
|   8|0x0000000080800000, 0x0000000080900000, 0x0000000080900000|100%| O|  |TAMS 0x0000000080900000, 0x0000000080800000| Untracked 
|   9|0x0000000080900000, 0x0000000080a00000, 0x0000000080a00000|100%| O|  |TAMS 0x0000000080a00000, 0x0000000080900000| Untracked 
|  10|0x0000000080a00000, 0x0000000080b00000, 0x0000000080b00000|100%| O|  |TAMS 0x0000000080b00000, 0x0000000080a00000| Untracked 
|  11|0x0000000080b00000, 0x0000000080c00000, 0x0000000080c00000|100%| O|  |TAMS 0x0000000080c00000, 0x0000000080b00000| Untracked 
|  12|0x0000000080c00000, 0x0000000080d00000, 0x0000000080d00000|100%| O|  |TAMS 0x0000000080d00000, 0x0000000080c00000| Untracked 
|  13|0x0000000080d00000, 0x0000000080e00000, 0x0000000080e00000|100%| O|  |TAMS 0x0000000080e00000, 0x0000000080d00000| Untracked 
|  14|0x0000000080e00000, 0x0000000080f00000, 0x0000000080f00000|100%| O|  |TAMS 0x0000000080f00000, 0x0000000080e00000| Untracked 
|  15|0x0000000080f00000, 0x0000000081000000, 0x0000000081000000|100%| O|  |TAMS 0x0000000081000000, 0x0000000080f00000| Untracked 
|  16|0x0000000081000000, 0x0000000081100000, 0x0000000081100000|100%| O|  |TAMS 0x0000000081100000, 0x0000000081000000| Untracked 
|  17|0x0000000081100000, 0x0000000081200000, 0x0000000081200000|100%| O|  |TAMS 0x0000000081200000, 0x0000000081100000| Untracked 
|  18|0x0000000081200000, 0x0000000081300000, 0x0000000081300000|100%| O|  |TAMS 0x0000000081300000, 0x0000000081200000| Untracked 
|  19|0x0000000081300000, 0x0000000081400000, 0x0000000081400000|100%| O|  |TAMS 0x0000000081400000, 0x0000000081300000| Untracked 
|  20|0x0000000081400000, 0x0000000081500000, 0x0000000081500000|100%| O|  |TAMS 0x0000000081500000, 0x0000000081400000| Untracked 
|  21|0x0000000081500000, 0x0000000081600000, 0x0000000081600000|100%| O|  |TAMS 0x0000000081600000, 0x0000000081500000| Untracked 
|  22|0x0000000081600000, 0x0000000081700000, 0x0000000081700000|100%| O|  |TAMS 0x0000000081700000, 0x0000000081600000| Untracked 
|  23|0x0000000081700000, 0x0000000081800000, 0x0000000081800000|100%| O|  |TAMS 0x0000000081800000, 0x0000000081700000| Untracked 
|  24|0x0000000081800000, 0x0000000081900000, 0x0000000081900000|100%| O|  |TAMS 0x0000000081900000, 0x0000000081800000| Untracked 
|  25|0x0000000081900000, 0x0000000081a00000, 0x0000000081a00000|100%| O|  |TAMS 0x0000000081a00000, 0x0000000081900000| Untracked 
|  26|0x0000000081a00000, 0x0000000081b00000, 0x0000000081b00000|100%| O|  |TAMS 0x0000000081b00000, 0x0000000081a00000| Untracked 
|  27|0x0000000081b00000, 0x0000000081c00000, 0x0000000081c00000|100%| O|  |TAMS 0x0000000081c00000, 0x0000000081b00000| Untracked 
|  28|0x0000000081c00000, 0x0000000081d00000, 0x0000000081d00000|100%| O|  |TAMS 0x0000000081d00000, 0x0000000081c00000| Untracked 
|  29|0x0000000081d00000, 0x0000000081e00000, 0x0000000081e00000|100%| O|  |TAMS 0x0000000081e00000, 0x0000000081d00000| Untracked 
|  30|0x0000000081e00000, 0x0000000081f00000, 0x0000000081f00000|100%| O|  |TAMS 0x0000000081f00000, 0x0000000081e00000| Untracked 
|  31|0x0000000081f00000, 0x0000000082000000, 0x0000000082000000|100%| O|  |TAMS 0x0000000082000000, 0x0000000081f00000| Untracked 
|  32|0x0000000082000000, 0x0000000082100000, 0x0000000082100000|100%| O|  |TAMS 0x0000000082100000, 0x0000000082000000| Untracked 
|  33|0x0000000082100000, 0x0000000082200000, 0x0000000082200000|100%| O|  |TAMS 0x0000000082200000, 0x0000000082100000| Untracked 
|  34|0x0000000082200000, 0x0000000082300000, 0x0000000082300000|100%| O|  |TAMS 0x0000000082300000, 0x0000000082200000| Untracked 
|  35|0x0000000082300000, 0x0000000082400000, 0x0000000082400000|100%| O|  |TAMS 0x0000000082400000, 0x0000000082300000| Untracked 
|  36|0x0000000082400000, 0x0000000082500000, 0x0000000082500000|100%| O|  |TAMS 0x0000000082500000, 0x0000000082400000| Untracked 
|  37|0x0000000082500000, 0x0000000082600000, 0x0000000082600000|100%| O|  |TAMS 0x0000000082600000, 0x0000000082500000| Untracked 
|  38|0x0000000082600000, 0x0000000082700000, 0x0000000082700000|100%| O|  |TAMS 0x0000000082700000, 0x0000000082600000| Untracked 
|  39|0x0000000082700000, 0x0000000082800000, 0x0000000082800000|100%| O|  |TAMS 0x0000000082800000, 0x0000000082700000| Untracked 
|  40|0x0000000082800000, 0x0000000082900000, 0x0000000082900000|100%| O|  |TAMS 0x0000000082900000, 0x0000000082800000| Untracked 
|  41|0x0000000082900000, 0x0000000082a00000, 0x0000000082a00000|100%| O|  |TAMS 0x0000000082a00000, 0x0000000082900000| Untracked 
|  42|0x0000000082a00000, 0x0000000082b00000, 0x0000000082b00000|100%| O|  |TAMS 0x0000000082b00000, 0x0000000082a00000| Untracked 
|  43|0x0000000082b00000, 0x0000000082c00000, 0x0000000082c00000|100%| O|  |TAMS 0x0000000082c00000, 0x0000000082b00000| Untracked 
|  44|0x0000000082c00000, 0x0000000082d00000, 0x0000000082d00000|100%|HS|  |TAMS 0x0000000082d00000, 0x0000000082c00000| Complete 
|  45|0x0000000082d00000, 0x0000000082e00000, 0x0000000082e00000|100%|HC|  |TAMS 0x0000000082e00000, 0x0000000082d00000| Complete 
|  46|0x0000000082e00000, 0x0000000082f00000, 0x0000000082f00000|100%|HS|  |TAMS 0x0000000082f00000, 0x0000000082e00000| Complete 
|  47|0x0000000082f00000, 0x0000000083000000, 0x0000000083000000|100%|HC|  |TAMS 0x0000000083000000, 0x0000000082f00000| Complete 
|  48|0x0000000083000000, 0x0000000083100000, 0x0000000083100000|100%|HC|  |TAMS 0x0000000083100000, 0x0000000083000000| Complete 
|  49|0x0000000083100000, 0x0000000083200000, 0x0000000083200000|100%|HS|  |TAMS 0x0000000083200000, 0x0000000083100000| Complete 
|  50|0x0000000083200000, 0x0000000083300000, 0x0000000083300000|100%|HC|  |TAMS 0x0000000083300000, 0x0000000083200000| Complete 
|  51|0x0000000083300000, 0x0000000083400000, 0x0000000083400000|100%| O|  |TAMS 0x0000000083400000, 0x0000000083300000| Untracked 
|  52|0x0000000083400000, 0x0000000083500000, 0x0000000083500000|100%|HS|  |TAMS 0x0000000083400000, 0x0000000083400000| Complete 
|  53|0x0000000083500000, 0x0000000083600000, 0x0000000083600000|100%| O|  |TAMS 0x0000000083500000, 0x0000000083500000| Untracked 
|  54|0x0000000083600000, 0x0000000083700000, 0x0000000083700000|100%| O|  |TAMS 0x0000000083700000, 0x0000000083600000| Untracked 
|  55|0x0000000083700000, 0x0000000083800000, 0x0000000083800000|100%| O|  |TAMS 0x0000000083800000, 0x0000000083700000| Untracked 
|  56|0x0000000083800000, 0x0000000083900000, 0x0000000083900000|100%|HS|  |TAMS 0x0000000083800000, 0x0000000083800000| Complete 
|  57|0x0000000083900000, 0x0000000083a00000, 0x0000000083a00000|100%| O|  |TAMS 0x0000000083a00000, 0x0000000083900000| Untracked 
|  58|0x0000000083a00000, 0x0000000083b00000, 0x0000000083b00000|100%| O|  |TAMS 0x0000000083b00000, 0x0000000083a00000| Untracked 
|  59|0x0000000083b00000, 0x0000000083c00000, 0x0000000083c00000|100%|HS|  |TAMS 0x0000000083c00000, 0x0000000083b00000| Complete 
|  60|0x0000000083c00000, 0x0000000083d00000, 0x0000000083d00000|100%|HC|  |TAMS 0x0000000083d00000, 0x0000000083c00000| Complete 
|  61|0x0000000083d00000, 0x0000000083e00000, 0x0000000083e00000|100%|HC|  |TAMS 0x0000000083e00000, 0x0000000083d00000| Complete 
|  62|0x0000000083e00000, 0x0000000083f00000, 0x0000000083f00000|100%| O|  |TAMS 0x0000000083f00000, 0x0000000083e00000| Untracked 
|  63|0x0000000083f00000, 0x0000000084000000, 0x0000000084000000|100%| O|  |TAMS 0x0000000084000000, 0x0000000083f00000| Untracked 
|  64|0x0000000084000000, 0x0000000084100000, 0x0000000084100000|100%| O|  |TAMS 0x0000000084100000, 0x0000000084000000| Untracked 
|  65|0x0000000084100000, 0x0000000084200000, 0x0000000084200000|100%| O|  |TAMS 0x0000000084200000, 0x0000000084100000| Untracked 
|  66|0x0000000084200000, 0x0000000084300000, 0x0000000084300000|100%| O|  |TAMS 0x0000000084300000, 0x0000000084200000| Untracked 
|  67|0x0000000084300000, 0x0000000084400000, 0x0000000084400000|100%| O|  |TAMS 0x0000000084400000, 0x0000000084300000| Untracked 
|  68|0x0000000084400000, 0x0000000084500000, 0x0000000084500000|100%| O|  |TAMS 0x0000000084500000, 0x0000000084400000| Untracked 
|  69|0x0000000084500000, 0x0000000084600000, 0x0000000084600000|100%| O|  |TAMS 0x0000000084600000, 0x0000000084500000| Untracked 
|  70|0x0000000084600000, 0x0000000084700000, 0x0000000084700000|100%| O|  |TAMS 0x0000000084700000, 0x0000000084600000| Untracked 
|  71|0x0000000084700000, 0x0000000084800000, 0x0000000084800000|100%| O|  |TAMS 0x0000000084800000, 0x0000000084700000| Untracked 
|  72|0x0000000084800000, 0x0000000084900000, 0x0000000084900000|100%| O|  |TAMS 0x0000000084900000, 0x0000000084800000| Untracked 
|  73|0x0000000084900000, 0x0000000084a00000, 0x0000000084a00000|100%| O|  |TAMS 0x0000000084a00000, 0x0000000084900000| Untracked 
|  74|0x0000000084a00000, 0x0000000084b00000, 0x0000000084b00000|100%| O|  |TAMS 0x0000000084b00000, 0x0000000084a00000| Untracked 
|  75|0x0000000084b00000, 0x0000000084c00000, 0x0000000084c00000|100%| O|  |TAMS 0x0000000084c00000, 0x0000000084b00000| Untracked 
|  76|0x0000000084c00000, 0x0000000084d00000, 0x0000000084d00000|100%| O|  |TAMS 0x0000000084d00000, 0x0000000084c00000| Untracked 
|  77|0x0000000084d00000, 0x0000000084e00000, 0x0000000084e00000|100%| O|  |TAMS 0x0000000084e00000, 0x0000000084d00000| Untracked 
|  78|0x0000000084e00000, 0x0000000084f00000, 0x0000000084f00000|100%| O|  |TAMS 0x0000000084f00000, 0x0000000084e00000| Untracked 
|  79|0x0000000084f00000, 0x0000000085000000, 0x0000000085000000|100%| O|  |TAMS 0x0000000085000000, 0x0000000084f00000| Untracked 
|  80|0x0000000085000000, 0x0000000085100000, 0x0000000085100000|100%|HS|  |TAMS 0x0000000085100000, 0x0000000085000000| Complete 
|  81|0x0000000085100000, 0x0000000085200000, 0x0000000085200000|100%|HS|  |TAMS 0x0000000085200000, 0x0000000085100000| Complete 
|  82|0x0000000085200000, 0x0000000085300000, 0x0000000085300000|100%|HS|  |TAMS 0x0000000085300000, 0x0000000085200000| Complete 
|  83|0x0000000085300000, 0x0000000085400000, 0x0000000085400000|100%|HS|  |TAMS 0x0000000085400000, 0x0000000085300000| Complete 
|  84|0x0000000085400000, 0x0000000085500000, 0x0000000085500000|100%|HS|  |TAMS 0x0000000085500000, 0x0000000085400000| Complete 
|  85|0x0000000085500000, 0x0000000085600000, 0x0000000085600000|100%|HS|  |TAMS 0x0000000085600000, 0x0000000085500000| Complete 
|  86|0x0000000085600000, 0x0000000085700000, 0x0000000085700000|100%|HS|  |TAMS 0x0000000085600000, 0x0000000085600000| Complete 
|  87|0x0000000085700000, 0x0000000085800000, 0x0000000085800000|100%| O|  |TAMS 0x0000000085800000, 0x0000000085700000| Untracked 
|  88|0x0000000085800000, 0x0000000085900000, 0x0000000085900000|100%| O|  |TAMS 0x0000000085900000, 0x0000000085800000| Untracked 
|  89|0x0000000085900000, 0x0000000085a00000, 0x0000000085a00000|100%| O|  |TAMS 0x0000000085a00000, 0x0000000085900000| Untracked 
|  90|0x0000000085a00000, 0x0000000085b00000, 0x0000000085b00000|100%| O|  |TAMS 0x0000000085b00000, 0x0000000085a00000| Untracked 
|  91|0x0000000085b00000, 0x0000000085c00000, 0x0000000085c00000|100%| O|  |TAMS 0x0000000085c00000, 0x0000000085b00000| Untracked 
|  92|0x0000000085c00000, 0x0000000085d00000, 0x0000000085d00000|100%| O|  |TAMS 0x0000000085d00000, 0x0000000085c00000| Untracked 
|  93|0x0000000085d00000, 0x0000000085e00000, 0x0000000085e00000|100%| O|  |TAMS 0x0000000085e00000, 0x0000000085d00000| Untracked 
|  94|0x0000000085e00000, 0x0000000085f00000, 0x0000000085f00000|100%| O|  |TAMS 0x0000000085e00000, 0x0000000085e00000| Untracked 
|  95|0x0000000085f00000, 0x0000000086000000, 0x0000000086000000|100%| O|  |TAMS 0x0000000085f00000, 0x0000000085f00000| Untracked 
|  96|0x0000000086000000, 0x0000000086100000, 0x0000000086100000|100%| O|  |TAMS 0x0000000086100000, 0x0000000086000000| Untracked 
|  97|0x0000000086100000, 0x0000000086200000, 0x0000000086200000|100%| O|  |TAMS 0x0000000086200000, 0x0000000086100000| Untracked 
|  98|0x0000000086200000, 0x0000000086300000, 0x0000000086300000|100%| O|  |TAMS 0x0000000086300000, 0x0000000086200000| Untracked 
|  99|0x0000000086300000, 0x0000000086400000, 0x0000000086400000|100%| O|  |TAMS 0x0000000086400000, 0x0000000086300000| Untracked 
| 100|0x0000000086400000, 0x0000000086500000, 0x0000000086500000|100%|HS|  |TAMS 0x0000000086500000, 0x0000000086400000| Complete 
| 101|0x0000000086500000, 0x0000000086600000, 0x0000000086600000|100%| O|  |TAMS 0x0000000086600000, 0x0000000086500000| Untracked 
| 102|0x0000000086600000, 0x0000000086700000, 0x0000000086700000|100%| O|  |TAMS 0x0000000086700000, 0x0000000086600000| Untracked 
| 103|0x0000000086700000, 0x0000000086800000, 0x0000000086800000|100%| O|  |TAMS 0x0000000086800000, 0x0000000086700000| Untracked 
| 104|0x0000000086800000, 0x0000000086900000, 0x0000000086900000|100%|HS|  |TAMS 0x0000000086900000, 0x0000000086800000| Complete 
| 105|0x0000000086900000, 0x0000000086a00000, 0x0000000086a00000|100%|HC|  |TAMS 0x0000000086a00000, 0x0000000086900000| Complete 
| 106|0x0000000086a00000, 0x0000000086b00000, 0x0000000086b00000|100%| O|  |TAMS 0x0000000086b00000, 0x0000000086a00000| Untracked 
| 107|0x0000000086b00000, 0x0000000086c00000, 0x0000000086c00000|100%| O|  |TAMS 0x0000000086c00000, 0x0000000086b00000| Untracked 
| 108|0x0000000086c00000, 0x0000000086d00000, 0x0000000086d00000|100%| O|  |TAMS 0x0000000086d00000, 0x0000000086c00000| Untracked 
| 109|0x0000000086d00000, 0x0000000086e00000, 0x0000000086e00000|100%| O|  |TAMS 0x0000000086e00000, 0x0000000086d00000| Untracked 
| 110|0x0000000086e00000, 0x0000000086f00000, 0x0000000086f00000|100%| O|  |TAMS 0x0000000086f00000, 0x0000000086e00000| Untracked 
| 111|0x0000000086f00000, 0x0000000087000000, 0x0000000087000000|100%| O|  |TAMS 0x0000000087000000, 0x0000000086f00000| Untracked 
| 112|0x0000000087000000, 0x0000000087100000, 0x0000000087100000|100%| O|  |TAMS 0x0000000087100000, 0x0000000087000000| Untracked 
| 113|0x0000000087100000, 0x0000000087200000, 0x0000000087200000|100%| O|  |TAMS 0x0000000087200000, 0x0000000087100000| Untracked 
| 114|0x0000000087200000, 0x0000000087300000, 0x0000000087300000|100%| O|  |TAMS 0x0000000087300000, 0x0000000087200000| Untracked 
| 115|0x0000000087300000, 0x0000000087400000, 0x0000000087400000|100%| O|  |TAMS 0x0000000087400000, 0x0000000087300000| Untracked 
| 116|0x0000000087400000, 0x0000000087500000, 0x0000000087500000|100%| O|  |TAMS 0x0000000087500000, 0x0000000087400000| Untracked 
| 117|0x0000000087500000, 0x0000000087600000, 0x0000000087600000|100%| O|  |TAMS 0x0000000087600000, 0x0000000087500000| Untracked 
| 118|0x0000000087600000, 0x0000000087700000, 0x0000000087700000|100%| O|  |TAMS 0x0000000087700000, 0x0000000087600000| Untracked 
| 119|0x0000000087700000, 0x0000000087800000, 0x0000000087800000|100%| O|  |TAMS 0x0000000087800000, 0x0000000087700000| Untracked 
| 120|0x0000000087800000, 0x0000000087900000, 0x0000000087900000|100%| O|  |TAMS 0x0000000087900000, 0x0000000087800000| Untracked 
| 121|0x0000000087900000, 0x0000000087a00000, 0x0000000087a00000|100%| O|  |TAMS 0x0000000087a00000, 0x0000000087900000| Untracked 
| 122|0x0000000087a00000, 0x0000000087b00000, 0x0000000087b00000|100%| O|  |TAMS 0x0000000087b00000, 0x0000000087a00000| Untracked 
| 123|0x0000000087b00000, 0x0000000087c00000, 0x0000000087c00000|100%| O|  |TAMS 0x0000000087c00000, 0x0000000087b00000| Untracked 
| 124|0x0000000087c00000, 0x0000000087d00000, 0x0000000087d00000|100%| O|  |TAMS 0x0000000087d00000, 0x0000000087c00000| Untracked 
| 125|0x0000000087d00000, 0x0000000087e00000, 0x0000000087e00000|100%|HS|  |TAMS 0x0000000087d00000, 0x0000000087d00000| Complete 
| 126|0x0000000087e00000, 0x0000000087f00000, 0x0000000087f00000|100%| O|  |TAMS 0x0000000087e00000, 0x0000000087e00000| Untracked 
| 127|0x0000000087f00000, 0x0000000088000000, 0x0000000088000000|100%| O|  |TAMS 0x0000000087f00000, 0x0000000087f00000| Untracked 
| 128|0x0000000088000000, 0x0000000088100000, 0x0000000088100000|100%| O|  |TAMS 0x0000000088100000, 0x0000000088000000| Untracked 
| 129|0x0000000088100000, 0x0000000088200000, 0x0000000088200000|100%| O|  |TAMS 0x0000000088200000, 0x0000000088100000| Untracked 
| 130|0x0000000088200000, 0x0000000088300000, 0x0000000088300000|100%| O|  |TAMS 0x0000000088300000, 0x0000000088200000| Untracked 
| 131|0x0000000088300000, 0x0000000088400000, 0x0000000088400000|100%| O|  |TAMS 0x0000000088400000, 0x0000000088300000| Untracked 
| 132|0x0000000088400000, 0x0000000088500000, 0x0000000088500000|100%| O|  |TAMS 0x0000000088500000, 0x0000000088400000| Untracked 
| 133|0x0000000088500000, 0x0000000088600000, 0x0000000088600000|100%| O|  |TAMS 0x0000000088600000, 0x0000000088500000| Untracked 
| 134|0x0000000088600000, 0x0000000088700000, 0x0000000088700000|100%|HS|  |TAMS 0x0000000088700000, 0x0000000088600000| Complete 
| 135|0x0000000088700000, 0x0000000088800000, 0x0000000088800000|100%|HC|  |TAMS 0x0000000088800000, 0x0000000088700000| Complete 
| 136|0x0000000088800000, 0x0000000088900000, 0x0000000088900000|100%|HC|  |TAMS 0x0000000088900000, 0x0000000088800000| Complete 
| 137|0x0000000088900000, 0x0000000088a00000, 0x0000000088a00000|100%|HS|  |TAMS 0x0000000088a00000, 0x0000000088900000| Complete 
| 138|0x0000000088a00000, 0x0000000088b00000, 0x0000000088b00000|100%|HC|  |TAMS 0x0000000088b00000, 0x0000000088a00000| Complete 
| 139|0x0000000088b00000, 0x0000000088c00000, 0x0000000088c00000|100%| O|  |TAMS 0x0000000088c00000, 0x0000000088b00000| Untracked 
| 140|0x0000000088c00000, 0x0000000088c00000, 0x0000000088d00000|  0%| F|  |TAMS 0x0000000088c00000, 0x0000000088c00000| Untracked 
| 141|0x0000000088d00000, 0x0000000088e00000, 0x0000000088e00000|100%| O|  |TAMS 0x0000000088e00000, 0x0000000088d00000| Untracked 
| 142|0x0000000088e00000, 0x0000000088f00000, 0x0000000088f00000|100%| O|  |TAMS 0x0000000088f00000, 0x0000000088e00000| Untracked 
| 143|0x0000000088f00000, 0x0000000089000000, 0x0000000089000000|100%| O|  |TAMS 0x0000000089000000, 0x0000000088f00000| Untracked 
| 144|0x0000000089000000, 0x0000000089100000, 0x0000000089100000|100%| O|  |TAMS 0x0000000089100000, 0x0000000089000000| Untracked 
| 145|0x0000000089100000, 0x0000000089200000, 0x0000000089200000|100%| O|  |TAMS 0x0000000089200000, 0x0000000089100000| Untracked 
| 146|0x0000000089200000, 0x0000000089300000, 0x0000000089300000|100%| O|  |TAMS 0x0000000089300000, 0x0000000089200000| Untracked 
| 147|0x0000000089300000, 0x0000000089400000, 0x0000000089400000|100%| O|  |TAMS 0x0000000089400000, 0x0000000089300000| Untracked 
| 148|0x0000000089400000, 0x0000000089500000, 0x0000000089500000|100%| O|  |TAMS 0x0000000089500000, 0x0000000089400000| Untracked 
| 149|0x0000000089500000, 0x0000000089600000, 0x0000000089600000|100%| O|  |TAMS 0x0000000089600000, 0x0000000089500000| Untracked 
| 150|0x0000000089600000, 0x0000000089700000, 0x0000000089700000|100%| O|  |TAMS 0x0000000089700000, 0x0000000089600000| Untracked 
| 151|0x0000000089700000, 0x0000000089800000, 0x0000000089800000|100%| O|  |TAMS 0x0000000089700000, 0x0000000089700000| Untracked 
| 152|0x0000000089800000, 0x0000000089900000, 0x0000000089900000|100%| O|  |TAMS 0x0000000089900000, 0x0000000089800000| Untracked 
| 153|0x0000000089900000, 0x0000000089a00000, 0x0000000089a00000|100%| O|  |TAMS 0x0000000089a00000, 0x0000000089900000| Untracked 
| 154|0x0000000089a00000, 0x0000000089b00000, 0x0000000089b00000|100%| O|  |TAMS 0x0000000089b00000, 0x0000000089a00000| Untracked 
| 155|0x0000000089b00000, 0x0000000089b00000, 0x0000000089c00000|  0%| F|  |TAMS 0x0000000089b00000, 0x0000000089b00000| Untracked 
| 156|0x0000000089c00000, 0x0000000089d00000, 0x0000000089d00000|100%| O|  |TAMS 0x0000000089d00000, 0x0000000089c00000| Untracked 
| 157|0x0000000089d00000, 0x0000000089e00000, 0x0000000089e00000|100%| O|  |TAMS 0x0000000089e00000, 0x0000000089d00000| Untracked 
| 158|0x0000000089e00000, 0x0000000089f00000, 0x0000000089f00000|100%| O|  |TAMS 0x0000000089f00000, 0x0000000089e00000| Untracked 
| 159|0x0000000089f00000, 0x000000008a000000, 0x000000008a000000|100%| O|  |TAMS 0x000000008a000000, 0x0000000089f00000| Untracked 
| 160|0x000000008a000000, 0x000000008a100000, 0x000000008a100000|100%| O|  |TAMS 0x000000008a100000, 0x000000008a000000| Untracked 
| 161|0x000000008a100000, 0x000000008a200000, 0x000000008a200000|100%| O|  |TAMS 0x000000008a200000, 0x000000008a100000| Untracked 
| 162|0x000000008a200000, 0x000000008a300000, 0x000000008a300000|100%| O|  |TAMS 0x000000008a300000, 0x000000008a200000| Untracked 
| 163|0x000000008a300000, 0x000000008a400000, 0x000000008a400000|100%|HS|  |TAMS 0x000000008a400000, 0x000000008a300000| Complete 
| 164|0x000000008a400000, 0x000000008a500000, 0x000000008a500000|100%|HS|  |TAMS 0x000000008a500000, 0x000000008a400000| Complete 
| 165|0x000000008a500000, 0x000000008a600000, 0x000000008a600000|100%|HS|  |TAMS 0x000000008a600000, 0x000000008a500000| Complete 
| 166|0x000000008a600000, 0x000000008a700000, 0x000000008a700000|100%|HC|  |TAMS 0x000000008a700000, 0x000000008a600000| Complete 
| 167|0x000000008a700000, 0x000000008a700000, 0x000000008a800000|  0%| F|  |TAMS 0x000000008a700000, 0x000000008a700000| Untracked 
| 168|0x000000008a800000, 0x000000008a900000, 0x000000008a900000|100%| O|  |TAMS 0x000000008a800000, 0x000000008a800000| Untracked 
| 169|0x000000008a900000, 0x000000008aa00000, 0x000000008aa00000|100%| O|  |TAMS 0x000000008aa00000, 0x000000008a900000| Untracked 
| 170|0x000000008aa00000, 0x000000008ab00000, 0x000000008ab00000|100%| O|  |TAMS 0x000000008ab00000, 0x000000008aa00000| Untracked 
| 171|0x000000008ab00000, 0x000000008ac00000, 0x000000008ac00000|100%| O|  |TAMS 0x000000008ac00000, 0x000000008ab00000| Untracked 
| 172|0x000000008ac00000, 0x000000008ad00000, 0x000000008ad00000|100%| O|  |TAMS 0x000000008ad00000, 0x000000008ac00000| Untracked 
| 173|0x000000008ad00000, 0x000000008ae00000, 0x000000008ae00000|100%| O|  |TAMS 0x000000008ae00000, 0x000000008ad00000| Untracked 
| 174|0x000000008ae00000, 0x000000008af00000, 0x000000008af00000|100%| O|  |TAMS 0x000000008af00000, 0x000000008ae00000| Untracked 
| 175|0x000000008af00000, 0x000000008b000000, 0x000000008b000000|100%| O|  |TAMS 0x000000008b000000, 0x000000008af00000| Untracked 
| 176|0x000000008b000000, 0x000000008b100000, 0x000000008b100000|100%| O|  |TAMS 0x000000008b100000, 0x000000008b000000| Untracked 
| 177|0x000000008b100000, 0x000000008b200000, 0x000000008b200000|100%| O|  |TAMS 0x000000008b200000, 0x000000008b100000| Untracked 
| 178|0x000000008b200000, 0x000000008b300000, 0x000000008b300000|100%| O|  |TAMS 0x000000008b300000, 0x000000008b200000| Untracked 
| 179|0x000000008b300000, 0x000000008b400000, 0x000000008b400000|100%| O|  |TAMS 0x000000008b400000, 0x000000008b300000| Untracked 
| 180|0x000000008b400000, 0x000000008b500000, 0x000000008b500000|100%| O|  |TAMS 0x000000008b500000, 0x000000008b400000| Untracked 
| 181|0x000000008b500000, 0x000000008b600000, 0x000000008b600000|100%| O|  |TAMS 0x000000008b600000, 0x000000008b500000| Untracked 
| 182|0x000000008b600000, 0x000000008b700000, 0x000000008b700000|100%| O|  |TAMS 0x000000008b700000, 0x000000008b600000| Untracked 
| 183|0x000000008b700000, 0x000000008b800000, 0x000000008b800000|100%| O|  |TAMS 0x000000008b800000, 0x000000008b700000| Untracked 
| 184|0x000000008b800000, 0x000000008b900000, 0x000000008b900000|100%| O|  |TAMS 0x000000008b900000, 0x000000008b800000| Untracked 
| 185|0x000000008b900000, 0x000000008ba00000, 0x000000008ba00000|100%| O|  |TAMS 0x000000008ba00000, 0x000000008b900000| Untracked 
| 186|0x000000008ba00000, 0x000000008bb00000, 0x000000008bb00000|100%| O|  |TAMS 0x000000008bb00000, 0x000000008ba00000| Untracked 
| 187|0x000000008bb00000, 0x000000008bc00000, 0x000000008bc00000|100%| O|  |TAMS 0x000000008bc00000, 0x000000008bb00000| Untracked 
| 188|0x000000008bc00000, 0x000000008bd00000, 0x000000008bd00000|100%| O|  |TAMS 0x000000008bd00000, 0x000000008bc00000| Untracked 
| 189|0x000000008bd00000, 0x000000008be00000, 0x000000008be00000|100%| O|  |TAMS 0x000000008be00000, 0x000000008bd00000| Untracked 
| 190|0x000000008be00000, 0x000000008bf00000, 0x000000008bf00000|100%| O|  |TAMS 0x000000008bea6200, 0x000000008be00000| Untracked 
| 191|0x000000008bf00000, 0x000000008c000000, 0x000000008c000000|100%| O|  |TAMS 0x000000008bf00000, 0x000000008bf00000| Untracked 
| 192|0x000000008c000000, 0x000000008c100000, 0x000000008c100000|100%| O|  |TAMS 0x000000008c000000, 0x000000008c000000| Untracked 
| 193|0x000000008c100000, 0x000000008c200000, 0x000000008c200000|100%| O|  |TAMS 0x000000008c100000, 0x000000008c100000| Untracked 
| 194|0x000000008c200000, 0x000000008c300000, 0x000000008c300000|100%| O|  |TAMS 0x000000008c200000, 0x000000008c200000| Untracked 
| 195|0x000000008c300000, 0x000000008c400000, 0x000000008c400000|100%| O|  |TAMS 0x000000008c300000, 0x000000008c300000| Untracked 
| 196|0x000000008c400000, 0x000000008c418000, 0x000000008c500000|  9%| O|  |TAMS 0x000000008c400000, 0x000000008c400000| Untracked 
| 197|0x000000008c500000, 0x000000008c500000, 0x000000008c600000|  0%| F|  |TAMS 0x000000008c500000, 0x000000008c500000| Untracked 
| 198|0x000000008c600000, 0x000000008c600000, 0x000000008c700000|  0%| F|  |TAMS 0x000000008c600000, 0x000000008c600000| Untracked 
| 199|0x000000008c700000, 0x000000008c700000, 0x000000008c800000|  0%| F|  |TAMS 0x000000008c700000, 0x000000008c700000| Untracked 
| 200|0x000000008c800000, 0x000000008c800000, 0x000000008c900000|  0%| F|  |TAMS 0x000000008c800000, 0x000000008c800000| Untracked 
| 201|0x000000008c900000, 0x000000008c900000, 0x000000008ca00000|  0%| F|  |TAMS 0x000000008c900000, 0x000000008c900000| Untracked 
| 202|0x000000008ca00000, 0x000000008ca00000, 0x000000008cb00000|  0%| F|  |TAMS 0x000000008ca00000, 0x000000008ca00000| Untracked 
| 203|0x000000008cb00000, 0x000000008cb00000, 0x000000008cc00000|  0%| F|  |TAMS 0x000000008cb00000, 0x000000008cb00000| Untracked 
| 204|0x000000008cc00000, 0x000000008cc00000, 0x000000008cd00000|  0%| F|  |TAMS 0x000000008cc00000, 0x000000008cc00000| Untracked 
| 205|0x000000008cd00000, 0x000000008cd00000, 0x000000008ce00000|  0%| F|  |TAMS 0x000000008cd00000, 0x000000008cd00000| Untracked 
| 206|0x000000008ce00000, 0x000000008ce00000, 0x000000008cf00000|  0%| F|  |TAMS 0x000000008ce00000, 0x000000008ce00000| Untracked 
| 207|0x000000008cf00000, 0x000000008cf00000, 0x000000008d000000|  0%| F|  |TAMS 0x000000008cf00000, 0x000000008cf00000| Untracked 
| 208|0x000000008d000000, 0x000000008d000000, 0x000000008d100000|  0%| F|  |TAMS 0x000000008d000000, 0x000000008d000000| Untracked 
| 209|0x000000008d100000, 0x000000008d100000, 0x000000008d200000|  0%| F|  |TAMS 0x000000008d100000, 0x000000008d100000| Untracked 
| 210|0x000000008d200000, 0x000000008d200000, 0x000000008d300000|  0%| F|  |TAMS 0x000000008d200000, 0x000000008d200000| Untracked 
| 211|0x000000008d300000, 0x000000008d300000, 0x000000008d400000|  0%| F|  |TAMS 0x000000008d300000, 0x000000008d300000| Untracked 
| 212|0x000000008d400000, 0x000000008d400000, 0x000000008d500000|  0%| F|  |TAMS 0x000000008d400000, 0x000000008d400000| Untracked 
| 213|0x000000008d500000, 0x000000008d500000, 0x000000008d600000|  0%| F|  |TAMS 0x000000008d500000, 0x000000008d500000| Untracked 
| 214|0x000000008d600000, 0x000000008d600000, 0x000000008d700000|  0%| F|  |TAMS 0x000000008d600000, 0x000000008d600000| Untracked 
| 215|0x000000008d700000, 0x000000008d700000, 0x000000008d800000|  0%| F|  |TAMS 0x000000008d700000, 0x000000008d700000| Untracked 
| 216|0x000000008d800000, 0x000000008d800000, 0x000000008d900000|  0%| F|  |TAMS 0x000000008d800000, 0x000000008d800000| Untracked 
| 217|0x000000008d900000, 0x000000008d900000, 0x000000008da00000|  0%| F|  |TAMS 0x000000008d900000, 0x000000008d900000| Untracked 
| 218|0x000000008da00000, 0x000000008da00000, 0x000000008db00000|  0%| F|  |TAMS 0x000000008da00000, 0x000000008da00000| Untracked 
| 219|0x000000008db00000, 0x000000008db00000, 0x000000008dc00000|  0%| F|  |TAMS 0x000000008db00000, 0x000000008db00000| Untracked 
| 220|0x000000008dc00000, 0x000000008dc00000, 0x000000008dd00000|  0%| F|  |TAMS 0x000000008dc00000, 0x000000008dc00000| Untracked 
| 221|0x000000008dd00000, 0x000000008dd00000, 0x000000008de00000|  0%| F|  |TAMS 0x000000008dd00000, 0x000000008dd00000| Untracked 
| 222|0x000000008de00000, 0x000000008de00000, 0x000000008df00000|  0%| F|  |TAMS 0x000000008de00000, 0x000000008de00000| Untracked 
| 223|0x000000008df00000, 0x000000008df00000, 0x000000008e000000|  0%| F|  |TAMS 0x000000008df00000, 0x000000008df00000| Untracked 
| 224|0x000000008e000000, 0x000000008e000000, 0x000000008e100000|  0%| F|  |TAMS 0x000000008e000000, 0x000000008e000000| Untracked 
| 225|0x000000008e100000, 0x000000008e100000, 0x000000008e200000|  0%| F|  |TAMS 0x000000008e100000, 0x000000008e100000| Untracked 
| 226|0x000000008e200000, 0x000000008e200000, 0x000000008e300000|  0%| F|  |TAMS 0x000000008e200000, 0x000000008e200000| Untracked 
| 227|0x000000008e300000, 0x000000008e300000, 0x000000008e400000|  0%| F|  |TAMS 0x000000008e300000, 0x000000008e300000| Untracked 
| 228|0x000000008e400000, 0x000000008e400000, 0x000000008e500000|  0%| F|  |TAMS 0x000000008e400000, 0x000000008e400000| Untracked 
| 229|0x000000008e500000, 0x000000008e500000, 0x000000008e600000|  0%| F|  |TAMS 0x000000008e500000, 0x000000008e500000| Untracked 
| 230|0x000000008e600000, 0x000000008e600000, 0x000000008e700000|  0%| F|  |TAMS 0x000000008e600000, 0x000000008e600000| Untracked 
| 231|0x000000008e700000, 0x000000008e700000, 0x000000008e800000|  0%| F|  |TAMS 0x000000008e700000, 0x000000008e700000| Untracked 
| 232|0x000000008e800000, 0x000000008e800000, 0x000000008e900000|  0%| F|  |TAMS 0x000000008e800000, 0x000000008e800000| Untracked 
| 233|0x000000008e900000, 0x000000008e900000, 0x000000008ea00000|  0%| F|  |TAMS 0x000000008e900000, 0x000000008e900000| Untracked 
| 234|0x000000008ea00000, 0x000000008ea00000, 0x000000008eb00000|  0%| F|  |TAMS 0x000000008ea00000, 0x000000008ea00000| Untracked 
| 235|0x000000008eb00000, 0x000000008eb00000, 0x000000008ec00000|  0%| F|  |TAMS 0x000000008eb00000, 0x000000008eb00000| Untracked 
| 236|0x000000008ec00000, 0x000000008ec00000, 0x000000008ed00000|  0%| F|  |TAMS 0x000000008ec00000, 0x000000008ec00000| Untracked 
| 237|0x000000008ed00000, 0x000000008ed00000, 0x000000008ee00000|  0%| F|  |TAMS 0x000000008ed00000, 0x000000008ed00000| Untracked 
| 238|0x000000008ee00000, 0x000000008ee00000, 0x000000008ef00000|  0%| F|  |TAMS 0x000000008ee00000, 0x000000008ee00000| Untracked 
| 239|0x000000008ef00000, 0x000000008ef00000, 0x000000008f000000|  0%| F|  |TAMS 0x000000008ef00000, 0x000000008ef00000| Untracked 
| 240|0x000000008f000000, 0x000000008f000000, 0x000000008f100000|  0%| F|  |TAMS 0x000000008f000000, 0x000000008f000000| Untracked 
| 241|0x000000008f100000, 0x000000008f100000, 0x000000008f200000|  0%| F|  |TAMS 0x000000008f100000, 0x000000008f100000| Untracked 
| 242|0x000000008f200000, 0x000000008f200000, 0x000000008f300000|  0%| F|  |TAMS 0x000000008f200000, 0x000000008f200000| Untracked 
| 243|0x000000008f300000, 0x000000008f300000, 0x000000008f400000|  0%| F|  |TAMS 0x000000008f300000, 0x000000008f300000| Untracked 
| 244|0x000000008f400000, 0x000000008f400000, 0x000000008f500000|  0%| F|  |TAMS 0x000000008f400000, 0x000000008f400000| Untracked 
| 245|0x000000008f500000, 0x000000008f500000, 0x000000008f600000|  0%| F|  |TAMS 0x000000008f500000, 0x000000008f500000| Untracked 
| 246|0x000000008f600000, 0x000000008f600000, 0x000000008f700000|  0%| F|  |TAMS 0x000000008f600000, 0x000000008f600000| Untracked 
| 247|0x000000008f700000, 0x000000008f700000, 0x000000008f800000|  0%| F|  |TAMS 0x000000008f700000, 0x000000008f700000| Untracked 
| 248|0x000000008f800000, 0x000000008f800000, 0x000000008f900000|  0%| F|  |TAMS 0x000000008f800000, 0x000000008f800000| Untracked 
| 249|0x000000008f900000, 0x000000008f900000, 0x000000008fa00000|  0%| F|  |TAMS 0x000000008f900000, 0x000000008f900000| Untracked 
| 250|0x000000008fa00000, 0x000000008fa00000, 0x000000008fb00000|  0%| F|  |TAMS 0x000000008fa00000, 0x000000008fa00000| Untracked 
| 251|0x000000008fb00000, 0x000000008fb00000, 0x000000008fc00000|  0%| F|  |TAMS 0x000000008fb00000, 0x000000008fb00000| Untracked 
| 252|0x000000008fc00000, 0x000000008fc00000, 0x000000008fd00000|  0%| F|  |TAMS 0x000000008fc00000, 0x000000008fc00000| Untracked 
| 253|0x000000008fd00000, 0x000000008fd00000, 0x000000008fe00000|  0%| F|  |TAMS 0x000000008fd00000, 0x000000008fd00000| Untracked 
| 254|0x000000008fe00000, 0x000000008fe00000, 0x000000008ff00000|  0%| F|  |TAMS 0x000000008fe00000, 0x000000008fe00000| Untracked 
| 255|0x000000008ff00000, 0x000000008ff00000, 0x0000000090000000|  0%| F|  |TAMS 0x000000008ff00000, 0x000000008ff00000| Untracked 
| 256|0x0000000090000000, 0x0000000090000000, 0x0000000090100000|  0%| F|  |TAMS 0x0000000090000000, 0x0000000090000000| Untracked 
| 257|0x0000000090100000, 0x0000000090100000, 0x0000000090200000|  0%| F|  |TAMS 0x0000000090100000, 0x0000000090100000| Untracked 
| 258|0x0000000090200000, 0x0000000090200000, 0x0000000090300000|  0%| F|  |TAMS 0x0000000090200000, 0x0000000090200000| Untracked 
| 259|0x0000000090300000, 0x0000000090300000, 0x0000000090400000|  0%| F|  |TAMS 0x0000000090300000, 0x0000000090300000| Untracked 
| 260|0x0000000090400000, 0x0000000090400000, 0x0000000090500000|  0%| F|  |TAMS 0x0000000090400000, 0x0000000090400000| Untracked 
| 261|0x0000000090500000, 0x0000000090500000, 0x0000000090600000|  0%| F|  |TAMS 0x0000000090500000, 0x0000000090500000| Untracked 
| 262|0x0000000090600000, 0x0000000090600000, 0x0000000090700000|  0%| F|  |TAMS 0x0000000090600000, 0x0000000090600000| Untracked 
| 263|0x0000000090700000, 0x0000000090700000, 0x0000000090800000|  0%| F|  |TAMS 0x0000000090700000, 0x0000000090700000| Untracked 
| 264|0x0000000090800000, 0x0000000090800000, 0x0000000090900000|  0%| F|  |TAMS 0x0000000090800000, 0x0000000090800000| Untracked 
| 265|0x0000000090900000, 0x0000000090900000, 0x0000000090a00000|  0%| F|  |TAMS 0x0000000090900000, 0x0000000090900000| Untracked 
| 266|0x0000000090a00000, 0x0000000090a00000, 0x0000000090b00000|  0%| F|  |TAMS 0x0000000090a00000, 0x0000000090a00000| Untracked 
| 267|0x0000000090b00000, 0x0000000090b00000, 0x0000000090c00000|  0%| F|  |TAMS 0x0000000090b00000, 0x0000000090b00000| Untracked 
| 268|0x0000000090c00000, 0x0000000090c00000, 0x0000000090d00000|  0%| F|  |TAMS 0x0000000090c00000, 0x0000000090c00000| Untracked 
| 269|0x0000000090d00000, 0x0000000090d00000, 0x0000000090e00000|  0%| F|  |TAMS 0x0000000090d00000, 0x0000000090d00000| Untracked 
| 270|0x0000000090e00000, 0x0000000090e00000, 0x0000000090f00000|  0%| F|  |TAMS 0x0000000090e00000, 0x0000000090e00000| Untracked 
| 271|0x0000000090f00000, 0x0000000090f00000, 0x0000000091000000|  0%| F|  |TAMS 0x0000000090f00000, 0x0000000090f00000| Untracked 
| 272|0x0000000091000000, 0x0000000091000000, 0x0000000091100000|  0%| F|  |TAMS 0x0000000091000000, 0x0000000091000000| Untracked 
| 273|0x0000000091100000, 0x0000000091100000, 0x0000000091200000|  0%| F|  |TAMS 0x0000000091100000, 0x0000000091100000| Untracked 
| 274|0x0000000091200000, 0x0000000091200000, 0x0000000091300000|  0%| F|  |TAMS 0x0000000091200000, 0x0000000091200000| Untracked 
| 275|0x0000000091300000, 0x0000000091300000, 0x0000000091400000|  0%| F|  |TAMS 0x0000000091300000, 0x0000000091300000| Untracked 
| 276|0x0000000091400000, 0x0000000091400000, 0x0000000091500000|  0%| F|  |TAMS 0x0000000091400000, 0x0000000091400000| Untracked 
| 277|0x0000000091500000, 0x0000000091500000, 0x0000000091600000|  0%| F|  |TAMS 0x0000000091500000, 0x0000000091500000| Untracked 
| 278|0x0000000091600000, 0x0000000091600000, 0x0000000091700000|  0%| F|  |TAMS 0x0000000091600000, 0x0000000091600000| Untracked 
| 279|0x0000000091700000, 0x0000000091700000, 0x0000000091800000|  0%| F|  |TAMS 0x0000000091700000, 0x0000000091700000| Untracked 
| 280|0x0000000091800000, 0x0000000091800000, 0x0000000091900000|  0%| F|  |TAMS 0x0000000091800000, 0x0000000091800000| Untracked 
| 281|0x0000000091900000, 0x0000000091900000, 0x0000000091a00000|  0%| F|  |TAMS 0x0000000091900000, 0x0000000091900000| Untracked 
| 282|0x0000000091a00000, 0x0000000091a00000, 0x0000000091b00000|  0%| F|  |TAMS 0x0000000091a00000, 0x0000000091a00000| Untracked 
| 283|0x0000000091b00000, 0x0000000091b00000, 0x0000000091c00000|  0%| F|  |TAMS 0x0000000091b00000, 0x0000000091b00000| Untracked 
| 284|0x0000000091c00000, 0x0000000091c00000, 0x0000000091d00000|  0%| F|  |TAMS 0x0000000091c00000, 0x0000000091c00000| Untracked 
| 285|0x0000000091d00000, 0x0000000091d00000, 0x0000000091e00000|  0%| F|  |TAMS 0x0000000091d00000, 0x0000000091d00000| Untracked 
| 286|0x0000000091e00000, 0x0000000091e00000, 0x0000000091f00000|  0%| F|  |TAMS 0x0000000091e00000, 0x0000000091e00000| Untracked 
| 287|0x0000000091f00000, 0x0000000091f00000, 0x0000000092000000|  0%| F|  |TAMS 0x0000000091f00000, 0x0000000091f00000| Untracked 
| 288|0x0000000092000000, 0x0000000092000000, 0x0000000092100000|  0%| F|  |TAMS 0x0000000092000000, 0x0000000092000000| Untracked 
| 289|0x0000000092100000, 0x0000000092100000, 0x0000000092200000|  0%| F|  |TAMS 0x0000000092100000, 0x0000000092100000| Untracked 
| 290|0x0000000092200000, 0x0000000092200000, 0x0000000092300000|  0%| F|  |TAMS 0x0000000092200000, 0x0000000092200000| Untracked 
| 291|0x0000000092300000, 0x0000000092300000, 0x0000000092400000|  0%| F|  |TAMS 0x0000000092300000, 0x0000000092300000| Untracked 
| 292|0x0000000092400000, 0x0000000092400000, 0x0000000092500000|  0%| F|  |TAMS 0x0000000092400000, 0x0000000092400000| Untracked 
| 293|0x0000000092500000, 0x00000000925d9650, 0x0000000092600000| 84%| E|  |TAMS 0x0000000092500000, 0x0000000092500000| Complete 
| 294|0x0000000092600000, 0x0000000092700000, 0x0000000092700000|100%| E|CS|TAMS 0x0000000092600000, 0x0000000092600000| Complete 
| 295|0x0000000092700000, 0x0000000092800000, 0x0000000092800000|100%| E|CS|TAMS 0x0000000092700000, 0x0000000092700000| Complete 
| 296|0x0000000092800000, 0x0000000092900000, 0x0000000092900000|100%| E|CS|TAMS 0x0000000092800000, 0x0000000092800000| Complete 
| 297|0x0000000092900000, 0x0000000092a00000, 0x0000000092a00000|100%| E|CS|TAMS 0x0000000092900000, 0x0000000092900000| Complete 
| 298|0x0000000092a00000, 0x0000000092b00000, 0x0000000092b00000|100%| E|CS|TAMS 0x0000000092a00000, 0x0000000092a00000| Complete 
| 299|0x0000000092b00000, 0x0000000092c00000, 0x0000000092c00000|100%| E|CS|TAMS 0x0000000092b00000, 0x0000000092b00000| Complete 
| 300|0x0000000092c00000, 0x0000000092d00000, 0x0000000092d00000|100%| E|CS|TAMS 0x0000000092c00000, 0x0000000092c00000| Complete 
| 301|0x0000000092d00000, 0x0000000092e00000, 0x0000000092e00000|100%| E|CS|TAMS 0x0000000092d00000, 0x0000000092d00000| Complete 
| 302|0x0000000092e00000, 0x0000000092f00000, 0x0000000092f00000|100%| E|CS|TAMS 0x0000000092e00000, 0x0000000092e00000| Complete 
| 303|0x0000000092f00000, 0x0000000093000000, 0x0000000093000000|100%| E|CS|TAMS 0x0000000092f00000, 0x0000000092f00000| Complete 
| 304|0x0000000093000000, 0x0000000093100000, 0x0000000093100000|100%| E|  |TAMS 0x0000000093000000, 0x0000000093000000| Complete 
| 305|0x0000000093100000, 0x0000000093200000, 0x0000000093200000|100%| E|CS|TAMS 0x0000000093100000, 0x0000000093100000| Complete 
| 306|0x0000000093200000, 0x0000000093300000, 0x0000000093300000|100%| E|CS|TAMS 0x0000000093200000, 0x0000000093200000| Complete 
| 307|0x0000000093300000, 0x0000000093400000, 0x0000000093400000|100%| E|CS|TAMS 0x0000000093300000, 0x0000000093300000| Complete 
| 308|0x0000000093400000, 0x0000000093500000, 0x0000000093500000|100%| E|CS|TAMS 0x0000000093400000, 0x0000000093400000| Complete 
| 309|0x0000000093500000, 0x0000000093600000, 0x0000000093600000|100%| E|CS|TAMS 0x0000000093500000, 0x0000000093500000| Complete 
| 310|0x0000000093600000, 0x0000000093700000, 0x0000000093700000|100%| E|CS|TAMS 0x0000000093600000, 0x0000000093600000| Complete 
| 311|0x0000000093700000, 0x0000000093800000, 0x0000000093800000|100%| E|CS|TAMS 0x0000000093700000, 0x0000000093700000| Complete 
| 312|0x0000000093800000, 0x0000000093900000, 0x0000000093900000|100%| E|CS|TAMS 0x0000000093800000, 0x0000000093800000| Complete 
| 313|0x0000000093900000, 0x0000000093a00000, 0x0000000093a00000|100%| E|CS|TAMS 0x0000000093900000, 0x0000000093900000| Complete 
| 314|0x0000000093a00000, 0x0000000093b00000, 0x0000000093b00000|100%| E|CS|TAMS 0x0000000093a00000, 0x0000000093a00000| Complete 
| 315|0x0000000093b00000, 0x0000000093c00000, 0x0000000093c00000|100%| E|CS|TAMS 0x0000000093b00000, 0x0000000093b00000| Complete 
| 316|0x0000000093c00000, 0x0000000093d00000, 0x0000000093d00000|100%| E|CS|TAMS 0x0000000093c00000, 0x0000000093c00000| Complete 
| 317|0x0000000093d00000, 0x0000000093e00000, 0x0000000093e00000|100%| E|CS|TAMS 0x0000000093d00000, 0x0000000093d00000| Complete 
| 318|0x0000000093e00000, 0x0000000093f00000, 0x0000000093f00000|100%| E|CS|TAMS 0x0000000093e00000, 0x0000000093e00000| Complete 
| 319|0x0000000093f00000, 0x0000000094000000, 0x0000000094000000|100%| E|CS|TAMS 0x0000000093f00000, 0x0000000093f00000| Complete 
| 320|0x0000000094000000, 0x0000000094100000, 0x0000000094100000|100%| E|CS|TAMS 0x0000000094000000, 0x0000000094000000| Complete 
| 321|0x0000000094100000, 0x0000000094200000, 0x0000000094200000|100%| E|CS|TAMS 0x0000000094100000, 0x0000000094100000| Complete 
| 322|0x0000000094200000, 0x0000000094300000, 0x0000000094300000|100%| E|CS|TAMS 0x0000000094200000, 0x0000000094200000| Complete 
| 323|0x0000000094300000, 0x0000000094400000, 0x0000000094400000|100%| E|CS|TAMS 0x0000000094300000, 0x0000000094300000| Complete 
| 324|0x0000000094400000, 0x0000000094500000, 0x0000000094500000|100%| E|CS|TAMS 0x0000000094400000, 0x0000000094400000| Complete 
| 325|0x0000000094500000, 0x0000000094600000, 0x0000000094600000|100%| E|CS|TAMS 0x0000000094500000, 0x0000000094500000| Complete 
| 326|0x0000000094600000, 0x0000000094700000, 0x0000000094700000|100%| E|CS|TAMS 0x0000000094600000, 0x0000000094600000| Complete 
| 327|0x0000000094700000, 0x0000000094800000, 0x0000000094800000|100%| E|CS|TAMS 0x0000000094700000, 0x0000000094700000| Complete 
| 328|0x0000000094800000, 0x0000000094900000, 0x0000000094900000|100%| E|CS|TAMS 0x0000000094800000, 0x0000000094800000| Complete 
| 329|0x0000000094900000, 0x0000000094a00000, 0x0000000094a00000|100%| E|CS|TAMS 0x0000000094900000, 0x0000000094900000| Complete 
| 330|0x0000000094a00000, 0x0000000094b00000, 0x0000000094b00000|100%| E|CS|TAMS 0x0000000094a00000, 0x0000000094a00000| Complete 
| 331|0x0000000094b00000, 0x0000000094c00000, 0x0000000094c00000|100%| E|CS|TAMS 0x0000000094b00000, 0x0000000094b00000| Complete 
| 332|0x0000000094c00000, 0x0000000094d00000, 0x0000000094d00000|100%| E|CS|TAMS 0x0000000094c00000, 0x0000000094c00000| Complete 
| 333|0x0000000094d00000, 0x0000000094e00000, 0x0000000094e00000|100%| E|CS|TAMS 0x0000000094d00000, 0x0000000094d00000| Complete 
| 334|0x0000000094e00000, 0x0000000094f00000, 0x0000000094f00000|100%| E|CS|TAMS 0x0000000094e00000, 0x0000000094e00000| Complete 
| 335|0x0000000094f00000, 0x0000000095000000, 0x0000000095000000|100%| E|CS|TAMS 0x0000000094f00000, 0x0000000094f00000| Complete 
| 336|0x0000000095000000, 0x0000000095100000, 0x0000000095100000|100%| E|CS|TAMS 0x0000000095000000, 0x0000000095000000| Complete 
| 337|0x0000000095100000, 0x0000000095200000, 0x0000000095200000|100%| E|CS|TAMS 0x0000000095100000, 0x0000000095100000| Complete 
| 338|0x0000000095200000, 0x0000000095300000, 0x0000000095300000|100%| E|CS|TAMS 0x0000000095200000, 0x0000000095200000| Complete 
| 339|0x0000000095300000, 0x0000000095400000, 0x0000000095400000|100%| E|CS|TAMS 0x0000000095300000, 0x0000000095300000| Complete 
| 340|0x0000000095400000, 0x0000000095500000, 0x0000000095500000|100%| E|CS|TAMS 0x0000000095400000, 0x0000000095400000| Complete 
| 341|0x0000000095500000, 0x0000000095600000, 0x0000000095600000|100%| E|CS|TAMS 0x0000000095500000, 0x0000000095500000| Complete 
| 342|0x0000000095600000, 0x0000000095700000, 0x0000000095700000|100%| E|CS|TAMS 0x0000000095600000, 0x0000000095600000| Complete 
| 343|0x0000000095700000, 0x0000000095800000, 0x0000000095800000|100%| E|CS|TAMS 0x0000000095700000, 0x0000000095700000| Complete 
| 344|0x0000000095800000, 0x0000000095900000, 0x0000000095900000|100%| E|CS|TAMS 0x0000000095800000, 0x0000000095800000| Complete 
| 345|0x0000000095900000, 0x0000000095a00000, 0x0000000095a00000|100%| E|CS|TAMS 0x0000000095900000, 0x0000000095900000| Complete 
| 346|0x0000000095a00000, 0x0000000095b00000, 0x0000000095b00000|100%| E|CS|TAMS 0x0000000095a00000, 0x0000000095a00000| Complete 
| 347|0x0000000095b00000, 0x0000000095c00000, 0x0000000095c00000|100%| E|CS|TAMS 0x0000000095b00000, 0x0000000095b00000| Complete 
| 348|0x0000000095c00000, 0x0000000095d00000, 0x0000000095d00000|100%| E|CS|TAMS 0x0000000095c00000, 0x0000000095c00000| Complete 
| 349|0x0000000095d00000, 0x0000000095e00000, 0x0000000095e00000|100%| E|CS|TAMS 0x0000000095d00000, 0x0000000095d00000| Complete 
| 350|0x0000000095e00000, 0x0000000095f00000, 0x0000000095f00000|100%| E|CS|TAMS 0x0000000095e00000, 0x0000000095e00000| Complete 
| 351|0x0000000095f00000, 0x0000000096000000, 0x0000000096000000|100%| E|CS|TAMS 0x0000000095f00000, 0x0000000095f00000| Complete 
| 352|0x0000000096000000, 0x0000000096100000, 0x0000000096100000|100%| E|CS|TAMS 0x0000000096000000, 0x0000000096000000| Complete 
| 353|0x0000000096100000, 0x0000000096200000, 0x0000000096200000|100%| E|CS|TAMS 0x0000000096100000, 0x0000000096100000| Complete 
| 354|0x0000000096200000, 0x0000000096300000, 0x0000000096300000|100%| E|CS|TAMS 0x0000000096200000, 0x0000000096200000| Complete 
| 355|0x0000000096300000, 0x0000000096400000, 0x0000000096400000|100%| E|CS|TAMS 0x0000000096300000, 0x0000000096300000| Complete 
| 356|0x0000000096400000, 0x0000000096500000, 0x0000000096500000|100%| E|CS|TAMS 0x0000000096400000, 0x0000000096400000| Complete 
| 357|0x0000000096500000, 0x0000000096600000, 0x0000000096600000|100%| E|CS|TAMS 0x0000000096500000, 0x0000000096500000| Complete 
| 358|0x0000000096600000, 0x0000000096700000, 0x0000000096700000|100%| E|CS|TAMS 0x0000000096600000, 0x0000000096600000| Complete 
| 359|0x0000000096700000, 0x0000000096800000, 0x0000000096800000|100%| E|CS|TAMS 0x0000000096700000, 0x0000000096700000| Complete 
| 360|0x0000000096800000, 0x0000000096900000, 0x0000000096900000|100%| E|CS|TAMS 0x0000000096800000, 0x0000000096800000| Complete 
| 361|0x0000000096900000, 0x0000000096a00000, 0x0000000096a00000|100%| E|CS|TAMS 0x0000000096900000, 0x0000000096900000| Complete 
| 362|0x0000000096a00000, 0x0000000096b00000, 0x0000000096b00000|100%| E|CS|TAMS 0x0000000096a00000, 0x0000000096a00000| Complete 
| 363|0x0000000096b00000, 0x0000000096c00000, 0x0000000096c00000|100%| E|CS|TAMS 0x0000000096b00000, 0x0000000096b00000| Complete 
| 364|0x0000000096c00000, 0x0000000096d00000, 0x0000000096d00000|100%| E|CS|TAMS 0x0000000096c00000, 0x0000000096c00000| Complete 
| 365|0x0000000096d00000, 0x0000000096e00000, 0x0000000096e00000|100%| E|CS|TAMS 0x0000000096d00000, 0x0000000096d00000| Complete 
| 366|0x0000000096e00000, 0x0000000096f00000, 0x0000000096f00000|100%| E|CS|TAMS 0x0000000096e00000, 0x0000000096e00000| Complete 
| 367|0x0000000096f00000, 0x0000000097000000, 0x0000000097000000|100%| E|CS|TAMS 0x0000000096f00000, 0x0000000096f00000| Complete 
| 368|0x0000000097000000, 0x0000000097100000, 0x0000000097100000|100%| E|CS|TAMS 0x0000000097000000, 0x0000000097000000| Complete 
| 369|0x0000000097100000, 0x0000000097200000, 0x0000000097200000|100%| E|CS|TAMS 0x0000000097100000, 0x0000000097100000| Complete 
| 370|0x0000000097200000, 0x0000000097300000, 0x0000000097300000|100%| E|CS|TAMS 0x0000000097200000, 0x0000000097200000| Complete 
| 371|0x0000000097300000, 0x0000000097400000, 0x0000000097400000|100%| E|CS|TAMS 0x0000000097300000, 0x0000000097300000| Complete 
| 372|0x0000000097400000, 0x0000000097500000, 0x0000000097500000|100%| E|CS|TAMS 0x0000000097400000, 0x0000000097400000| Complete 
| 373|0x0000000097500000, 0x0000000097600000, 0x0000000097600000|100%| E|CS|TAMS 0x0000000097500000, 0x0000000097500000| Complete 
| 374|0x0000000097600000, 0x0000000097700000, 0x0000000097700000|100%| E|CS|TAMS 0x0000000097600000, 0x0000000097600000| Complete 
| 375|0x0000000097700000, 0x0000000097800000, 0x0000000097800000|100%| E|CS|TAMS 0x0000000097700000, 0x0000000097700000| Complete 
| 376|0x0000000097800000, 0x0000000097900000, 0x0000000097900000|100%| E|CS|TAMS 0x0000000097800000, 0x0000000097800000| Complete 
| 377|0x0000000097900000, 0x0000000097a00000, 0x0000000097a00000|100%| E|CS|TAMS 0x0000000097900000, 0x0000000097900000| Complete 
| 378|0x0000000097a00000, 0x0000000097aa2810, 0x0000000097b00000| 63%| S|CS|TAMS 0x0000000097a00000, 0x0000000097a00000| Complete 
| 379|0x0000000097b00000, 0x0000000097c00000, 0x0000000097c00000|100%| S|CS|TAMS 0x0000000097b00000, 0x0000000097b00000| Complete 
| 380|0x0000000097c00000, 0x0000000097d00000, 0x0000000097d00000|100%| S|CS|TAMS 0x0000000097c00000, 0x0000000097c00000| Complete 
| 381|0x0000000097d00000, 0x0000000097e00000, 0x0000000097e00000|100%| E|CS|TAMS 0x0000000097d00000, 0x0000000097d00000| Complete 
| 382|0x0000000097e00000, 0x0000000097f00000, 0x0000000097f00000|100%| E|CS|TAMS 0x0000000097e00000, 0x0000000097e00000| Complete 
| 383|0x0000000097f00000, 0x0000000098000000, 0x0000000098000000|100%| E|CS|TAMS 0x0000000097f00000, 0x0000000097f00000| Complete 
| 384|0x0000000098000000, 0x0000000098100000, 0x0000000098100000|100%| E|CS|TAMS 0x0000000098000000, 0x0000000098000000| Complete 
| 385|0x0000000098100000, 0x0000000098200000, 0x0000000098200000|100%| E|CS|TAMS 0x0000000098100000, 0x0000000098100000| Complete 
| 386|0x0000000098200000, 0x0000000098300000, 0x0000000098300000|100%| E|CS|TAMS 0x0000000098200000, 0x0000000098200000| Complete 
| 387|0x0000000098300000, 0x0000000098400000, 0x0000000098400000|100%| E|CS|TAMS 0x0000000098300000, 0x0000000098300000| Complete 
| 388|0x0000000098400000, 0x0000000098500000, 0x0000000098500000|100%| E|CS|TAMS 0x0000000098400000, 0x0000000098400000| Complete 

Card table byte_map: [0x0000026acbaa0000,0x0000026acbea0000] _byte_map_base: 0x0000026acb6a0000

Marking Bits (Prev, Next): (CMBitMap*) 0x0000026ab4891fb0, (CMBitMap*) 0x0000026ab4891ff0
 Prev Bits: [0x0000026acc2a0000, 0x0000026ace2a0000)
 Next Bits: [0x0000026ace2a0000, 0x0000026ad02a0000)

Polling page: 0x0000026ab2a80000

Metaspace:

Usage:
  Non-class:     90.50 MB used.
      Class:     14.65 MB used.
       Both:    105.15 MB used.

Virtual space:
  Non-class space:      128.00 MB reserved,      91.25 MB ( 71%) committed,  2 nodes.
      Class space:      416.00 MB reserved,      15.25 MB (  4%) committed,  1 nodes.
             Both:      544.00 MB reserved,     106.50 MB ( 20%) committed. 

Chunk freelists:
   Non-Class:  4.02 MB
       Class:  768.00 KB
        Both:  4.77 MB

MaxMetaspaceSize: 512.00 MB
CompressedClassSpaceSize: 416.00 MB
Initial GC threshold: 21.00 MB
Current GC threshold: 177.00 MB
CDS: on
MetaspaceReclaimPolicy: balanced
 - commit_granule_bytes: 65536.
 - commit_granule_words: 8192.
 - virtual_space_node_default_size: 8388608.
 - enlarge_chunks_in_place: 1.
 - new_chunks_are_fully_committed: 0.
 - uncommit_free_chunks: 1.
 - use_allocation_guard: 0.
 - handle_deallocations: 1.


Internal statistics:

num_allocs_failed_limit: 15.
num_arena_births: 1840.
num_arena_deaths: 0.
num_vsnodes_births: 3.
num_vsnodes_deaths: 0.
num_space_committed: 1704.
num_space_uncommitted: 0.
num_chunks_returned_to_freelist: 15.
num_chunks_taken_from_freelist: 6994.
num_chunk_merges: 6.
num_chunk_splits: 4341.
num_chunks_enlarged: 2543.
num_inconsistent_stats: 0.

CodeHeap 'non-profiled nmethods': size=120000Kb used=10352Kb max_used=10352Kb free=109647Kb
 bounds [0x0000026ac3e20000, 0x0000026ac4840000, 0x0000026acb350000]
CodeHeap 'profiled nmethods': size=120000Kb used=27719Kb max_used=27719Kb free=92280Kb
 bounds [0x0000026abc350000, 0x0000026abde70000, 0x0000026ac3880000]
CodeHeap 'non-nmethods': size=5760Kb used=2454Kb max_used=2520Kb free=3305Kb
 bounds [0x0000026ac3880000, 0x0000026ac3b10000, 0x0000026ac3e20000]
 total_blobs=14839 nmethods=13850 adapters=900
 compilation: enabled
              stopped_count=0, restarted_count=0
 full_count=0

Compilation events (20 events):
Event: 114.991 Thread 0x0000026ad0485aa0 nmethod 16092 0x0000026abde50f10 code [0x0000026abde510a0, 0x0000026abde511b8]
Event: 114.992 Thread 0x0000026ad047a940 16093   !   4       java.lang.StringLatin1::replace (291 bytes)
Event: 115.006 Thread 0x0000026ad0485aa0 16094       1       org.gradle.internal.component.local.model.DefaultLocalVariantGraphResolveMetadata::getName (5 bytes)
Event: 115.006 Thread 0x0000026ad0485aa0 nmethod 16094 0x0000026ac4834b90 code [0x0000026ac4834d20, 0x0000026ac4834df8]
Event: 115.202 Thread 0x0000026ad047a940 nmethod 16093 0x0000026ac4834e90 code [0x0000026ac4835040, 0x0000026ac4835f78]
Event: 115.205 Thread 0x0000026ad0485aa0 16095       1       org.gradle.api.internal.attributes.matching.CachingAttributeSelectionSchema$MatchValueKey::access$100 (5 bytes)
Event: 115.206 Thread 0x0000026ad0485aa0 nmethod 16095 0x0000026ac4836610 code [0x0000026ac48367a0, 0x0000026ac4836858]
Event: 115.206 Thread 0x0000026ad0485aa0 16096       1       org.gradle.api.internal.attributes.matching.CachingAttributeSelectionSchema$MatchValueKey::access$200 (5 bytes)
Event: 115.207 Thread 0x0000026ad0485aa0 nmethod 16096 0x0000026ac4836910 code [0x0000026ac4836aa0, 0x0000026ac4836b58]
Event: 115.207 Thread 0x0000026ad0485aa0 16097       1       org.gradle.api.internal.attributes.matching.CachingAttributeSelectionSchema$MatchValueKey::access$300 (5 bytes)
Event: 115.208 Thread 0x0000026ad0485aa0 nmethod 16097 0x0000026ac4836c10 code [0x0000026ac4836da0, 0x0000026ac4836e58]
Event: 115.261 Thread 0x0000026ad047a940 16098       4       java.util.Spliterators$EmptySpliterator$OfRef::forEachRemaining (6 bytes)
Event: 115.265 Thread 0x0000026ad047a940 nmethod 16098 0x0000026ac4836f10 code [0x0000026ac4837080, 0x0000026ac4837118]
Event: 115.309 Thread 0x0000026ad047a940 16099       4       org.gradle.api.internal.artifacts.ModuleComponentSelectorSerializer::read (50 bytes)
Event: 115.466 Thread 0x0000026ad0485aa0 16102       3       org.gradle.internal.snapshot.impl.DefaultIsolatableFactory$IsolatableVisitor::integerValue (9 bytes)
Event: 115.468 Thread 0x0000026ad0485aa0 nmethod 16102 0x0000026abde51290 code [0x0000026abde51440, 0x0000026abde51778]
Event: 115.468 Thread 0x0000026ad0485aa0 16103       3       org.gradle.internal.snapshot.impl.IntegerValueSnapshot::<init> (6 bytes)
Event: 115.470 Thread 0x0000026ad0485aa0 nmethod 16103 0x0000026abde51910 code [0x0000026abde51ac0, 0x0000026abde51d38]
Event: 116.758 Thread 0x0000026ad0485aa0 16105       3       org.gradle.internal.component.model.DefaultExternalComponentGraphResolveState::<init> (117 bytes)
Event: 116.772 Thread 0x0000026ad0485aa0 nmethod 16105 0x0000026abde51e90 code [0x0000026abde52280, 0x0000026abde54308]

GC Heap History (20 events):
Event: 87.093 GC heap before
{Heap before GC invocations=66 (full 0):
 garbage-first heap   total 212992K, used 183832K [0x0000000080000000, 0x0000000100000000)
  region size 1024K, 18 young (18432K), 3 survivors (3072K)
 Metaspace       used 104936K, committed 106240K, reserved 557056K
  class space    used 14676K, committed 15296K, reserved 425984K
}
Event: 87.099 GC heap after
{Heap after GC invocations=67 (full 0):
 garbage-first heap   total 256000K, used 168872K [0x0000000080000000, 0x0000000100000000)
  region size 1024K, 3 young (3072K), 3 survivors (3072K)
 Metaspace       used 104936K, committed 106240K, reserved 557056K
  class space    used 14676K, committed 15296K, reserved 425984K
}
Event: 88.165 GC heap before
{Heap before GC invocations=67 (full 0):
 garbage-first heap   total 256000K, used 214952K [0x0000000080000000, 0x0000000100000000)
  region size 1024K, 49 young (50176K), 3 survivors (3072K)
 Metaspace       used 104936K, committed 106240K, reserved 557056K
  class space    used 14676K, committed 15296K, reserved 425984K
}
Event: 88.172 GC heap after
{Heap after GC invocations=68 (full 0):
 garbage-first heap   total 256000K, used 169894K [0x0000000080000000, 0x0000000100000000)
  region size 1024K, 4 young (4096K), 4 survivors (4096K)
 Metaspace       used 104936K, committed 106240K, reserved 557056K
  class space    used 14676K, committed 15296K, reserved 425984K
}
Event: 90.774 GC heap before
{Heap before GC invocations=68 (full 0):
 garbage-first heap   total 256000K, used 220070K [0x0000000080000000, 0x0000000100000000)
  region size 1024K, 50 young (51200K), 4 survivors (4096K)
 Metaspace       used 105225K, committed 106560K, reserved 557056K
  class space    used 14729K, committed 15360K, reserved 425984K
}
Event: 90.831 GC heap after
{Heap after GC invocations=69 (full 0):
 garbage-first heap   total 256000K, used 181558K [0x0000000080000000, 0x0000000100000000)
  region size 1024K, 7 young (7168K), 7 survivors (7168K)
 Metaspace       used 105225K, committed 106560K, reserved 557056K
  class space    used 14729K, committed 15360K, reserved 425984K
}
Event: 94.288 GC heap before
{Heap before GC invocations=69 (full 0):
 garbage-first heap   total 256000K, used 213302K [0x0000000080000000, 0x0000000100000000)
  region size 1024K, 39 young (39936K), 7 survivors (7168K)
 Metaspace       used 105618K, committed 107008K, reserved 557056K
  class space    used 14768K, committed 15424K, reserved 425984K
}
Event: 94.300 GC heap after
{Heap after GC invocations=70 (full 0):
 garbage-first heap   total 256000K, used 186263K [0x0000000080000000, 0x0000000100000000)
  region size 1024K, 4 young (4096K), 4 survivors (4096K)
 Metaspace       used 105618K, committed 107008K, reserved 557056K
  class space    used 14768K, committed 15424K, reserved 425984K
}
Event: 95.348 GC heap before
{Heap before GC invocations=70 (full 0):
 garbage-first heap   total 256000K, used 207767K [0x0000000080000000, 0x0000000100000000)
  region size 1024K, 26 young (26624K), 4 survivors (4096K)
 Metaspace       used 106335K, committed 107648K, reserved 557056K
  class space    used 14841K, committed 15488K, reserved 425984K
}
Event: 95.364 GC heap after
{Heap after GC invocations=71 (full 0):
 garbage-first heap   total 256000K, used 190788K [0x0000000080000000, 0x0000000100000000)
  region size 1024K, 5 young (5120K), 5 survivors (5120K)
 Metaspace       used 106335K, committed 107648K, reserved 557056K
  class space    used 14841K, committed 15488K, reserved 425984K
}
Event: 96.316 GC heap before
{Heap before GC invocations=72 (full 0):
 garbage-first heap   total 331776K, used 210244K [0x0000000080000000, 0x0000000100000000)
  region size 1024K, 25 young (25600K), 5 survivors (5120K)
 Metaspace       used 107160K, committed 108544K, reserved 557056K
  class space    used 14930K, committed 15552K, reserved 425984K
}
Event: 96.325 GC heap after
{Heap after GC invocations=73 (full 0):
 garbage-first heap   total 331776K, used 194025K [0x0000000080000000, 0x0000000100000000)
  region size 1024K, 4 young (4096K), 4 survivors (4096K)
 Metaspace       used 107160K, committed 108544K, reserved 557056K
  class space    used 14930K, committed 15552K, reserved 425984K
}
Event: 96.452 GC heap before
{Heap before GC invocations=73 (full 0):
 garbage-first heap   total 331776K, used 205289K [0x0000000080000000, 0x0000000100000000)
  region size 1024K, 16 young (16384K), 4 survivors (4096K)
 Metaspace       used 107160K, committed 108544K, reserved 557056K
  class space    used 14930K, committed 15552K, reserved 425984K
}
Event: 96.462 GC heap after
{Heap after GC invocations=74 (full 0):
 garbage-first heap   total 331776K, used 190104K [0x0000000080000000, 0x0000000100000000)
  region size 1024K, 2 young (2048K), 2 survivors (2048K)
 Metaspace       used 107160K, committed 108544K, reserved 557056K
  class space    used 14930K, committed 15552K, reserved 425984K
}
Event: 100.279 GC heap before
{Heap before GC invocations=74 (full 0):
 garbage-first heap   total 331776K, used 264856K [0x0000000080000000, 0x0000000100000000)
  region size 1024K, 76 young (77824K), 2 survivors (2048K)
 Metaspace       used 107295K, committed 108608K, reserved 557056K
  class space    used 14953K, committed 15552K, reserved 425984K
}
Event: 100.291 GC heap after
{Heap after GC invocations=75 (full 0):
 garbage-first heap   total 398336K, used 193773K [0x0000000080000000, 0x0000000100000000)
  region size 1024K, 6 young (6144K), 6 survivors (6144K)
 Metaspace       used 107295K, committed 108608K, reserved 557056K
  class space    used 14953K, committed 15552K, reserved 425984K
}
Event: 107.404 GC heap before
{Heap before GC invocations=76 (full 0):
 garbage-first heap   total 398336K, used 314605K [0x0000000080000000, 0x0000000100000000)
  region size 1024K, 125 young (128000K), 6 survivors (6144K)
 Metaspace       used 107396K, committed 108800K, reserved 557056K
  class space    used 14962K, committed 15616K, reserved 425984K
}
Event: 107.471 GC heap after
{Heap after GC invocations=77 (full 0):
 garbage-first heap   total 398336K, used 198950K [0x0000000080000000, 0x0000000100000000)
  region size 1024K, 11 young (11264K), 11 survivors (11264K)
 Metaspace       used 107396K, committed 108800K, reserved 557056K
  class space    used 14962K, committed 15616K, reserved 425984K
}
Event: 107.947 GC heap before
{Heap before GC invocations=77 (full 0):
 garbage-first heap   total 398336K, used 206118K [0x0000000080000000, 0x0000000100000000)
  region size 1024K, 19 young (19456K), 11 survivors (11264K)
 Metaspace       used 107396K, committed 108800K, reserved 557056K
  class space    used 14962K, committed 15616K, reserved 425984K
}
Event: 108.051 GC heap after
{Heap after GC invocations=78 (full 0):
 garbage-first heap   total 398336K, used 196330K [0x0000000080000000, 0x0000000100000000)
  region size 1024K, 3 young (3072K), 3 survivors (3072K)
 Metaspace       used 107396K, committed 108800K, reserved 557056K
  class space    used 14962K, committed 15616K, reserved 425984K
}

Dll operation events (16 events):
Event: 0.026 Loaded shared library C:\Program Files\Microsoft\jdk-17.0.13.11-hotspot\bin\java.dll
Event: 0.057 Loaded shared library C:\Program Files\Microsoft\jdk-17.0.13.11-hotspot\bin\jsvml.dll
Event: 0.313 Loaded shared library C:\Program Files\Microsoft\jdk-17.0.13.11-hotspot\bin\zip.dll
Event: 0.354 Loaded shared library C:\Program Files\Microsoft\jdk-17.0.13.11-hotspot\bin\instrument.dll
Event: 0.428 Loaded shared library C:\Program Files\Microsoft\jdk-17.0.13.11-hotspot\bin\net.dll
Event: 0.456 Loaded shared library C:\Program Files\Microsoft\jdk-17.0.13.11-hotspot\bin\nio.dll
Event: 0.484 Loaded shared library C:\Program Files\Microsoft\jdk-17.0.13.11-hotspot\bin\zip.dll
Event: 3.364 Loaded shared library C:\Program Files\Microsoft\jdk-17.0.13.11-hotspot\bin\jimage.dll
Event: 4.007 Loaded shared library C:\Program Files\Microsoft\jdk-17.0.13.11-hotspot\bin\verify.dll
Event: 4.532 Loaded shared library C:\Users\saura\.gradle\native\1def1411415f61bf3af743bc5b6707747c0891f09f0c88961ee8f79bc544acac\windows-amd64\native-platform.dll
Event: 4.567 Loaded shared library C:\Users\saura\.gradle\native\0.2.5\x86_64-windows-gnu\gradle-fileevents.dll
Event: 10.155 Loaded shared library C:\Program Files\Microsoft\jdk-17.0.13.11-hotspot\bin\management.dll
Event: 10.167 Loaded shared library C:\Program Files\Microsoft\jdk-17.0.13.11-hotspot\bin\management_ext.dll
Event: 11.075 Loaded shared library C:\Program Files\Microsoft\jdk-17.0.13.11-hotspot\bin\extnet.dll
Event: 11.812 Loaded shared library C:\Program Files\Microsoft\jdk-17.0.13.11-hotspot\bin\sunmscapi.dll
Event: 13.196 Loaded shared library C:\Users\saura\AppData\Local\Temp\native-platform11023070702890492350dir\gradle-fileevents.dll

Deoptimization events (20 events):
Event: 101.894 Thread 0x0000026af20df270 Uncommon trap: trap_request=0xffffffd6 fr.pc=0x0000026ac47b0fbc relative=0x000000000000085c
Event: 102.868 Thread 0x0000026af20df270 Uncommon trap: reason=array_check action=maybe_recompile pc=0x0000026ac47b0fbc method=java.util.ComparableTimSort.binarySort([Ljava/lang/Object;III)V @ 215 c2
Event: 102.884 Thread 0x0000026af20df270 DEOPT PACKING pc=0x0000026ac47b0fbc sp=0x00000070d05f8300
Event: 102.884 Thread 0x0000026af20df270 DEOPT UNPACKING pc=0x0000026ac38d69a3 sp=0x00000070d05f82b0 mode 2
Event: 113.000 Thread 0x0000026af20df270 Uncommon trap: trap_request=0xffffffc6 fr.pc=0x0000026ac471641c relative=0x0000000000002d7c
Event: 113.000 Thread 0x0000026af20df270 Uncommon trap: reason=bimorphic_or_optimized_type_check action=maybe_recompile pc=0x0000026ac471641c method=org.gradle.internal.metaobject.BeanDynamicObject$MetaClassAdapter.getProperty(Ljava/lang/String;)Lorg/gradle/internal/metaobject/DynamicInvokeResul
Event: 113.000 Thread 0x0000026af20df270 DEOPT PACKING pc=0x0000026ac471641c sp=0x00000070d05f3f80
Event: 113.000 Thread 0x0000026af20df270 DEOPT UNPACKING pc=0x0000026ac38d69a3 sp=0x00000070d05f3f90 mode 2
Event: 113.507 Thread 0x0000026af20df270 Uncommon trap: trap_request=0xffffffbe fr.pc=0x0000026ac4829488 relative=0x0000000000000268
Event: 113.507 Thread 0x0000026af20df270 Uncommon trap: reason=profile_predicate action=maybe_recompile pc=0x0000026ac4829488 method=java.util.HashMap.keysToArray([Ljava/lang/Object;)[Ljava/lang/Object; @ 36 c2
Event: 113.507 Thread 0x0000026af20df270 DEOPT PACKING pc=0x0000026ac4829488 sp=0x00000070d05f83f0
Event: 113.507 Thread 0x0000026af20df270 DEOPT UNPACKING pc=0x0000026ac38d69a3 sp=0x00000070d05f8380 mode 2
Event: 113.518 Thread 0x0000026af20df270 Uncommon trap: trap_request=0xffffffbe fr.pc=0x0000026ac4829488 relative=0x0000000000000268
Event: 113.518 Thread 0x0000026af20df270 Uncommon trap: reason=profile_predicate action=maybe_recompile pc=0x0000026ac4829488 method=java.util.HashMap.keysToArray([Ljava/lang/Object;)[Ljava/lang/Object; @ 36 c2
Event: 113.518 Thread 0x0000026af20df270 DEOPT PACKING pc=0x0000026ac4829488 sp=0x00000070d05f7bc0
Event: 113.518 Thread 0x0000026af20df270 DEOPT UNPACKING pc=0x0000026ac38d69a3 sp=0x00000070d05f7b50 mode 2
Event: 113.523 Thread 0x0000026af20df270 Uncommon trap: trap_request=0xffffffbe fr.pc=0x0000026ac4829488 relative=0x0000000000000268
Event: 113.523 Thread 0x0000026af20df270 Uncommon trap: reason=profile_predicate action=maybe_recompile pc=0x0000026ac4829488 method=java.util.HashMap.keysToArray([Ljava/lang/Object;)[Ljava/lang/Object; @ 36 c2
Event: 113.523 Thread 0x0000026af20df270 DEOPT PACKING pc=0x0000026ac4829488 sp=0x00000070d05f83f0
Event: 113.523 Thread 0x0000026af20df270 DEOPT UNPACKING pc=0x0000026ac38d69a3 sp=0x00000070d05f8380 mode 2

Classes loaded (20 events):
Event: 95.487 Loading class com/sun/org/apache/xerces/internal/impl/Constants
Event: 95.490 Loading class com/sun/org/apache/xerces/internal/impl/Constants done
Event: 95.491 Loading class com/sun/org/apache/xerces/internal/impl/Constants$ArrayEnumeration
Event: 95.491 Loading class com/sun/org/apache/xerces/internal/impl/Constants$ArrayEnumeration done
Event: 95.492 Loading class com/sun/org/apache/xerces/internal/impl/io/MalformedByteSequenceException
Event: 95.493 Loading class java/io/CharConversionException
Event: 95.493 Loading class java/io/CharConversionException done
Event: 95.493 Loading class com/sun/org/apache/xerces/internal/impl/io/MalformedByteSequenceException done
Event: 95.494 Loading class com/sun/org/apache/xerces/internal/dom/DeepNodeListImpl
Event: 95.495 Loading class com/sun/org/apache/xerces/internal/dom/DeepNodeListImpl done
Event: 95.495 Loading class com/sun/org/apache/xerces/internal/dom/DeferredElementImpl
Event: 95.496 Loading class com/sun/org/apache/xerces/internal/dom/DeferredElementImpl done
Event: 95.497 Loading class com/sun/org/apache/xerces/internal/dom/AttributeMap
Event: 95.498 Loading class com/sun/org/apache/xerces/internal/dom/NamedNodeMapImpl
Event: 95.499 Loading class com/sun/org/apache/xerces/internal/dom/NamedNodeMapImpl done
Event: 95.499 Loading class com/sun/org/apache/xerces/internal/dom/AttributeMap done
Event: 95.499 Loading class com/sun/org/apache/xerces/internal/dom/DeferredAttrImpl
Event: 95.500 Loading class com/sun/org/apache/xerces/internal/dom/AttrImpl
Event: 95.502 Loading class com/sun/org/apache/xerces/internal/dom/AttrImpl done
Event: 95.502 Loading class com/sun/org/apache/xerces/internal/dom/DeferredAttrImpl done

Classes unloaded (0 events):
No events

Classes redefined (0 events):
No events

Internal exceptions (20 events):
Event: 95.208 Thread 0x0000026af20df270 Exception <a 'java/lang/ClassNotFoundException'{0x000000008e583020}: build_5wgxfqz7ewz455dmot7rpbfmh$_run_closure1BeanInfo> (0x000000008e583020) 
thrown [s\src\hotspot\share\classfile\systemDictionary.cpp, line 256]
Event: 95.210 Thread 0x0000026af20df270 Exception <a 'java/lang/ClassNotFoundException'{0x000000008e58e680}: build_5wgxfqz7ewz455dmot7rpbfmh$_run_closure1Customizer> (0x000000008e58e680) 
thrown [s\src\hotspot\share\classfile\systemDictionary.cpp, line 256]
Event: 95.915 Thread 0x0000026af20df270 Exception <a 'java/lang/ClassNotFoundException'{0x000000008f3e6f70}: build_3w03eu0zhe6h8vv6sfz5nbzbdBeanInfo> (0x000000008f3e6f70) 
thrown [s\src\hotspot\share\classfile\systemDictionary.cpp, line 256]
Event: 95.917 Thread 0x0000026af20df270 Exception <a 'java/lang/ClassNotFoundException'{0x000000008f3ee3b0}: build_3w03eu0zhe6h8vv6sfz5nbzbdCustomizer> (0x000000008f3ee3b0) 
thrown [s\src\hotspot\share\classfile\systemDictionary.cpp, line 256]
Event: 99.598 Thread 0x0000026af20df270 Exception <a 'java/lang/ClassNotFoundException'{0x00000000903b8858}: build_3w03eu0zhe6h8vv6sfz5nbzbdBeanInfo> (0x00000000903b8858) 
thrown [s\src\hotspot\share\classfile\systemDictionary.cpp, line 256]
Event: 99.602 Thread 0x0000026af20df270 Exception <a 'java/lang/ClassNotFoundException'{0x00000000903bfc30}: build_3w03eu0zhe6h8vv6sfz5nbzbdCustomizer> (0x00000000903bfc30) 
thrown [s\src\hotspot\share\classfile\systemDictionary.cpp, line 256]
Event: 100.149 Thread 0x0000026af20df270 Exception <a 'java/lang/ClassNotFoundException'{0x000000008fcce700}: build_3w03eu0zhe6h8vv6sfz5nbzbd$_run_closure1BeanInfo> (0x000000008fcce700) 
thrown [s\src\hotspot\share\classfile\systemDictionary.cpp, line 256]
Event: 100.150 Thread 0x0000026af20df270 Exception <a 'java/lang/ClassNotFoundException'{0x000000008fcdbc90}: build_3w03eu0zhe6h8vv6sfz5nbzbd$_run_closure1Customizer> (0x000000008fcdbc90) 
thrown [s\src\hotspot\share\classfile\systemDictionary.cpp, line 256]
Event: 100.465 Thread 0x0000026af20df270 Exception <a 'java/lang/ClassNotFoundException'{0x000000009811a338}: build_bahq2ll9tcyvdxazgbo7h2bqeBeanInfo> (0x000000009811a338) 
thrown [s\src\hotspot\share\classfile\systemDictionary.cpp, line 256]
Event: 100.466 Thread 0x0000026af20df270 Exception <a 'java/lang/ClassNotFoundException'{0x0000000098121778}: build_bahq2ll9tcyvdxazgbo7h2bqeCustomizer> (0x0000000098121778) 
thrown [s\src\hotspot\share\classfile\systemDictionary.cpp, line 256]
Event: 100.500 Thread 0x0000026af20df270 Exception <a 'java/lang/ClassNotFoundException'{0x0000000098193d28}: build_bahq2ll9tcyvdxazgbo7h2bqe$_run_closure1BeanInfo> (0x0000000098193d28) 
thrown [s\src\hotspot\share\classfile\systemDictionary.cpp, line 256]
Event: 100.501 Thread 0x0000026af20df270 Exception <a 'java/lang/ClassNotFoundException'{0x000000009819c9f0}: build_bahq2ll9tcyvdxazgbo7h2bqe$_run_closure1Customizer> (0x000000009819c9f0) 
thrown [s\src\hotspot\share\classfile\systemDictionary.cpp, line 256]
Event: 109.181 Thread 0x0000026af20df270 Exception <a 'java/lang/ClassNotFoundException'{0x00000000963e8e70}: build_bahq2ll9tcyvdxazgbo7h2bqeBeanInfo> (0x00000000963e8e70) 
thrown [s\src\hotspot\share\classfile\systemDictionary.cpp, line 256]
Event: 109.181 Thread 0x0000026af20df270 Exception <a 'java/lang/ClassNotFoundException'{0x00000000963f0248}: build_bahq2ll9tcyvdxazgbo7h2bqeCustomizer> (0x00000000963f0248) 
thrown [s\src\hotspot\share\classfile\systemDictionary.cpp, line 256]
Event: 112.898 Thread 0x0000026af20df270 Exception <a 'java/lang/ClassNotFoundException'{0x000000009534da68}: com/android/build/gradle/internal/api/DefaultAndroidSourceFileBeanInfo> (0x000000009534da68) 
thrown [s\src\hotspot\share\classfile\systemDictionary.cpp, line 256]
Event: 112.899 Thread 0x0000026af20df270 Exception <a 'java/lang/ClassNotFoundException'{0x0000000095360038}: com/android/build/gradle/internal/api/DefaultAndroidSourceFileCustomizer> (0x0000000095360038) 
thrown [s\src\hotspot\share\classfile\systemDictionary.cpp, line 256]
Event: 112.927 Thread 0x0000026af20df270 Exception <a 'java/lang/ClassNotFoundException'{0x0000000095396b58}: build_bahq2ll9tcyvdxazgbo7h2bqe$_run_closure1BeanInfo> (0x0000000095396b58) 
thrown [s\src\hotspot\share\classfile\systemDictionary.cpp, line 256]
Event: 112.928 Thread 0x0000026af20df270 Exception <a 'java/lang/ClassNotFoundException'{0x00000000953a0f90}: build_bahq2ll9tcyvdxazgbo7h2bqe$_run_closure1Customizer> (0x00000000953a0f90) 
thrown [s\src\hotspot\share\classfile\systemDictionary.cpp, line 256]
Event: 114.802 Thread 0x0000026af20df270 Exception <a 'java/lang/ClassNotFoundException'{0x00000000945083a8}: build_9hl1hrj2jgitjgcgl57x0fdzoBeanInfo> (0x00000000945083a8) 
thrown [s\src\hotspot\share\classfile\systemDictionary.cpp, line 256]
Event: 114.805 Thread 0x0000026af20df270 Exception <a 'java/lang/ClassNotFoundException'{0x000000009450f7e8}: build_9hl1hrj2jgitjgcgl57x0fdzoCustomizer> (0x000000009450f7e8) 
thrown [s\src\hotspot\share\classfile\systemDictionary.cpp, line 256]

VM Operations (20 events):
Event: 105.954 Executing VM operation: Cleanup
Event: 105.969 Executing VM operation: Cleanup done
Event: 106.972 Executing VM operation: Cleanup
Event: 106.975 Executing VM operation: Cleanup done
Event: 107.403 Executing VM operation: G1CollectForAllocation
Event: 107.472 Executing VM operation: G1CollectForAllocation done
Event: 107.931 Executing VM operation: G1CollectForAllocation
Event: 108.051 Executing VM operation: G1CollectForAllocation done
Event: 109.063 Executing VM operation: Cleanup
Event: 109.063 Executing VM operation: Cleanup done
Event: 110.072 Executing VM operation: Cleanup
Event: 110.072 Executing VM operation: Cleanup done
Event: 113.108 Executing VM operation: Cleanup
Event: 113.108 Executing VM operation: Cleanup done
Event: 114.108 Executing VM operation: Cleanup
Event: 114.109 Executing VM operation: Cleanup done
Event: 115.117 Executing VM operation: Cleanup
Event: 115.117 Executing VM operation: Cleanup done
Event: 116.119 Executing VM operation: Cleanup
Event: 116.120 Executing VM operation: Cleanup done

Memory protections (0 events):
No events

Nmethod flushes (20 events):
Event: 73.477 Thread 0x0000026ad0490b40 flushing  nmethod 0x0000026abd7e4e90
Event: 73.477 Thread 0x0000026ad0490b40 flushing  nmethod 0x0000026abd800190
Event: 73.477 Thread 0x0000026ad0490b40 flushing  nmethod 0x0000026abd803c10
Event: 73.477 Thread 0x0000026ad0490b40 flushing  nmethod 0x0000026abd80c610
Event: 73.477 Thread 0x0000026ad0490b40 flushing  nmethod 0x0000026abd80cc90
Event: 73.477 Thread 0x0000026ad0490b40 flushing  nmethod 0x0000026abd81a590
Event: 73.477 Thread 0x0000026ad0490b40 flushing  nmethod 0x0000026abd824c90
Event: 73.477 Thread 0x0000026ad0490b40 flushing  nmethod 0x0000026abd856b10
Event: 73.478 Thread 0x0000026ad0490b40 flushing  nmethod 0x0000026abd86f990
Event: 73.478 Thread 0x0000026ad0490b40 flushing  nmethod 0x0000026abd876a90
Event: 73.478 Thread 0x0000026ad0490b40 flushing  nmethod 0x0000026abd877390
Event: 73.478 Thread 0x0000026ad0490b40 flushing  nmethod 0x0000026abd882790
Event: 73.478 Thread 0x0000026ad0490b40 flushing  nmethod 0x0000026abd884110
Event: 73.479 Thread 0x0000026ad0490b40 flushing  nmethod 0x0000026abd907990
Event: 73.480 Thread 0x0000026ad0490b40 flushing  nmethod 0x0000026abd9dd110
Event: 73.481 Thread 0x0000026ad0490b40 flushing  nmethod 0x0000026abda12110
Event: 86.762 Thread 0x0000026ad0490b40 flushing  nmethod 0x0000026abc547d10
Event: 86.762 Thread 0x0000026ad0490b40 flushing  nmethod 0x0000026abc548e90
Event: 86.778 Thread 0x0000026ad0490b40 flushing  nmethod 0x0000026abcdc4710
Event: 86.788 Thread 0x0000026ad0490b40 flushing  nmethod 0x0000026abd399e90

Events (20 events):
Event: 83.773 Thread 0x0000026ad0485aa0 Thread added: 0x0000026af454e8d0
Event: 85.563 Thread 0x0000026af454e8d0 Thread exited: 0x0000026af454e8d0
Event: 86.056 Thread 0x0000026ad0485aa0 Thread added: 0x0000026af454fe10
Event: 89.569 Thread 0x0000026af454fe10 Thread exited: 0x0000026af454fe10
Event: 90.627 Thread 0x0000026ad0485aa0 Thread added: 0x0000026af4551350
Event: 91.239 Thread 0x0000026af4551350 Thread exited: 0x0000026af4551350
Event: 93.076 Thread 0x0000026ad047a940 Thread added: 0x0000026af454f8c0
Event: 94.485 Thread 0x0000026ad0485aa0 Thread added: 0x0000026af4550360
Event: 95.037 Thread 0x0000026af4550360 Thread exited: 0x0000026af4550360
Event: 96.172 Thread 0x0000026ad0485aa0 Thread added: 0x0000026af4550360
Event: 96.576 Thread 0x0000026af4550360 Thread exited: 0x0000026af4550360
Event: 100.724 Thread 0x0000026af454f8c0 Thread exited: 0x0000026af454f8c0
Event: 101.113 Thread 0x0000026ad0485aa0 Thread added: 0x0000026af45508b0
Event: 103.087 Thread 0x0000026af6d681a0 Thread exited: 0x0000026af6d681a0
Event: 104.952 Thread 0x0000026af6d686b0 Thread exited: 0x0000026af6d686b0
Event: 104.952 Thread 0x0000026af6d690d0 Thread exited: 0x0000026af6d690d0
Event: 107.859 Thread 0x0000026af6d65e30 Thread exited: 0x0000026af6d65e30
Event: 108.291 Thread 0x0000026af6d695e0 Thread exited: 0x0000026af6d695e0
Event: 108.923 Thread 0x0000026af45508b0 Thread exited: 0x0000026af45508b0
Event: 114.191 Thread 0x0000026ad0485aa0 Thread added: 0x0000026af45508b0


Dynamic libraries:
0x00007ff663f90000 - 0x00007ff663f9e000 	C:\Program Files\Microsoft\jdk-17.0.13.11-hotspot\bin\java.exe
0x00007ff8af7a0000 - 0x00007ff8afa07000 	C:\WINDOWS\SYSTEM32\ntdll.dll
0x00007ff8ad530000 - 0x00007ff8ad5f9000 	C:\WINDOWS\System32\KERNEL32.DLL
0x00007ff8ac8d0000 - 0x00007ff8accc0000 	C:\WINDOWS\System32\KERNELBASE.dll
0x00007ff8a9a70000 - 0x00007ff8a9b0e000 	C:\WINDOWS\SYSTEM32\apphelp.dll
0x00007ff8acd80000 - 0x00007ff8acecb000 	C:\WINDOWS\System32\ucrtbase.dll
0x00007ff89f620000 - 0x00007ff89f637000 	C:\Program Files\Microsoft\jdk-17.0.13.11-hotspot\bin\jli.dll
0x00007ff8a2180000 - 0x00007ff8a219d000 	C:\Program Files\Microsoft\jdk-17.0.13.11-hotspot\bin\VCRUNTIME140.dll
0x00007ff8af230000 - 0x00007ff8af3f5000 	C:\WINDOWS\System32\USER32.dll
0x00007ff8ad3d0000 - 0x00007ff8ad3f7000 	C:\WINDOWS\System32\win32u.dll
0x00007ff8ad960000 - 0x00007ff8ad98b000 	C:\WINDOWS\System32\GDI32.dll
0x00007ff89ca10000 - 0x00007ff89ccaa000 	C:\WINDOWS\WinSxS\amd64_microsoft.windows.common-controls_6595b64144ccf1df_6.0.26100.4768_none_3e0c112ce331287c\COMCTL32.dll
0x00007ff8aced0000 - 0x00007ff8ad008000 	C:\WINDOWS\System32\gdi32full.dll
0x00007ff8ad780000 - 0x00007ff8ad829000 	C:\WINDOWS\System32\msvcrt.dll
0x00007ff8accd0000 - 0x00007ff8acd73000 	C:\WINDOWS\System32\msvcp_win.dll
0x00007ff8aeaa0000 - 0x00007ff8aeacf000 	C:\WINDOWS\System32\IMM32.DLL
0x00007ff89f610000 - 0x00007ff89f61c000 	C:\Program Files\Microsoft\jdk-17.0.13.11-hotspot\bin\vcruntime140_1.dll
0x00007ff87ed80000 - 0x00007ff87ee0d000 	C:\Program Files\Microsoft\jdk-17.0.13.11-hotspot\bin\msvcp140.dll
0x00007ff831890000 - 0x00007ff832501000 	C:\Program Files\Microsoft\jdk-17.0.13.11-hotspot\bin\server\jvm.dll
0x00007ff8af5f0000 - 0x00007ff8af6a4000 	C:\WINDOWS\System32\ADVAPI32.dll
0x00007ff8af540000 - 0x00007ff8af5e6000 	C:\WINDOWS\System32\sechost.dll
0x00007ff8ad990000 - 0x00007ff8adaa8000 	C:\WINDOWS\System32\RPCRT4.dll
0x00007ff8af4c0000 - 0x00007ff8af534000 	C:\WINDOWS\System32\WS2_32.dll
0x00007ff89eed0000 - 0x00007ff89ef05000 	C:\WINDOWS\SYSTEM32\WINMM.dll
0x00007ff8a3360000 - 0x00007ff8a336b000 	C:\WINDOWS\SYSTEM32\VERSION.dll
0x00007ff8ac750000 - 0x00007ff8ac7ae000 	C:\WINDOWS\SYSTEM32\POWRPROF.dll
0x00007ff8ac730000 - 0x00007ff8ac744000 	C:\WINDOWS\SYSTEM32\UMPDC.dll
0x00007ff8ab650000 - 0x00007ff8ab66b000 	C:\WINDOWS\SYSTEM32\kernel.appcore.dll
0x00007ff89f600000 - 0x00007ff89f60a000 	C:\Program Files\Microsoft\jdk-17.0.13.11-hotspot\bin\jimage.dll
0x00007ff8a7a60000 - 0x00007ff8a7ca1000 	C:\WINDOWS\SYSTEM32\DBGHELP.DLL
0x00007ff8adf40000 - 0x00007ff8ae2c5000 	C:\WINDOWS\System32\combase.dll
0x00007ff8aed20000 - 0x00007ff8aee00000 	C:\WINDOWS\System32\OLEAUT32.dll
0x00007ff89c6b0000 - 0x00007ff89c6f3000 	C:\WINDOWS\SYSTEM32\dbgcore.DLL
0x00007ff8ad490000 - 0x00007ff8ad529000 	C:\WINDOWS\System32\bcryptPrimitives.dll
0x00007ff89f500000 - 0x00007ff89f50e000 	C:\Program Files\Microsoft\jdk-17.0.13.11-hotspot\bin\instrument.dll
0x00007ff88d320000 - 0x00007ff88d345000 	C:\Program Files\Microsoft\jdk-17.0.13.11-hotspot\bin\java.dll
0x00007ff84cad0000 - 0x00007ff84cba7000 	C:\Program Files\Microsoft\jdk-17.0.13.11-hotspot\bin\jsvml.dll
0x00007ff8ae2d0000 - 0x00007ff8aea1d000 	C:\WINDOWS\System32\SHELL32.dll
0x00007ff8ad010000 - 0x00007ff8ad183000 	C:\WINDOWS\System32\wintypes.dll
0x00007ff8aa4f0000 - 0x00007ff8aad50000 	C:\WINDOWS\SYSTEM32\windows.storage.dll
0x00007ff8af130000 - 0x00007ff8af225000 	C:\WINDOWS\System32\SHCORE.dll
0x00007ff8aea30000 - 0x00007ff8aea9a000 	C:\WINDOWS\System32\shlwapi.dll
0x00007ff8ac7f0000 - 0x00007ff8ac819000 	C:\WINDOWS\SYSTEM32\profapi.dll
0x00007ff8a27c0000 - 0x00007ff8a27d8000 	C:\Program Files\Microsoft\jdk-17.0.13.11-hotspot\bin\zip.dll
0x00007ff89f5e0000 - 0x00007ff89f5fa000 	C:\Program Files\Microsoft\jdk-17.0.13.11-hotspot\bin\net.dll
0x00007ff8a45e0000 - 0x00007ff8a46fe000 	C:\WINDOWS\SYSTEM32\WINHTTP.dll
0x00007ff8abbe0000 - 0x00007ff8abc4b000 	C:\WINDOWS\system32\mswsock.dll
0x00007ff89df30000 - 0x00007ff89df46000 	C:\Program Files\Microsoft\jdk-17.0.13.11-hotspot\bin\nio.dll
0x00007ff8a27b0000 - 0x00007ff8a27c0000 	C:\Program Files\Microsoft\jdk-17.0.13.11-hotspot\bin\verify.dll
0x00007ff85e8d0000 - 0x00007ff85e8f7000 	C:\Users\saura\.gradle\native\1def1411415f61bf3af743bc5b6707747c0891f09f0c88961ee8f79bc544acac\windows-amd64\native-platform.dll
0x0000000053750000 - 0x00000000537c3000 	C:\Users\saura\.gradle\native\0.2.5\x86_64-windows-gnu\gradle-fileevents.dll
0x00007ff8a7290000 - 0x00007ff8a729a000 	C:\Program Files\Microsoft\jdk-17.0.13.11-hotspot\bin\management.dll
0x00007ff89df90000 - 0x00007ff89df9b000 	C:\Program Files\Microsoft\jdk-17.0.13.11-hotspot\bin\management_ext.dll
0x00007ff8af400000 - 0x00007ff8af408000 	C:\WINDOWS\System32\PSAPI.DLL
0x00007ff8abea0000 - 0x00007ff8abebb000 	C:\WINDOWS\SYSTEM32\CRYPTSP.dll
0x00007ff8ab5b0000 - 0x00007ff8ab5eb000 	C:\WINDOWS\system32\rsaenh.dll
0x00007ff8abc80000 - 0x00007ff8abcab000 	C:\WINDOWS\SYSTEM32\USERENV.dll
0x00007ff8ac7c0000 - 0x00007ff8ac7e6000 	C:\WINDOWS\SYSTEM32\bcrypt.dll
0x00007ff8abec0000 - 0x00007ff8abecc000 	C:\WINDOWS\SYSTEM32\CRYPTBASE.dll
0x00007ff8ab060000 - 0x00007ff8ab093000 	C:\WINDOWS\SYSTEM32\IPHLPAPI.DLL
0x00007ff8aee10000 - 0x00007ff8aee1a000 	C:\WINDOWS\System32\NSI.dll
0x00007ff8a4450000 - 0x00007ff8a446f000 	C:\WINDOWS\SYSTEM32\dhcpcsvc6.DLL
0x00007ff8a3bb0000 - 0x00007ff8a3bd5000 	C:\WINDOWS\SYSTEM32\dhcpcsvc.DLL
0x00007ff8ab150000 - 0x00007ff8ab276000 	C:\WINDOWS\SYSTEM32\DNSAPI.dll
0x00007ff898130000 - 0x00007ff898139000 	C:\Program Files\Microsoft\jdk-17.0.13.11-hotspot\bin\extnet.dll
0x00007ff893340000 - 0x00007ff89334e000 	C:\Program Files\Microsoft\jdk-17.0.13.11-hotspot\bin\sunmscapi.dll
0x00007ff8ad190000 - 0x00007ff8ad307000 	C:\WINDOWS\System32\CRYPT32.dll
0x00007ff8ac0c0000 - 0x00007ff8ac0f0000 	C:\WINDOWS\SYSTEM32\ncrypt.dll
0x00007ff8ac070000 - 0x00007ff8ac0af000 	C:\WINDOWS\SYSTEM32\NTASN1.dll
0x00007ff821250000 - 0x00007ff821258000 	C:\WINDOWS\system32\wshunix.dll
0x0000000053030000 - 0x00000000530a3000 	C:\Users\saura\AppData\Local\Temp\native-platform11023070702890492350dir\gradle-fileevents.dll
0x00007ff894690000 - 0x00007ff8946a8000 	C:\WINDOWS\system32\napinsp.dll
0x00007ff894670000 - 0x00007ff894682000 	C:\WINDOWS\System32\winrnr.dll
0x00007ff894630000 - 0x00007ff894660000 	C:\WINDOWS\system32\nlansp_c.dll
0x00007ff894600000 - 0x00007ff894620000 	C:\WINDOWS\system32\wshbth.dll
0x00007ff89fc30000 - 0x00007ff89fc3b000 	C:\Windows\System32\rasadhlp.dll
0x00007ff8a3530000 - 0x00007ff8a35b6000 	C:\WINDOWS\System32\fwpuclnt.dll

dbghelp: loaded successfully - version: 4.0.5 - missing functions: none
symbol engine: initialized successfully - sym options: 0x614 - pdb path: .;C:\Program Files\Microsoft\jdk-17.0.13.11-hotspot\bin;C:\WINDOWS\SYSTEM32;C:\WINDOWS\WinSxS\amd64_microsoft.windows.common-controls_6595b64144ccf1df_6.0.26100.4768_none_3e0c112ce331287c;C:\Program Files\Microsoft\jdk-17.0.13.11-hotspot\bin\server;C:\Users\saura\.gradle\native\1def1411415f61bf3af743bc5b6707747c0891f09f0c88961ee8f79bc544acac\windows-amd64;C:\Users\saura\.gradle\native\0.2.5\x86_64-windows-gnu;C:\Users\saura\AppData\Local\Temp\native-platform11023070702890492350dir

VM Arguments:
jvm_args: --add-opens=java.base/java.lang=ALL-UNNAMED --add-opens=java.base/java.lang.invoke=ALL-UNNAMED --add-opens=java.base/java.util=ALL-UNNAMED --add-opens=java.prefs/java.util.prefs=ALL-UNNAMED --add-exports=jdk.compiler/com.sun.tools.javac.api=ALL-UNNAMED --add-exports=jdk.compiler/com.sun.tools.javac.util=ALL-UNNAMED --add-opens=java.base/java.util=ALL-UNNAMED --add-opens=java.prefs/java.util.prefs=ALL-UNNAMED --add-opens=java.base/java.nio.charset=ALL-UNNAMED --add-opens=java.base/java.net=ALL-UNNAMED --add-opens=java.base/java.util.concurrent.atomic=ALL-UNNAMED --add-opens=java.xml/javax.xml.namespace=ALL-UNNAMED -XX:MaxMetaspaceSize=512m -Xmx2048m -Dfile.encoding=UTF-8 -Duser.country=US -Duser.language=en -Duser.variant -javaagent:C:\Users\saura\.gradle\wrapper\dists\gradle-8.12-all\ejduaidbjup3bmmkhw3rie4zb\gradle-8.12\lib\agents\gradle-instrumentation-agent-8.12.jar 
java_command: org.gradle.launcher.daemon.bootstrap.GradleDaemon 8.12
java_class_path (initial): C:\Users\saura\.gradle\wrapper\dists\gradle-8.12-all\ejduaidbjup3bmmkhw3rie4zb\gradle-8.12\lib\gradle-daemon-main-8.12.jar
Launcher Type: SUN_STANDARD

[Global flags]
     intx CICompilerCount                          = 4                                         {product} {ergonomic}
   size_t CompressedClassSpaceSize                 = 436207616                                 {product} {ergonomic}
     uint ConcGCThreads                            = 2                                         {product} {ergonomic}
     uint G1ConcRefinementThreads                  = 8                                         {product} {ergonomic}
   size_t G1HeapRegionSize                         = 1048576                                   {product} {ergonomic}
    uintx GCDrainStackTargetSize                   = 64                                        {product} {ergonomic}
   size_t InitialHeapSize                          = 100663296                                 {product} {ergonomic}
   size_t MarkStackSize                            = 4194304                                   {product} {ergonomic}
   size_t MaxHeapSize                              = 2147483648                                {product} {command line}
   size_t MaxMetaspaceSize                         = 536870912                                 {product} {command line}
   size_t MaxNewSize                               = 1287651328                                {product} {ergonomic}
   size_t MinHeapDeltaBytes                        = 1048576                                   {product} {ergonomic}
   size_t MinHeapSize                              = 8388608                                   {product} {ergonomic}
    uintx NonNMethodCodeHeapSize                   = 5839372                                {pd product} {ergonomic}
    uintx NonProfiledCodeHeapSize                  = 122909434                              {pd product} {ergonomic}
    uintx ProfiledCodeHeapSize                     = 122909434                              {pd product} {ergonomic}
    uintx ReservedCodeCacheSize                    = 251658240                              {pd product} {ergonomic}
     bool SegmentedCodeCache                       = true                                      {product} {ergonomic}
   size_t SoftMaxHeapSize                          = 2147483648                             {manageable} {ergonomic}
     bool UseCompressedClassPointers               = true                           {product lp64_product} {ergonomic}
     bool UseCompressedOops                        = true                           {product lp64_product} {ergonomic}
     bool UseG1GC                                  = true                                      {product} {ergonomic}
     bool UseLargePagesIndividualAllocation        = false                                  {pd product} {ergonomic}

Logging:
Log output configuration:
 #0: stdout all=warning uptime,level,tags
 #1: stderr all=off uptime,level,tags

Environment Variables:
JAVA_HOME=C:\Program Files\Microsoft\jdk-17.0.13.11-hotspot
PATH=C:\Program Files\Microsoft\jdk-17.0.13.11-hotspot\bin;C:\Program Files\Common Files\Oracle\Java\javapath;C:\Program Files\NVIDIA GPU Computing Toolkit\CUDA\v11.7\bin;C:\Program Files\NVIDIA GPU Computing Toolkit\CUDA\v11.7\libnvvp;C:\Windows\system32;C:\Windows;C:\Windows\System32\Wbem;C:\Windows\System32\WindowsPowerShell\v1.0\;C:\Windows\System32\OpenSSH\;C:\MinGW\bin;C:\Program Files\Git\cmd;C:\Program Files\MySQL\MySQL Server 8.0\bin;C:\Program Files\NVIDIA Corporation\Nsight Compute 2022.2.0\;C:\Program Files (x86)\NVIDIA Corporation\PhysX\Common;C:\WINDOWS\system32;C:\WINDOWS;C:\WINDOWS\System32\Wbem;C:\WINDOWS\System32\WindowsPowerShell\v1.0\;C:\WINDOWS\System32\OpenSSH\;C:\Program Files\Git\bin;C:\Program Files\CMake\bin;C:\Program Files\Java\jdk-19\bin;C:\Program Files\MongoDB\Server\6.0\bin;C:\mongoshell\mongosh-1.8.0-win32-x64\bin;C:\Program Files\MiKTeX\miktex\bin\x64\;C:\Users\saura\AppData\Local\Pub\Cache\bin;C:\xampp\php;C:\ProgramData\ComposerSetup\bin;C:\ProgramData\chocolatey\bin;C:\Program Files\nodejs\;C:\Users\saura\AppData\Local\Android\Sdk\platforms;C:\Users\saura\AppData\Local\Android\Sdk;C:\Users\saura\AppData\Local\Android\Sdk\platform-tools;C:\Users\saura\AppData\Local\Android\Sdk\build-tools;C:\Users\saura\AppData\Local\Android\Sdk\emulator;C:\src\flutter\bin;C:\Users\saura\AppData\Local\Android\Sdk\tools;C:\Program Files\Microsoft\jdk-17.0.13.11-hotspot\bin;C:\Program Files\MySQL\MySQL Shell 8.0\bin\;C:\Users\saura\AppData\Local\Programs\Python\Python38\Scripts\;C:\Users\saura\AppData\Local\Programs\Python\Python38\;C:\Users\saura\.conda;C:\Users\saura\.conda\Library\mingw-w64\bin;C:\Users\saura\.conda\Library\usr\bin;C:\Users\saura\.conda\Library\bin;C:\Users\saura\.conda\Scripts;C:\Users\saura\anaconda3;C:\Users\saura\anaconda3\Library\mingw-w64\bin;C:\Users\saura\anaconda3\Library\usr\bin;C:\Users\saura\anaconda3\Library\bin;C:\Users\saura\anaconda3\Scripts;C:\Users\saura\AppData\Local\Microsoft\WindowsApps;C:\Users\saura\AppData\Lo
USERNAME=saura
OS=Windows_NT
PROCESSOR_IDENTIFIER=AMD64 Family 23 Model 24 Stepping 1, AuthenticAMD
TMP=C:\Users\saura\AppData\Local\Temp
TEMP=C:\Users\saura\AppData\Local\Temp



Periodic native trim disabled


---------------  S Y S T E M  ---------------

OS:
 Windows 11 , 64 bit Build 26100 (10.0.26100.4768)
OS uptime: 2 days 4:32 hours

CPU: total 8 (initial active 8) (8 cores per cpu, 2 threads per core) family 23 model 24 stepping 1 microcode 0x8108109, cx8, cmov, fxsr, ht, mmx, 3dnowpref, sse, sse2, sse3, ssse3, sse4a, sse4.1, sse4.2, popcnt, lzcnt, tsc, tscinvbit, avx, avx2, aes, clmul, bmi1, bmi2, adx, sha, fma, vzeroupper, clflush, clflushopt
Processor Information for the first 8 processors :
  Max Mhz: 2100, Current Mhz: 2100, Mhz Limit: 2100

Memory: 4k page, system-wide physical 6088M (1065M free)
TotalPageFile size 24520M (AvailPageFile size 3M)
current process WorkingSet (physical memory assigned to process): 648M, peak: 654M
current process commit charge ("private bytes"): 754M, peak: 763M

vm_info: OpenJDK 64-Bit Server VM (17.0.13+11-LTS) for windows-amd64 JRE (17.0.13+11-LTS), built on Oct 11 2024 23:25:05 by "MicrosoftCorporation" with unknown MS VC++:1939

END.
