#
# There is insufficient memory for the Java Runtime Environment to continue.
# Native memory allocation (mmap) failed to map 183500800 bytes. Error detail: G1 virtual space
# Possible reasons:
#   The system is out of physical RAM or swap space
#   This process is running with CompressedOops enabled, and the Java Heap may be blocking the growth of the native heap
# Possible solutions:
#   Reduce memory load on the system
#   Increase physical memory or swap space
#   Check if swap backing store is full
#   Decrease Java heap size (-Xmx/-Xms)
#   Decrease number of Java threads
#   Decrease Java thread stack sizes (-Xss)
#   Set larger code cache with -XX:ReservedCodeCacheSize=
#   JVM is running with Unscaled Compressed Oops mode in which the Java heap is
#     placed in the first 4GB address space. The Java Heap base address is the
#     maximum limit for the native heap growth. Please use -XX:HeapBaseMinAddress
#     to set the Java Heap base and to place the Java Heap above 4GB virtual address.
# This output file may be truncated or incomplete.
#
#  Out of Memory Error (os_windows.cpp:3679), pid=8240, tid=24216
#
# JRE version: OpenJDK Runtime Environment Microsoft-10376486 (17.0.13+11) (build 17.0.13+11-LTS)
# Java VM: OpenJDK 64-Bit Server VM Microsoft-10376486 (17.0.13+11-LTS, mixed mode, sharing, tiered, compressed oops, compressed class ptrs, g1 gc, windows-amd64)
# No core dump will be written. Minidumps are not enabled by default on client versions of Windows
#

---------------  S U M M A R Y ------------

Command Line: --add-opens=java.base/java.lang=ALL-UNNAMED --add-opens=java.base/java.lang.invoke=ALL-UNNAMED --add-opens=java.base/java.util=ALL-UNNAMED --add-opens=java.prefs/java.util.prefs=ALL-UNNAMED --add-exports=jdk.compiler/com.sun.tools.javac.api=ALL-UNNAMED --add-exports=jdk.compiler/com.sun.tools.javac.util=ALL-UNNAMED --add-opens=java.base/java.util=ALL-UNNAMED --add-opens=java.prefs/java.util.prefs=ALL-UNNAMED --add-opens=java.base/java.nio.charset=ALL-UNNAMED --add-opens=java.base/java.net=ALL-UNNAMED --add-opens=java.base/java.util.concurrent.atomic=ALL-UNNAMED --add-opens=java.xml/javax.xml.namespace=ALL-UNNAMED -XX:MaxMetaspaceSize=512m -Xmx2048m -Dfile.encoding=UTF-8 -Duser.country=US -Duser.language=en -Duser.variant -javaagent:C:\Users\saura\.gradle\wrapper\dists\gradle-8.12-all\ejduaidbjup3bmmkhw3rie4zb\gradle-8.12\lib\agents\gradle-instrumentation-agent-8.12.jar org.gradle.launcher.daemon.bootstrap.GradleDaemon 8.12

Host: AMD Ryzen 5 3500U with Radeon Vega Mobile Gfx  , 8 cores, 5G,  Windows 11 , 64 bit Build 26100 (10.0.26100.4768)
Time: Mon Sep  1 17:26:11 2025 India Standard Time elapsed time: 110.810569 seconds (0d 0h 1m 50s)

---------------  T H R E A D  ---------------

Current thread (0x000001bc335d2270):  VMThread "VM Thread" [stack: 0x000000a121200000,0x000000a121300000] [id=24216]

Stack: [0x000000a121200000,0x000000a121300000]
Native frames: (J=compiled Java code, j=interpreted, Vv=VM code, C=native code)
V  [jvm.dll+0x687fc9]
V  [jvm.dll+0x83eeb8]
V  [jvm.dll+0x840963]
V  [jvm.dll+0x840fd3]
V  [jvm.dll+0x24951f]
V  [jvm.dll+0x684f89]
V  [jvm.dll+0x6794aa]
V  [jvm.dll+0x30ad27]
V  [jvm.dll+0x312296]
V  [jvm.dll+0x362bde]
V  [jvm.dll+0x362e1d]
V  [jvm.dll+0x2e1fbc]
V  [jvm.dll+0x2e0369]
V  [jvm.dll+0x2dfacc]
V  [jvm.dll+0x32267b]
V  [jvm.dll+0x84580d]
V  [jvm.dll+0x846543]
V  [jvm.dll+0x846a6f]
V  [jvm.dll+0x846e54]
V  [jvm.dll+0x846f1e]
V  [jvm.dll+0x7eea6c]
V  [jvm.dll+0x686ea7]
C  [ucrtbase.dll+0x37b0]
C  [KERNEL32.DLL+0x2e8d7]
C  [ntdll.dll+0x3c34c]

VM_Operation (0x000000a124cfc940): G1CollectForAllocation, mode: safepoint, requested by thread 0x000001bc53f63db0


---------------  P R O C E S S  ---------------

Threads class SMR info:
_java_thread_list=0x000001bc57d32730, length=146, elements={
0x000001bc15163800, 0x000001bc335d7ed0, 0x000001bc335d9510, 0x000001bc335eca00,
0x000001bc335ed2d0, 0x000001bc335f1730, 0x000001bc335f46f0, 0x000001bc3361f390,
0x000001bc33628820, 0x000001bc33633910, 0x000001bc3377e330, 0x000001bc337f6260,
0x000001bc550442d0, 0x000001bc531dd030, 0x000001bc54ea6c00, 0x000001bc5482d450,
0x000001bc533c9ac0, 0x000001bc545a8bd0, 0x000001bc545a9b00, 0x000001bc545aaa30,
0x000001bc545abe70, 0x000001bc545a86c0, 0x000001bc545a95f0, 0x000001bc545a90e0,
0x000001bc545ab960, 0x000001bc545aa520, 0x000001bc545aaf40, 0x000001bc545ab450,
0x000001bc53f5d870, 0x000001bc53f5e7a0, 0x000001bc53f5dd80, 0x000001bc53f5d360,
0x000001bc53f5e290, 0x000001bc53f5c430, 0x000001bc53f5ecb0, 0x000001bc53f5c940,
0x000001bc53f61020, 0x000001bc53f62460, 0x000001bc53f60600, 0x000001bc53f600f0,
0x000001bc53f61a40, 0x000001bc53f5fbe0, 0x000001bc53f61530, 0x000001bc53f61f50,
0x000001bc53f62e80, 0x000001bc53f5f6d0, 0x000001bc53f63390, 0x000001bc53f638a0,
0x000001bc53f63db0, 0x000001bc56514080, 0x000001bc56514590, 0x000001bc56513660,
0x000001bc56513b70, 0x000001bc56514aa0, 0x000001bc56514fb0, 0x000001bc565154c0,
0x000001bc565159d0, 0x000001bc56515ee0, 0x000001bc565163f0, 0x000001bc56512c40,
0x000001bc56516900, 0x000001bc56513150, 0x000001bc56518760, 0x000001bc56517830,
0x000001bc56516e10, 0x000001bc56518c70, 0x000001bc56519690, 0x000001bc56517d40,
0x000001bc56519180, 0x000001bc56519ba0, 0x000001bc56518250, 0x000001bc56517320,
0x000001bc57a2d730, 0x000001bc57a2f590, 0x000001bc57a2ffb0, 0x000001bc57a2faa0,
0x000001bc57a2e150, 0x000001bc57a309d0, 0x000001bc57a2f080, 0x000001bc57a304c0,
0x000001bc57a2e660, 0x000001bc57a2d220, 0x000001bc57a2eb70, 0x000001bc57a30ee0,
0x000001bc57a313f0, 0x000001bc57a2dc40, 0x000001bc57a32d40, 0x000001bc57a34690,
0x000001bc57a31e10, 0x000001bc57a33c70, 0x000001bc57a31900, 0x000001bc57a34ba0,
0x000001bc57a34180, 0x000001bc57a32320, 0x000001bc57a32830, 0x000001bc57a33250,
0x000001bc57a33760, 0x000001bc5519d950, 0x000001bc5519ca20, 0x000001bc5519de60,
0x000001bc5519c510, 0x000001bc5519cf30, 0x000001bc5519e370, 0x000001bc5519d440,
0x000001bc5519f2a0, 0x000001bc5519e880, 0x000001bc5519ed90, 0x000001bc5519baf0,
0x000001bc5519f7b0, 0x000001bc5519c000, 0x000001bc5519fcc0, 0x000001bc551a1100,
0x000001bc551a3470, 0x000001bc551a1b20, 0x000001bc551a06e0, 0x000001bc551a2a50,
0x000001bc551a0bf0, 0x000001bc551a2540, 0x000001bc551a2f60, 0x000001bc551a01d0,
0x000001bc551a2030, 0x000001bc57354d80, 0x000001bc57354360, 0x000001bc57353940,
0x000001bc57353e50, 0x000001bc57352a10, 0x000001bc573557a0, 0x000001bc57354870,
0x000001bc57355290, 0x000001bc57351ff0, 0x000001bc57352f20, 0x000001bc57355cb0,
0x000001bc57352500, 0x000001bc573566d0, 0x000001bc573561c0, 0x000001bc57356be0,
0x000001bc573570f0, 0x000001bc57359460, 0x000001bc57357600, 0x000001bc57358530,
0x000001bc57358020, 0x000001bc57358a40, 0x000001bc57358f50, 0x000001bc57c2a810,
0x000001bc57c2cb80, 0x000001bc57a7d990
}

Java Threads: ( => current thread )
  0x000001bc15163800 JavaThread "main" [_thread_blocked, id=9280, stack(0x000000a120c00000,0x000000a120d00000)]
  0x000001bc335d7ed0 JavaThread "Reference Handler" daemon [_thread_blocked, id=15752, stack(0x000000a121300000,0x000000a121400000)]
  0x000001bc335d9510 JavaThread "Finalizer" daemon [_thread_blocked, id=20728, stack(0x000000a121400000,0x000000a121500000)]
  0x000001bc335eca00 JavaThread "Signal Dispatcher" daemon [_thread_blocked, id=24028, stack(0x000000a121500000,0x000000a121600000)]
  0x000001bc335ed2d0 JavaThread "Attach Listener" daemon [_thread_blocked, id=14824, stack(0x000000a121600000,0x000000a121700000)]
  0x000001bc335f1730 JavaThread "Service Thread" daemon [_thread_blocked, id=1476, stack(0x000000a121700000,0x000000a121800000)]
  0x000001bc335f46f0 JavaThread "Monitor Deflation Thread" daemon [_thread_blocked, id=7288, stack(0x000000a121800000,0x000000a121900000)]
  0x000001bc3361f390 JavaThread "C2 CompilerThread0" daemon [_thread_blocked, id=21412, stack(0x000000a121900000,0x000000a121a00000)]
  0x000001bc33628820 JavaThread "C1 CompilerThread0" daemon [_thread_blocked, id=21664, stack(0x000000a121a00000,0x000000a121b00000)]
  0x000001bc33633910 JavaThread "Sweeper thread" daemon [_thread_blocked, id=20444, stack(0x000000a121b00000,0x000000a121c00000)]
  0x000001bc3377e330 JavaThread "Common-Cleaner" daemon [_thread_blocked, id=23112, stack(0x000000a121c00000,0x000000a121d00000)]
  0x000001bc337f6260 JavaThread "Notification Thread" daemon [_thread_blocked, id=9532, stack(0x000000a121d00000,0x000000a121e00000)]
  0x000001bc550442d0 JavaThread "Daemon health stats" [_thread_blocked, id=184, stack(0x000000a122400000,0x000000a122500000)]
  0x000001bc531dd030 JavaThread "Incoming local TCP Connector on port 58616" [_thread_in_native, id=21896, stack(0x000000a121f00000,0x000000a122000000)]
  0x000001bc54ea6c00 JavaThread "Daemon periodic checks" [_thread_blocked, id=100, stack(0x000000a122500000,0x000000a122600000)]
  0x000001bc5482d450 JavaThread "Daemon" [_thread_blocked, id=22684, stack(0x000000a122600000,0x000000a122700000)]
  0x000001bc533c9ac0 JavaThread "Handler for socket connection from /127.0.0.1:58616 to /127.0.0.1:58618" [_thread_in_native, id=23696, stack(0x000000a122700000,0x000000a122800000)]
  0x000001bc545a8bd0 JavaThread "Cancel handler" [_thread_blocked, id=352, stack(0x000000a122800000,0x000000a122900000)]
  0x000001bc545a9b00 JavaThread "Daemon worker" [_thread_blocked, id=19516, stack(0x000000a122900000,0x000000a122a00000)]
  0x000001bc545aaa30 JavaThread "Asynchronous log dispatcher for DefaultDaemonConnection: socket connection from /127.0.0.1:58616 to /127.0.0.1:58618" [_thread_blocked, id=12856, stack(0x000000a122a00000,0x000000a122b00000)]
  0x000001bc545abe70 JavaThread "Stdin handler" [_thread_blocked, id=24520, stack(0x000000a122b00000,0x000000a122c00000)]
  0x000001bc545a86c0 JavaThread "Daemon client event forwarder" [_thread_blocked, id=5712, stack(0x000000a122c00000,0x000000a122d00000)]
  0x000001bc545a95f0 JavaThread "Cache worker for journal cache (C:\Users\saura\.gradle\caches\journal-1)" [_thread_blocked, id=17784, stack(0x000000a123100000,0x000000a123200000)]
  0x000001bc545a90e0 JavaThread "File lock request listener" [_thread_in_native, id=23688, stack(0x000000a123200000,0x000000a123300000)]
  0x000001bc545ab960 JavaThread "Cache worker for file hash cache (C:\Users\saura\.gradle\caches\8.12\fileHashes)" [_thread_blocked, id=23936, stack(0x000000a123300000,0x000000a123400000)]
  0x000001bc545aa520 JavaThread "Cache worker for file hash cache (C:\Users\saura\Desktop\SvindoVendor\Svindo_VendorApp\android\.gradle\8.12\fileHashes)" [_thread_blocked, id=6684, stack(0x000000a123000000,0x000000a123100000)]
  0x000001bc545aaf40 JavaThread "Cache worker for Build Output Cleanup Cache (C:\Users\saura\Desktop\SvindoVendor\Svindo_VendorApp\android\.gradle\buildOutputCleanup)" [_thread_blocked, id=21188, stack(0x000000a123400000,0x000000a123500000)]
  0x000001bc545ab450 JavaThread "File watcher server" daemon [_thread_in_native, id=24188, stack(0x000000a123700000,0x000000a123800000)]
  0x000001bc53f5d870 JavaThread "File watcher consumer" daemon [_thread_blocked, id=3100, stack(0x000000a123800000,0x000000a123900000)]
  0x000001bc53f5e7a0 JavaThread "jar transforms" [_thread_blocked, id=22256, stack(0x000000a123900000,0x000000a123a00000)]
  0x000001bc53f5dd80 JavaThread "jar transforms Thread 2" [_thread_blocked, id=20940, stack(0x000000a123a00000,0x000000a123b00000)]
  0x000001bc53f5d360 JavaThread "jar transforms Thread 3" [_thread_blocked, id=6560, stack(0x000000a123b00000,0x000000a123c00000)]
  0x000001bc53f5e290 JavaThread "jar transforms Thread 4" [_thread_blocked, id=24316, stack(0x000000a123c00000,0x000000a123d00000)]
  0x000001bc53f5c430 JavaThread "jar transforms Thread 5" [_thread_blocked, id=21800, stack(0x000000a123600000,0x000000a123700000)]
  0x000001bc53f5ecb0 JavaThread "Cache worker for checksums cache (C:\Users\saura\Desktop\SvindoVendor\Svindo_VendorApp\android\.gradle\8.12\checksums)" [_thread_blocked, id=1212, stack(0x000000a123e00000,0x000000a123f00000)]
  0x000001bc53f5c940 JavaThread "Cache worker for file content cache (C:\Users\saura\.gradle\caches\8.12\fileContent)" [_thread_blocked, id=11064, stack(0x000000a123f00000,0x000000a124000000)]
  0x000001bc53f61020 JavaThread "jar transforms Thread 6" [_thread_blocked, id=10864, stack(0x000000a124000000,0x000000a124100000)]
  0x000001bc53f62460 JavaThread "jar transforms Thread 7" [_thread_blocked, id=24228, stack(0x000000a124100000,0x000000a124200000)]
  0x000001bc53f60600 JavaThread "jar transforms Thread 8" [_thread_blocked, id=23348, stack(0x000000a124200000,0x000000a124300000)]
  0x000001bc53f600f0 JavaThread "Cache worker for cache directory md-rule (C:\Users\saura\.gradle\caches\8.12\md-rule)" [_thread_blocked, id=21176, stack(0x000000a124300000,0x000000a124400000)]
  0x000001bc53f61a40 JavaThread "Cache worker for cache directory md-supplier (C:\Users\saura\.gradle\caches\8.12\md-supplier)" [_thread_blocked, id=25172, stack(0x000000a124400000,0x000000a124500000)]
  0x000001bc53f5fbe0 JavaThread "Cache worker for Build Output Cleanup Cache (C:\Users\saura\Desktop\SvindoVendor\Svindo_VendorApp\node_modules\@react-native\gradle-plugin\.gradle\buildOutputCleanup)" [_thread_blocked, id=23096, stack(0x000000a124500000,0x000000a124600000)]
  0x000001bc53f61530 JavaThread "Unconstrained build operations" [_thread_blocked, id=8676, stack(0x000000a124600000,0x000000a124700000)]
  0x000001bc53f61f50 JavaThread "Unconstrained build operations Thread 2" [_thread_blocked, id=15552, stack(0x000000a124700000,0x000000a124800000)]
  0x000001bc53f62e80 JavaThread "Unconstrained build operations Thread 3" [_thread_blocked, id=25312, stack(0x000000a124800000,0x000000a124900000)]
  0x000001bc53f5f6d0 JavaThread "Unconstrained build operations Thread 4" [_thread_blocked, id=3368, stack(0x000000a123d00000,0x000000a123e00000)]
  0x000001bc53f63390 JavaThread "Unconstrained build operations Thread 5" [_thread_blocked, id=12524, stack(0x000000a124a00000,0x000000a124b00000)]
  0x000001bc53f638a0 JavaThread "Unconstrained build operations Thread 6" [_thread_blocked, id=23572, stack(0x000000a124b00000,0x000000a124c00000)]
  0x000001bc53f63db0 JavaThread "Unconstrained build operations Thread 7" [_thread_blocked, id=16640, stack(0x000000a124c00000,0x000000a124d00000)]
  0x000001bc56514080 JavaThread "Unconstrained build operations Thread 8" [_thread_blocked, id=22364, stack(0x000000a124d00000,0x000000a124e00000)]
  0x000001bc56514590 JavaThread "Unconstrained build operations Thread 9" [_thread_blocked, id=20720, stack(0x000000a124e00000,0x000000a124f00000)]
  0x000001bc56513660 JavaThread "Unconstrained build operations Thread 10" [_thread_blocked, id=24656, stack(0x000000a124f00000,0x000000a125000000)]
  0x000001bc56513b70 JavaThread "Unconstrained build operations Thread 11" [_thread_blocked, id=17712, stack(0x000000a125000000,0x000000a125100000)]
  0x000001bc56514aa0 JavaThread "Unconstrained build operations Thread 12" [_thread_blocked, id=24596, stack(0x000000a125100000,0x000000a125200000)]
  0x000001bc56514fb0 JavaThread "Unconstrained build operations Thread 13" [_thread_blocked, id=18668, stack(0x000000a125200000,0x000000a125300000)]
  0x000001bc565154c0 JavaThread "Unconstrained build operations Thread 14" [_thread_blocked, id=21080, stack(0x000000a125300000,0x000000a125400000)]
  0x000001bc565159d0 JavaThread "Unconstrained build operations Thread 15" [_thread_blocked, id=9120, stack(0x000000a125400000,0x000000a125500000)]
  0x000001bc56515ee0 JavaThread "Unconstrained build operations Thread 16" [_thread_blocked, id=5508, stack(0x000000a125500000,0x000000a125600000)]
  0x000001bc565163f0 JavaThread "Unconstrained build operations Thread 17" [_thread_blocked, id=21844, stack(0x000000a125600000,0x000000a125700000)]
  0x000001bc56512c40 JavaThread "Unconstrained build operations Thread 18" [_thread_blocked, id=23504, stack(0x000000a125700000,0x000000a125800000)]
  0x000001bc56516900 JavaThread "Unconstrained build operations Thread 19" [_thread_blocked, id=21752, stack(0x000000a125800000,0x000000a125900000)]
  0x000001bc56513150 JavaThread "Unconstrained build operations Thread 20" [_thread_blocked, id=20836, stack(0x000000a125900000,0x000000a125a00000)]
  0x000001bc56518760 JavaThread "Unconstrained build operations Thread 21" [_thread_blocked, id=21164, stack(0x000000a125c00000,0x000000a125d00000)]
  0x000001bc56517830 JavaThread "Unconstrained build operations Thread 22" [_thread_blocked, id=7408, stack(0x000000a125d00000,0x000000a125e00000)]
  0x000001bc56516e10 JavaThread "Unconstrained build operations Thread 23" [_thread_blocked, id=14920, stack(0x000000a125e00000,0x000000a125f00000)]
  0x000001bc56518c70 JavaThread "Unconstrained build operations Thread 24" [_thread_blocked, id=17660, stack(0x000000a125f00000,0x000000a126000000)]
  0x000001bc56519690 JavaThread "Unconstrained build operations Thread 25" [_thread_blocked, id=11416, stack(0x000000a126000000,0x000000a126100000)]
  0x000001bc56517d40 JavaThread "Unconstrained build operations Thread 26" [_thread_blocked, id=23860, stack(0x000000a126100000,0x000000a126200000)]
  0x000001bc56519180 JavaThread "Unconstrained build operations Thread 27" [_thread_blocked, id=12768, stack(0x000000a126200000,0x000000a126300000)]
  0x000001bc56519ba0 JavaThread "build event listener" [_thread_blocked, id=4844, stack(0x000000a126300000,0x000000a126400000)]
  0x000001bc56518250 JavaThread "Memory manager" [_thread_blocked, id=19596, stack(0x000000a124900000,0x000000a124a00000)]
  0x000001bc56517320 JavaThread "ForkJoinPool.commonPool-worker-1" daemon [_thread_blocked, id=25440, stack(0x000000a126500000,0x000000a126600000)]
  0x000001bc57a2d730 JavaThread "ForkJoinPool.commonPool-worker-2" daemon [_thread_blocked, id=23136, stack(0x000000a126600000,0x000000a126700000)]
  0x000001bc57a2f590 JavaThread "ForkJoinPool.commonPool-worker-3" daemon [_thread_blocked, id=19112, stack(0x000000a126700000,0x000000a126800000)]
  0x000001bc57a2ffb0 JavaThread "ForkJoinPool.commonPool-worker-4" daemon [_thread_blocked, id=18876, stack(0x000000a126800000,0x000000a126900000)]
  0x000001bc57a2faa0 JavaThread "ForkJoinPool.commonPool-worker-5" daemon [_thread_blocked, id=7404, stack(0x000000a126900000,0x000000a126a00000)]
  0x000001bc57a2e150 JavaThread "ForkJoinPool.commonPool-worker-6" daemon [_thread_blocked, id=14568, stack(0x000000a126a00000,0x000000a126b00000)]
  0x000001bc57a309d0 JavaThread "ForkJoinPool.commonPool-worker-7" daemon [_thread_blocked, id=23220, stack(0x000000a126b00000,0x000000a126c00000)]
  0x000001bc57a2f080 JavaThread "Exec process" [_thread_blocked, id=23172, stack(0x000000a126c00000,0x000000a126d00000)]
  0x000001bc57a304c0 JavaThread "Exec process Thread 2" [_thread_blocked, id=4640, stack(0x000000a126d00000,0x000000a126e00000)]
  0x000001bc57a2e660 JavaThread "Exec process Thread 3" [_thread_blocked, id=24552, stack(0x000000a126e00000,0x000000a126f00000)]
  0x000001bc57a2d220 JavaThread "included builds" [_thread_blocked, id=20572, stack(0x000000a126f00000,0x000000a127000000)]
  0x000001bc57a2eb70 JavaThread "Execution worker" [_thread_blocked, id=6368, stack(0x000000a127000000,0x000000a127100000)]
  0x000001bc57a30ee0 JavaThread "Execution worker Thread 2" [_thread_blocked, id=12352, stack(0x000000a127100000,0x000000a127200000)]
  0x000001bc57a313f0 JavaThread "Execution worker Thread 3" [_thread_blocked, id=23456, stack(0x000000a127200000,0x000000a127300000)]
  0x000001bc57a2dc40 JavaThread "Execution worker Thread 4" [_thread_blocked, id=2172, stack(0x000000a127300000,0x000000a127400000)]
  0x000001bc57a32d40 JavaThread "Execution worker Thread 5" [_thread_blocked, id=19448, stack(0x000000a127400000,0x000000a127500000)]
  0x000001bc57a34690 JavaThread "Execution worker Thread 6" [_thread_blocked, id=3020, stack(0x000000a127500000,0x000000a127600000)]
  0x000001bc57a31e10 JavaThread "Execution worker Thread 7" [_thread_blocked, id=25552, stack(0x000000a127600000,0x000000a127700000)]
  0x000001bc57a33c70 JavaThread "Cache worker for execution history cache (C:\Users\saura\Desktop\SvindoVendor\Svindo_VendorApp\node_modules\@react-native\gradle-plugin\.gradle\8.12\executionHistory)" [_thread_blocked, id=17876, stack(0x000000a127700000,0x000000a127800000)]
  0x000001bc57a31900 JavaThread "Unconstrained build operations Thread 28" [_thread_blocked, id=1812, stack(0x000000a127800000,0x000000a127900000)]
  0x000001bc57a34ba0 JavaThread "Unconstrained build operations Thread 29" [_thread_blocked, id=20040, stack(0x000000a127900000,0x000000a127a00000)]
  0x000001bc57a34180 JavaThread "Unconstrained build operations Thread 30" [_thread_blocked, id=21024, stack(0x000000a127a00000,0x000000a127b00000)]
  0x000001bc57a32320 JavaThread "Unconstrained build operations Thread 31" [_thread_blocked, id=7376, stack(0x000000a127b00000,0x000000a127c00000)]
  0x000001bc57a32830 JavaThread "Unconstrained build operations Thread 32" [_thread_blocked, id=13100, stack(0x000000a127c00000,0x000000a127d00000)]
  0x000001bc57a33250 JavaThread "Unconstrained build operations Thread 33" [_thread_blocked, id=5012, stack(0x000000a127d00000,0x000000a127e00000)]
  0x000001bc57a33760 JavaThread "Unconstrained build operations Thread 34" [_thread_blocked, id=20352, stack(0x000000a127e00000,0x000000a127f00000)]
  0x000001bc5519d950 JavaThread "Unconstrained build operations Thread 35" [_thread_blocked, id=24412, stack(0x000000a127f00000,0x000000a128000000)]
  0x000001bc5519ca20 JavaThread "Unconstrained build operations Thread 36" [_thread_blocked, id=24376, stack(0x000000a128000000,0x000000a128100000)]
  0x000001bc5519de60 JavaThread "Unconstrained build operations Thread 37" [_thread_blocked, id=21596, stack(0x000000a128100000,0x000000a128200000)]
  0x000001bc5519c510 JavaThread "Unconstrained build operations Thread 38" [_thread_blocked, id=25452, stack(0x000000a128200000,0x000000a128300000)]
  0x000001bc5519cf30 JavaThread "Unconstrained build operations Thread 39" [_thread_blocked, id=24288, stack(0x000000a128300000,0x000000a128400000)]
  0x000001bc5519e370 JavaThread "Unconstrained build operations Thread 40" [_thread_blocked, id=22344, stack(0x000000a128400000,0x000000a128500000)]
  0x000001bc5519d440 JavaThread "Unconstrained build operations Thread 41" [_thread_blocked, id=21996, stack(0x000000a128500000,0x000000a128600000)]
  0x000001bc5519f2a0 JavaThread "Unconstrained build operations Thread 42" [_thread_blocked, id=3480, stack(0x000000a128600000,0x000000a128700000)]
  0x000001bc5519e880 JavaThread "Unconstrained build operations Thread 43" [_thread_blocked, id=22988, stack(0x000000a128700000,0x000000a128800000)]
  0x000001bc5519ed90 JavaThread "Unconstrained build operations Thread 44" [_thread_blocked, id=21688, stack(0x000000a128800000,0x000000a128900000)]
  0x000001bc5519baf0 JavaThread "Unconstrained build operations Thread 45" [_thread_blocked, id=23800, stack(0x000000a128900000,0x000000a128a00000)]
  0x000001bc5519f7b0 JavaThread "Unconstrained build operations Thread 46" [_thread_blocked, id=24704, stack(0x000000a128a00000,0x000000a128b00000)]
  0x000001bc5519c000 JavaThread "Unconstrained build operations Thread 47" [_thread_blocked, id=11432, stack(0x000000a128b00000,0x000000a128c00000)]
  0x000001bc5519fcc0 JavaThread "Unconstrained build operations Thread 48" [_thread_blocked, id=25556, stack(0x000000a128c00000,0x000000a128d00000)]
  0x000001bc551a1100 JavaThread "Unconstrained build operations Thread 49" [_thread_blocked, id=21440, stack(0x000000a128d00000,0x000000a128e00000)]
  0x000001bc551a3470 JavaThread "Unconstrained build operations Thread 50" [_thread_blocked, id=21368, stack(0x000000a128e00000,0x000000a128f00000)]
  0x000001bc551a1b20 JavaThread "Unconstrained build operations Thread 51" [_thread_blocked, id=25268, stack(0x000000a128f00000,0x000000a129000000)]
  0x000001bc551a06e0 JavaThread "Unconstrained build operations Thread 52" [_thread_blocked, id=4920, stack(0x000000a129000000,0x000000a129100000)]
  0x000001bc551a2a50 JavaThread "Unconstrained build operations Thread 53" [_thread_blocked, id=22856, stack(0x000000a129100000,0x000000a129200000)]
  0x000001bc551a0bf0 JavaThread "Unconstrained build operations Thread 54" [_thread_blocked, id=15260, stack(0x000000a129200000,0x000000a129300000)]
  0x000001bc551a2540 JavaThread "Unconstrained build operations Thread 55" [_thread_blocked, id=21032, stack(0x000000a129300000,0x000000a129400000)]
  0x000001bc551a2f60 JavaThread "Unconstrained build operations Thread 56" [_thread_blocked, id=19452, stack(0x000000a129400000,0x000000a129500000)]
  0x000001bc551a01d0 JavaThread "Unconstrained build operations Thread 57" [_thread_blocked, id=13412, stack(0x000000a129500000,0x000000a129600000)]
  0x000001bc551a2030 JavaThread "Unconstrained build operations Thread 58" [_thread_blocked, id=13116, stack(0x000000a129600000,0x000000a129700000)]
  0x000001bc57354d80 JavaThread "Unconstrained build operations Thread 59" [_thread_blocked, id=13420, stack(0x000000a129700000,0x000000a129800000)]
  0x000001bc57354360 JavaThread "Unconstrained build operations Thread 60" [_thread_blocked, id=19080, stack(0x000000a129800000,0x000000a129900000)]
  0x000001bc57353940 JavaThread "Unconstrained build operations Thread 61" [_thread_blocked, id=14524, stack(0x000000a129900000,0x000000a129a00000)]
  0x000001bc57353e50 JavaThread "Unconstrained build operations Thread 62" [_thread_blocked, id=25372, stack(0x000000a129a00000,0x000000a129b00000)]
  0x000001bc57352a10 JavaThread "Unconstrained build operations Thread 63" [_thread_blocked, id=25500, stack(0x000000a129b00000,0x000000a129c00000)]
  0x000001bc573557a0 JavaThread "Unconstrained build operations Thread 64" [_thread_blocked, id=9380, stack(0x000000a129c00000,0x000000a129d00000)]
  0x000001bc57354870 JavaThread "Unconstrained build operations Thread 65" [_thread_blocked, id=19408, stack(0x000000a129d00000,0x000000a129e00000)]
  0x000001bc57355290 JavaThread "Unconstrained build operations Thread 66" [_thread_blocked, id=25340, stack(0x000000a129e00000,0x000000a129f00000)]
  0x000001bc57351ff0 JavaThread "Unconstrained build operations Thread 67" [_thread_blocked, id=22964, stack(0x000000a129f00000,0x000000a12a000000)]
  0x000001bc57352f20 JavaThread "Unconstrained build operations Thread 68" [_thread_blocked, id=21196, stack(0x000000a12a000000,0x000000a12a100000)]
  0x000001bc57355cb0 JavaThread "Unconstrained build operations Thread 69" [_thread_blocked, id=20128, stack(0x000000a12a100000,0x000000a12a200000)]
  0x000001bc57352500 JavaThread "Unconstrained build operations Thread 70" [_thread_blocked, id=8300, stack(0x000000a12a200000,0x000000a12a300000)]
  0x000001bc573566d0 JavaThread "Unconstrained build operations Thread 71" [_thread_blocked, id=24812, stack(0x000000a12a300000,0x000000a12a400000)]
  0x000001bc573561c0 JavaThread "Unconstrained build operations Thread 72" [_thread_blocked, id=23904, stack(0x000000a12a400000,0x000000a12a500000)]
  0x000001bc57356be0 JavaThread "Unconstrained build operations Thread 73" [_thread_blocked, id=24108, stack(0x000000a12a500000,0x000000a12a600000)]
  0x000001bc573570f0 JavaThread "Unconstrained build operations Thread 74" [_thread_blocked, id=21380, stack(0x000000a12a600000,0x000000a12a700000)]
  0x000001bc57359460 JavaThread "Unconstrained build operations Thread 75" [_thread_blocked, id=23440, stack(0x000000a12a700000,0x000000a12a800000)]
  0x000001bc57357600 JavaThread "Unconstrained build operations Thread 76" [_thread_blocked, id=18404, stack(0x000000a12a800000,0x000000a12a900000)]
  0x000001bc57358530 JavaThread "Unconstrained build operations Thread 77" [_thread_blocked, id=16412, stack(0x000000a12a900000,0x000000a12aa00000)]
  0x000001bc57358020 JavaThread "Unconstrained build operations Thread 78" [_thread_blocked, id=24332, stack(0x000000a12aa00000,0x000000a12ab00000)]
  0x000001bc57358a40 JavaThread "Unconstrained build operations Thread 79" [_thread_blocked, id=21984, stack(0x000000a12ab00000,0x000000a12ac00000)]
  0x000001bc57358f50 JavaThread "Unconstrained build operations Thread 80" [_thread_blocked, id=21848, stack(0x000000a12ac00000,0x000000a12ad00000)]
  0x000001bc57c2a810 JavaThread "build event listener" [_thread_blocked, id=8180, stack(0x000000a120900000,0x000000a120a00000)]
  0x000001bc57c2cb80 JavaThread "Problems report writer" [_thread_blocked, id=3136, stack(0x000000a120a00000,0x000000a120b00000)]
  0x000001bc57a7d990 JavaThread "C2 CompilerThread1" daemon [_thread_blocked, id=23660, stack(0x000000a120b00000,0x000000a120c00000)]

Other Threads:
=>0x000001bc335d2270 VMThread "VM Thread" [stack: 0x000000a121200000,0x000000a121300000] [id=24216]
  0x000001bc15164490 WatcherThread [stack: 0x000000a121e00000,0x000000a121f00000] [id=1636]
  0x000001bc151bd1e0 GCTaskThread "GC Thread#0" [stack: 0x000000a120d00000,0x000000a120e00000] [id=9864]
  0x000001bc532e0030 GCTaskThread "GC Thread#1" [stack: 0x000000a122000000,0x000000a122100000] [id=23764]
  0x000001bc533634c0 GCTaskThread "GC Thread#2" [stack: 0x000000a122100000,0x000000a122200000] [id=3448]
  0x000001bc53b2a280 GCTaskThread "GC Thread#3" [stack: 0x000000a122200000,0x000000a122300000] [id=19592]
  0x000001bc53b2a540 GCTaskThread "GC Thread#4" [stack: 0x000000a122300000,0x000000a122400000] [id=18028]
  0x000001bc339e8840 GCTaskThread "GC Thread#5" [stack: 0x000000a122d00000,0x000000a122e00000] [id=21104]
  0x000001bc339e8b00 GCTaskThread "GC Thread#6" [stack: 0x000000a122e00000,0x000000a122f00000] [id=15996]
  0x000001bc54a95960 GCTaskThread "GC Thread#7" [stack: 0x000000a122f00000,0x000000a123000000] [id=25392]
  0x000001bc151cfd20 ConcurrentGCThread "G1 Main Marker" [stack: 0x000000a120e00000,0x000000a120f00000] [id=23836]
  0x000001bc151d0df0 ConcurrentGCThread "G1 Conc#0" [stack: 0x000000a120f00000,0x000000a121000000] [id=22724]
  0x000001bc56f14e70 ConcurrentGCThread "G1 Conc#1" [stack: 0x000000a123500000,0x000000a123600000] [id=23928]
  0x000001bc151fecb0 ConcurrentGCThread "G1 Refine#0" [stack: 0x000000a121000000,0x000000a121100000] [id=20592]
  0x000001bc3348bbe0 ConcurrentGCThread "G1 Service" [stack: 0x000000a121100000,0x000000a121200000] [id=22868]

Threads with active compile tasks:
C1 CompilerThread0   111501 15260       3       org.gradle.api.internal.artifacts.transform.TransformStep$$Lambda$963/0x000001bc356ad350::<init> (10 bytes)

VM state: at safepoint (normal execution)

VM Mutex/Monitor currently owned by a thread:  ([mutex/lock_event])
[0x000001bc1515fc10] Threads_lock - owner thread: 0x000001bc335d2270
[0x000001bc15160090] Heap_lock - owner thread: 0x000001bc53f63db0

Heap address: 0x0000000080000000, size: 2048 MB, Compressed Oops mode: 32-bit

CDS archive(s) mapped at: [0x000001bc34000000-0x000001bc34bb0000-0x000001bc34bb0000), size 12255232, SharedBaseAddress: 0x000001bc34000000, ArchiveRelocationMode: 1.
Compressed class space mapped at: 0x000001bc35000000-0x000001bc4f000000, reserved size: 436207616
Narrow klass base: 0x000001bc34000000, Narrow klass shift: 0, Narrow klass range: 0x100000000

GC Precious Log:
 CPUs: 8 total, 8 available
 Memory: 6088M
 Large Page Support: Disabled
 NUMA Support: Disabled
 Compressed Oops: Enabled (32-bit)
 Heap Region Size: 1M
 Heap Min Capacity: 8M
 Heap Initial Capacity: 96M
 Heap Max Capacity: 2G
 Pre-touch: Disabled
 Parallel Workers: 8
 Concurrent Workers: 2
 Concurrent Refinement Workers: 8
 Periodic GC: Disabled

Heap:
 garbage-first heap   total 252928K, used 162816K [0x0000000080000000, 0x0000000100000000)
  region size 1024K, 7 young (7168K), 7 survivors (7168K)
 Metaspace       used 110374K, committed 111744K, reserved 557056K
  class space    used 15335K, committed 15936K, reserved 425984K

Heap Regions: E=young(eden), S=young(survivor), O=old, HS=humongous(starts), HC=humongous(continues), CS=collection set, F=free, OA=open archive, CA=closed archive, TAMS=top-at-mark-start (previous, next)
|   0|0x0000000080000000, 0x0000000080100000, 0x0000000080100000|100%| O|  |TAMS 0x0000000080100000, 0x0000000080000000| Untracked 
|   1|0x0000000080100000, 0x0000000080200000, 0x0000000080200000|100%|HS|  |TAMS 0x0000000080200000, 0x0000000080100000| Complete 
|   2|0x0000000080200000, 0x0000000080300000, 0x0000000080300000|100%|HC|  |TAMS 0x0000000080300000, 0x0000000080200000| Complete 
|   3|0x0000000080300000, 0x0000000080400000, 0x0000000080400000|100%|HC|  |TAMS 0x0000000080400000, 0x0000000080300000| Complete 
|   4|0x0000000080400000, 0x0000000080500000, 0x0000000080500000|100%| O|  |TAMS 0x0000000080500000, 0x0000000080400000| Untracked 
|   5|0x0000000080500000, 0x0000000080600000, 0x0000000080600000|100%| O|  |TAMS 0x0000000080600000, 0x0000000080500000| Untracked 
|   6|0x0000000080600000, 0x0000000080700000, 0x0000000080700000|100%| O|  |TAMS 0x0000000080700000, 0x0000000080600000| Untracked 
|   7|0x0000000080700000, 0x0000000080800000, 0x0000000080800000|100%|HS|  |TAMS 0x0000000080800000, 0x0000000080700000| Complete 
|   8|0x0000000080800000, 0x0000000080900000, 0x0000000080900000|100%| O|  |TAMS 0x0000000080900000, 0x0000000080800000| Untracked 
|   9|0x0000000080900000, 0x0000000080a00000, 0x0000000080a00000|100%| O|  |TAMS 0x0000000080a00000, 0x0000000080900000| Untracked 
|  10|0x0000000080a00000, 0x0000000080b00000, 0x0000000080b00000|100%| O|  |TAMS 0x0000000080b00000, 0x0000000080a00000| Untracked 
|  11|0x0000000080b00000, 0x0000000080c00000, 0x0000000080c00000|100%| O|  |TAMS 0x0000000080c00000, 0x0000000080b00000| Untracked 
|  12|0x0000000080c00000, 0x0000000080d00000, 0x0000000080d00000|100%| O|  |TAMS 0x0000000080d00000, 0x0000000080c00000| Untracked 
|  13|0x0000000080d00000, 0x0000000080e00000, 0x0000000080e00000|100%| O|  |TAMS 0x0000000080d00000, 0x0000000080d00000| Untracked 
|  14|0x0000000080e00000, 0x0000000080f00000, 0x0000000080f00000|100%| O|  |TAMS 0x0000000080f00000, 0x0000000080e00000| Untracked 
|  15|0x0000000080f00000, 0x0000000081000000, 0x0000000081000000|100%| O|  |TAMS 0x0000000081000000, 0x0000000080f00000| Untracked 
|  16|0x0000000081000000, 0x0000000081100000, 0x0000000081100000|100%| O|  |TAMS 0x0000000081100000, 0x0000000081000000| Untracked 
|  17|0x0000000081100000, 0x0000000081200000, 0x0000000081200000|100%| O|  |TAMS 0x0000000081200000, 0x0000000081100000| Untracked 
|  18|0x0000000081200000, 0x0000000081300000, 0x0000000081300000|100%| O|  |TAMS 0x0000000081300000, 0x0000000081200000| Untracked 
|  19|0x0000000081300000, 0x0000000081400000, 0x0000000081400000|100%| O|  |TAMS 0x0000000081400000, 0x0000000081300000| Untracked 
|  20|0x0000000081400000, 0x0000000081500000, 0x0000000081500000|100%| O|  |TAMS 0x0000000081500000, 0x0000000081400000| Untracked 
|  21|0x0000000081500000, 0x0000000081600000, 0x0000000081600000|100%| O|  |TAMS 0x0000000081600000, 0x0000000081500000| Untracked 
|  22|0x0000000081600000, 0x0000000081700000, 0x0000000081700000|100%| O|  |TAMS 0x0000000081700000, 0x0000000081600000| Untracked 
|  23|0x0000000081700000, 0x0000000081800000, 0x0000000081800000|100%| O|  |TAMS 0x0000000081800000, 0x0000000081700000| Untracked 
|  24|0x0000000081800000, 0x0000000081900000, 0x0000000081900000|100%| O|  |TAMS 0x0000000081900000, 0x0000000081800000| Untracked 
|  25|0x0000000081900000, 0x0000000081a00000, 0x0000000081a00000|100%| O|  |TAMS 0x0000000081a00000, 0x0000000081900000| Untracked 
|  26|0x0000000081a00000, 0x0000000081b00000, 0x0000000081b00000|100%| O|  |TAMS 0x0000000081b00000, 0x0000000081a00000| Untracked 
|  27|0x0000000081b00000, 0x0000000081c00000, 0x0000000081c00000|100%| O|  |TAMS 0x0000000081c00000, 0x0000000081b00000| Untracked 
|  28|0x0000000081c00000, 0x0000000081d00000, 0x0000000081d00000|100%| O|  |TAMS 0x0000000081d00000, 0x0000000081c00000| Untracked 
|  29|0x0000000081d00000, 0x0000000081e00000, 0x0000000081e00000|100%| O|  |TAMS 0x0000000081e00000, 0x0000000081d00000| Untracked 
|  30|0x0000000081e00000, 0x0000000081f00000, 0x0000000081f00000|100%| O|  |TAMS 0x0000000081f00000, 0x0000000081e00000| Untracked 
|  31|0x0000000081f00000, 0x0000000082000000, 0x0000000082000000|100%| O|  |TAMS 0x0000000082000000, 0x0000000081f00000| Untracked 
|  32|0x0000000082000000, 0x0000000082100000, 0x0000000082100000|100%| O|  |TAMS 0x0000000082100000, 0x0000000082000000| Untracked 
|  33|0x0000000082100000, 0x0000000082200000, 0x0000000082200000|100%| O|  |TAMS 0x0000000082200000, 0x0000000082100000| Untracked 
|  34|0x0000000082200000, 0x0000000082300000, 0x0000000082300000|100%| O|  |TAMS 0x0000000082300000, 0x0000000082200000| Untracked 
|  35|0x0000000082300000, 0x0000000082400000, 0x0000000082400000|100%| O|  |TAMS 0x0000000082400000, 0x0000000082300000| Untracked 
|  36|0x0000000082400000, 0x0000000082500000, 0x0000000082500000|100%| O|  |TAMS 0x0000000082500000, 0x0000000082400000| Untracked 
|  37|0x0000000082500000, 0x0000000082600000, 0x0000000082600000|100%| O|  |TAMS 0x0000000082600000, 0x0000000082500000| Untracked 
|  38|0x0000000082600000, 0x0000000082700000, 0x0000000082700000|100%| O|  |TAMS 0x0000000082700000, 0x0000000082600000| Untracked 
|  39|0x0000000082700000, 0x0000000082800000, 0x0000000082800000|100%| O|  |TAMS 0x0000000082800000, 0x0000000082700000| Untracked 
|  40|0x0000000082800000, 0x0000000082900000, 0x0000000082900000|100%| O|  |TAMS 0x0000000082900000, 0x0000000082800000| Untracked 
|  41|0x0000000082900000, 0x0000000082a00000, 0x0000000082a00000|100%| O|  |TAMS 0x0000000082a00000, 0x0000000082900000| Untracked 
|  42|0x0000000082a00000, 0x0000000082b00000, 0x0000000082b00000|100%| O|  |TAMS 0x0000000082b00000, 0x0000000082a00000| Untracked 
|  43|0x0000000082b00000, 0x0000000082c00000, 0x0000000082c00000|100%| O|  |TAMS 0x0000000082c00000, 0x0000000082b00000| Untracked 
|  44|0x0000000082c00000, 0x0000000082d00000, 0x0000000082d00000|100%| O|  |TAMS 0x0000000082d00000, 0x0000000082c00000| Untracked 
|  45|0x0000000082d00000, 0x0000000082e00000, 0x0000000082e00000|100%| O|  |TAMS 0x0000000082e00000, 0x0000000082d00000| Untracked 
|  46|0x0000000082e00000, 0x0000000082f00000, 0x0000000082f00000|100%| O|  |TAMS 0x0000000082f00000, 0x0000000082e00000| Untracked 
|  47|0x0000000082f00000, 0x0000000083000000, 0x0000000083000000|100%| O|  |TAMS 0x0000000083000000, 0x0000000082f00000| Untracked 
|  48|0x0000000083000000, 0x0000000083100000, 0x0000000083100000|100%| O|  |TAMS 0x0000000083100000, 0x0000000083000000| Untracked 
|  49|0x0000000083100000, 0x0000000083200000, 0x0000000083200000|100%| O|  |TAMS 0x0000000083200000, 0x0000000083100000| Untracked 
|  50|0x0000000083200000, 0x0000000083300000, 0x0000000083300000|100%| O|  |TAMS 0x0000000083300000, 0x0000000083200000| Untracked 
|  51|0x0000000083300000, 0x0000000083400000, 0x0000000083400000|100%| O|  |TAMS 0x0000000083400000, 0x0000000083300000| Untracked 
|  52|0x0000000083400000, 0x0000000083500000, 0x0000000083500000|100%|HS|  |TAMS 0x0000000083500000, 0x0000000083400000| Complete 
|  53|0x0000000083500000, 0x0000000083600000, 0x0000000083600000|100%|HC|  |TAMS 0x0000000083600000, 0x0000000083500000| Complete 
|  54|0x0000000083600000, 0x0000000083700000, 0x0000000083700000|100%|HS|  |TAMS 0x0000000083700000, 0x0000000083600000| Complete 
|  55|0x0000000083700000, 0x0000000083800000, 0x0000000083800000|100%|HC|  |TAMS 0x0000000083800000, 0x0000000083700000| Complete 
|  56|0x0000000083800000, 0x0000000083900000, 0x0000000083900000|100%|HC|  |TAMS 0x0000000083900000, 0x0000000083800000| Complete 
|  57|0x0000000083900000, 0x0000000083a00000, 0x0000000083a00000|100%|HS|  |TAMS 0x0000000083a00000, 0x0000000083900000| Complete 
|  58|0x0000000083a00000, 0x0000000083b00000, 0x0000000083b00000|100%|HC|  |TAMS 0x0000000083b00000, 0x0000000083a00000| Complete 
|  59|0x0000000083b00000, 0x0000000083c00000, 0x0000000083c00000|100%| O|  |TAMS 0x0000000083c00000, 0x0000000083b00000| Untracked 
|  60|0x0000000083c00000, 0x0000000083d00000, 0x0000000083d00000|100%| O|  |TAMS 0x0000000083d00000, 0x0000000083c00000| Untracked 
|  61|0x0000000083d00000, 0x0000000083e00000, 0x0000000083e00000|100%| O|  |TAMS 0x0000000083e00000, 0x0000000083d00000| Untracked 
|  62|0x0000000083e00000, 0x0000000083f00000, 0x0000000083f00000|100%| O|  |TAMS 0x0000000083f00000, 0x0000000083e00000| Untracked 
|  63|0x0000000083f00000, 0x0000000084000000, 0x0000000084000000|100%|HS|  |TAMS 0x0000000084000000, 0x0000000083f00000| Complete 
|  64|0x0000000084000000, 0x0000000084100000, 0x0000000084100000|100%|HC|  |TAMS 0x0000000084100000, 0x0000000084000000| Complete 
|  65|0x0000000084100000, 0x0000000084200000, 0x0000000084200000|100%|HC|  |TAMS 0x0000000084200000, 0x0000000084100000| Complete 
|  66|0x0000000084200000, 0x0000000084300000, 0x0000000084300000|100%| O|  |TAMS 0x0000000084300000, 0x0000000084200000| Untracked 
|  67|0x0000000084300000, 0x0000000084400000, 0x0000000084400000|100%| O|  |TAMS 0x0000000084400000, 0x0000000084300000| Untracked 
|  68|0x0000000084400000, 0x0000000084500000, 0x0000000084500000|100%| O|  |TAMS 0x0000000084500000, 0x0000000084400000| Untracked 
|  69|0x0000000084500000, 0x0000000084600000, 0x0000000084600000|100%| O|  |TAMS 0x0000000084600000, 0x0000000084500000| Untracked 
|  70|0x0000000084600000, 0x0000000084700000, 0x0000000084700000|100%| O|  |TAMS 0x0000000084700000, 0x0000000084600000| Untracked 
|  71|0x0000000084700000, 0x0000000084800000, 0x0000000084800000|100%| O|  |TAMS 0x0000000084800000, 0x0000000084700000| Untracked 
|  72|0x0000000084800000, 0x0000000084900000, 0x0000000084900000|100%| O|  |TAMS 0x0000000084900000, 0x0000000084800000| Untracked 
|  73|0x0000000084900000, 0x0000000084a00000, 0x0000000084a00000|100%| O|  |TAMS 0x0000000084a00000, 0x0000000084900000| Untracked 
|  74|0x0000000084a00000, 0x0000000084b00000, 0x0000000084b00000|100%| O|  |TAMS 0x0000000084b00000, 0x0000000084a00000| Untracked 
|  75|0x0000000084b00000, 0x0000000084c00000, 0x0000000084c00000|100%| O|  |TAMS 0x0000000084c00000, 0x0000000084b00000| Untracked 
|  76|0x0000000084c00000, 0x0000000084d00000, 0x0000000084d00000|100%| O|  |TAMS 0x0000000084d00000, 0x0000000084c00000| Untracked 
|  77|0x0000000084d00000, 0x0000000084e00000, 0x0000000084e00000|100%| O|  |TAMS 0x0000000084e00000, 0x0000000084d00000| Untracked 
|  78|0x0000000084e00000, 0x0000000084f00000, 0x0000000084f00000|100%| O|  |TAMS 0x0000000084f00000, 0x0000000084e00000| Untracked 
|  79|0x0000000084f00000, 0x0000000085000000, 0x0000000085000000|100%| O|  |TAMS 0x0000000085000000, 0x0000000084f00000| Untracked 
|  80|0x0000000085000000, 0x0000000085100000, 0x0000000085100000|100%| O|  |TAMS 0x0000000085100000, 0x0000000085000000| Untracked 
|  81|0x0000000085100000, 0x0000000085200000, 0x0000000085200000|100%| O|  |TAMS 0x0000000085100000, 0x0000000085100000| Untracked 
|  82|0x0000000085200000, 0x0000000085300000, 0x0000000085300000|100%| O|  |TAMS 0x0000000085300000, 0x0000000085200000| Untracked 
|  83|0x0000000085300000, 0x0000000085400000, 0x0000000085400000|100%|HS|  |TAMS 0x0000000085400000, 0x0000000085300000| Complete 
|  84|0x0000000085400000, 0x0000000085500000, 0x0000000085500000|100%|HS|  |TAMS 0x0000000085500000, 0x0000000085400000| Complete 
|  85|0x0000000085500000, 0x0000000085600000, 0x0000000085600000|100%|HS|  |TAMS 0x0000000085600000, 0x0000000085500000| Complete 
|  86|0x0000000085600000, 0x0000000085700000, 0x0000000085700000|100%|HS|  |TAMS 0x0000000085700000, 0x0000000085600000| Complete 
|  87|0x0000000085700000, 0x0000000085800000, 0x0000000085800000|100%| O|  |TAMS 0x0000000085800000, 0x0000000085700000| Untracked 
|  88|0x0000000085800000, 0x0000000085900000, 0x0000000085900000|100%|HS|  |TAMS 0x0000000085900000, 0x0000000085800000| Complete 
|  89|0x0000000085900000, 0x0000000085a00000, 0x0000000085a00000|100%|HS|  |TAMS 0x0000000085a00000, 0x0000000085900000| Complete 
|  90|0x0000000085a00000, 0x0000000085b00000, 0x0000000085b00000|100%| O|  |TAMS 0x0000000085b00000, 0x0000000085a00000| Untracked 
|  91|0x0000000085b00000, 0x0000000085c00000, 0x0000000085c00000|100%| O|  |TAMS 0x0000000085c00000, 0x0000000085b00000| Untracked 
|  92|0x0000000085c00000, 0x0000000085d00000, 0x0000000085d00000|100%| O|  |TAMS 0x0000000085d00000, 0x0000000085c00000| Untracked 
|  93|0x0000000085d00000, 0x0000000085e00000, 0x0000000085e00000|100%| O|  |TAMS 0x0000000085e00000, 0x0000000085d00000| Untracked 
|  94|0x0000000085e00000, 0x0000000085f00000, 0x0000000085f00000|100%| O|  |TAMS 0x0000000085f00000, 0x0000000085e00000| Untracked 
|  95|0x0000000085f00000, 0x0000000086000000, 0x0000000086000000|100%| O|  |TAMS 0x0000000086000000, 0x0000000085f00000| Untracked 
|  96|0x0000000086000000, 0x0000000086100000, 0x0000000086100000|100%|HS|  |TAMS 0x0000000086100000, 0x0000000086000000| Complete 
|  97|0x0000000086100000, 0x0000000086200000, 0x0000000086200000|100%|HS|  |TAMS 0x0000000086200000, 0x0000000086100000| Complete 
|  98|0x0000000086200000, 0x0000000086300000, 0x0000000086300000|100%|HC|  |TAMS 0x0000000086300000, 0x0000000086200000| Complete 
|  99|0x0000000086300000, 0x0000000086400000, 0x0000000086400000|100%| O|  |TAMS 0x0000000086400000, 0x0000000086300000| Untracked 
| 100|0x0000000086400000, 0x0000000086500000, 0x0000000086500000|100%| O|  |TAMS 0x0000000086500000, 0x0000000086400000| Untracked 
| 101|0x0000000086500000, 0x0000000086600000, 0x0000000086600000|100%| O|  |TAMS 0x0000000086600000, 0x0000000086500000| Untracked 
| 102|0x0000000086600000, 0x0000000086700000, 0x0000000086700000|100%| O|  |TAMS 0x0000000086700000, 0x0000000086600000| Untracked 
| 103|0x0000000086700000, 0x0000000086800000, 0x0000000086800000|100%| O|  |TAMS 0x0000000086800000, 0x0000000086700000| Untracked 
| 104|0x0000000086800000, 0x0000000086900000, 0x0000000086900000|100%| O|  |TAMS 0x0000000086900000, 0x0000000086800000| Untracked 
| 105|0x0000000086900000, 0x0000000086a00000, 0x0000000086a00000|100%| O|  |TAMS 0x0000000086a00000, 0x0000000086900000| Untracked 
| 106|0x0000000086a00000, 0x0000000086b00000, 0x0000000086b00000|100%| O|  |TAMS 0x0000000086b00000, 0x0000000086a00000| Untracked 
| 107|0x0000000086b00000, 0x0000000086c00000, 0x0000000086c00000|100%| O|  |TAMS 0x0000000086b00000, 0x0000000086b00000| Untracked 
| 108|0x0000000086c00000, 0x0000000086d00000, 0x0000000086d00000|100%| O|  |TAMS 0x0000000086d00000, 0x0000000086c00000| Untracked 
| 109|0x0000000086d00000, 0x0000000086e00000, 0x0000000086e00000|100%| O|  |TAMS 0x0000000086e00000, 0x0000000086d00000| Untracked 
| 110|0x0000000086e00000, 0x0000000086f00000, 0x0000000086f00000|100%| O|  |TAMS 0x0000000086f00000, 0x0000000086e00000| Untracked 
| 111|0x0000000086f00000, 0x0000000087000000, 0x0000000087000000|100%| O|  |TAMS 0x0000000087000000, 0x0000000086f00000| Untracked 
| 112|0x0000000087000000, 0x0000000087100000, 0x0000000087100000|100%| O|  |TAMS 0x0000000087100000, 0x0000000087000000| Untracked 
| 113|0x0000000087100000, 0x0000000087200000, 0x0000000087200000|100%| O|  |TAMS 0x0000000087200000, 0x0000000087100000| Untracked 
| 114|0x0000000087200000, 0x0000000087300000, 0x0000000087300000|100%| O|  |TAMS 0x0000000087200000, 0x0000000087200000| Untracked 
| 115|0x0000000087300000, 0x0000000087400000, 0x0000000087400000|100%| O|  |TAMS 0x0000000087400000, 0x0000000087300000| Untracked 
| 116|0x0000000087400000, 0x0000000087500000, 0x0000000087500000|100%| O|  |TAMS 0x0000000087500000, 0x0000000087400000| Untracked 
| 117|0x0000000087500000, 0x0000000087600000, 0x0000000087600000|100%| O|  |TAMS 0x0000000087600000, 0x0000000087500000| Untracked 
| 118|0x0000000087600000, 0x0000000087700000, 0x0000000087700000|100%| O|  |TAMS 0x0000000087700000, 0x0000000087600000| Untracked 
| 119|0x0000000087700000, 0x0000000087800000, 0x0000000087800000|100%| O|  |TAMS 0x0000000087800000, 0x0000000087700000| Untracked 
| 120|0x0000000087800000, 0x0000000087900000, 0x0000000087900000|100%| O|  |TAMS 0x0000000087900000, 0x0000000087800000| Untracked 
| 121|0x0000000087900000, 0x0000000087a00000, 0x0000000087a00000|100%| O|  |TAMS 0x0000000087a00000, 0x0000000087900000| Untracked 
| 122|0x0000000087a00000, 0x0000000087b00000, 0x0000000087b00000|100%| O|  |TAMS 0x0000000087b00000, 0x0000000087a00000| Untracked 
| 123|0x0000000087b00000, 0x0000000087c00000, 0x0000000087c00000|100%| O|  |TAMS 0x0000000087c00000, 0x0000000087b00000| Untracked 
| 124|0x0000000087c00000, 0x0000000087d00000, 0x0000000087d00000|100%| O|  |TAMS 0x0000000087d00000, 0x0000000087c00000| Untracked 
| 125|0x0000000087d00000, 0x0000000087e00000, 0x0000000087e00000|100%| O|  |TAMS 0x0000000087e00000, 0x0000000087d00000| Untracked 
| 126|0x0000000087e00000, 0x0000000087f00000, 0x0000000087f00000|100%| O|  |TAMS 0x0000000087f00000, 0x0000000087e00000| Untracked 
| 127|0x0000000087f00000, 0x0000000088000000, 0x0000000088000000|100%| O|  |TAMS 0x0000000088000000, 0x0000000087f00000| Untracked 
| 128|0x0000000088000000, 0x0000000088100000, 0x0000000088100000|100%| O|  |TAMS 0x0000000088100000, 0x0000000088000000| Untracked 
| 129|0x0000000088100000, 0x0000000088200000, 0x0000000088200000|100%| O|  |TAMS 0x0000000088200000, 0x0000000088100000| Untracked 
| 130|0x0000000088200000, 0x0000000088300000, 0x0000000088300000|100%| O|  |TAMS 0x0000000088200000, 0x0000000088200000| Untracked 
| 131|0x0000000088300000, 0x0000000088300000, 0x0000000088400000|  0%| F|  |TAMS 0x0000000088300000, 0x0000000088300000| Untracked 
| 132|0x0000000088400000, 0x0000000088400000, 0x0000000088500000|  0%| F|  |TAMS 0x0000000088400000, 0x0000000088400000| Untracked 
| 133|0x0000000088500000, 0x0000000088600000, 0x0000000088600000|100%| O|  |TAMS 0x00000000885f8000, 0x0000000088500000| Untracked 
| 134|0x0000000088600000, 0x0000000088700000, 0x0000000088700000|100%|HS|  |TAMS 0x0000000088600000, 0x0000000088600000| Complete 
| 135|0x0000000088700000, 0x0000000088800000, 0x0000000088800000|100%|HC|  |TAMS 0x0000000088700000, 0x0000000088700000| Complete 
| 136|0x0000000088800000, 0x0000000088900000, 0x0000000088900000|100%|HC|  |TAMS 0x0000000088800000, 0x0000000088800000| Complete 
| 137|0x0000000088900000, 0x0000000088a00000, 0x0000000088a00000|100%|HS|  |TAMS 0x0000000088900000, 0x0000000088900000| Complete 
| 138|0x0000000088a00000, 0x0000000088b00000, 0x0000000088b00000|100%|HC|  |TAMS 0x0000000088a00000, 0x0000000088a00000| Complete 
| 139|0x0000000088b00000, 0x0000000088c00000, 0x0000000088c00000|100%| O|  |TAMS 0x0000000088b00000, 0x0000000088b00000| Untracked 
| 140|0x0000000088c00000, 0x0000000088d00000, 0x0000000088d00000|100%| O|  |TAMS 0x0000000088c00000, 0x0000000088c00000| Untracked 
| 141|0x0000000088d00000, 0x0000000088e00000, 0x0000000088e00000|100%| O|  |TAMS 0x0000000088d00000, 0x0000000088d00000| Untracked 
| 142|0x0000000088e00000, 0x0000000088f00000, 0x0000000088f00000|100%| O|  |TAMS 0x0000000088e00000, 0x0000000088e00000| Untracked 
| 143|0x0000000088f00000, 0x0000000089000000, 0x0000000089000000|100%| O|  |TAMS 0x0000000088f00000, 0x0000000088f00000| Untracked 
| 144|0x0000000089000000, 0x0000000089100000, 0x0000000089100000|100%| O|  |TAMS 0x0000000089000000, 0x0000000089000000| Untracked 
| 145|0x0000000089100000, 0x0000000089200000, 0x0000000089200000|100%| O|  |TAMS 0x0000000089100000, 0x0000000089100000| Untracked 
| 146|0x0000000089200000, 0x0000000089300000, 0x0000000089300000|100%| O|  |TAMS 0x0000000089200000, 0x0000000089200000| Untracked 
| 147|0x0000000089300000, 0x0000000089400000, 0x0000000089400000|100%| O|  |TAMS 0x0000000089300000, 0x0000000089300000| Untracked 
| 148|0x0000000089400000, 0x0000000089500000, 0x0000000089500000|100%| O|  |TAMS 0x0000000089400000, 0x0000000089400000| Untracked 
| 149|0x0000000089500000, 0x0000000089600000, 0x0000000089600000|100%| O|  |TAMS 0x0000000089500000, 0x0000000089500000| Untracked 
| 150|0x0000000089600000, 0x0000000089700000, 0x0000000089700000|100%| O|  |TAMS 0x0000000089600000, 0x0000000089600000| Untracked 
| 151|0x0000000089700000, 0x0000000089800000, 0x0000000089800000|100%| O|  |TAMS 0x0000000089700000, 0x0000000089700000| Untracked 
| 152|0x0000000089800000, 0x0000000089900000, 0x0000000089900000|100%| O|  |TAMS 0x0000000089800000, 0x0000000089800000| Untracked 
| 153|0x0000000089900000, 0x0000000089a00000, 0x0000000089a00000|100%| O|  |TAMS 0x0000000089900000, 0x0000000089900000| Untracked 
| 154|0x0000000089a00000, 0x0000000089a00000, 0x0000000089b00000|  0%| F|  |TAMS 0x0000000089a00000, 0x0000000089a00000| Untracked 
| 155|0x0000000089b00000, 0x0000000089b00000, 0x0000000089c00000|  0%| F|  |TAMS 0x0000000089b00000, 0x0000000089b00000| Untracked 
| 156|0x0000000089c00000, 0x0000000089c00000, 0x0000000089d00000|  0%| F|  |TAMS 0x0000000089c00000, 0x0000000089c00000| Untracked 
| 157|0x0000000089d00000, 0x0000000089d00000, 0x0000000089e00000|  0%| F|  |TAMS 0x0000000089d00000, 0x0000000089d00000| Untracked 
| 158|0x0000000089e00000, 0x0000000089e00000, 0x0000000089f00000|  0%| F|  |TAMS 0x0000000089e00000, 0x0000000089e00000| Untracked 
| 159|0x0000000089f00000, 0x0000000089f00000, 0x000000008a000000|  0%| F|  |TAMS 0x0000000089f00000, 0x0000000089f00000| Untracked 
| 160|0x000000008a000000, 0x000000008a000000, 0x000000008a100000|  0%| F|  |TAMS 0x000000008a000000, 0x000000008a000000| Untracked 
| 161|0x000000008a100000, 0x000000008a100000, 0x000000008a200000|  0%| F|  |TAMS 0x000000008a100000, 0x000000008a100000| Untracked 
| 162|0x000000008a200000, 0x000000008a200000, 0x000000008a300000|  0%| F|  |TAMS 0x000000008a200000, 0x000000008a200000| Untracked 
| 163|0x000000008a300000, 0x000000008a300000, 0x000000008a400000|  0%| F|  |TAMS 0x000000008a300000, 0x000000008a300000| Untracked 
| 164|0x000000008a400000, 0x000000008a400000, 0x000000008a500000|  0%| F|  |TAMS 0x000000008a400000, 0x000000008a400000| Untracked 
| 165|0x000000008a500000, 0x000000008a500000, 0x000000008a600000|  0%| F|  |TAMS 0x000000008a500000, 0x000000008a500000| Untracked 
| 166|0x000000008a600000, 0x000000008a600000, 0x000000008a700000|  0%| F|  |TAMS 0x000000008a600000, 0x000000008a600000| Untracked 
| 167|0x000000008a700000, 0x000000008a700000, 0x000000008a800000|  0%| F|  |TAMS 0x000000008a700000, 0x000000008a700000| Untracked 
| 168|0x000000008a800000, 0x000000008a800000, 0x000000008a900000|  0%| F|  |TAMS 0x000000008a800000, 0x000000008a800000| Untracked 
| 169|0x000000008a900000, 0x000000008a900000, 0x000000008aa00000|  0%| F|  |TAMS 0x000000008a900000, 0x000000008a900000| Untracked 
| 170|0x000000008aa00000, 0x000000008aa00000, 0x000000008ab00000|  0%| F|  |TAMS 0x000000008aa00000, 0x000000008aa00000| Untracked 
| 171|0x000000008ab00000, 0x000000008ab00000, 0x000000008ac00000|  0%| F|  |TAMS 0x000000008ab00000, 0x000000008ab00000| Untracked 
| 172|0x000000008ac00000, 0x000000008ac00000, 0x000000008ad00000|  0%| F|  |TAMS 0x000000008ac00000, 0x000000008ac00000| Untracked 
| 173|0x000000008ad00000, 0x000000008ad00000, 0x000000008ae00000|  0%| F|  |TAMS 0x000000008ad00000, 0x000000008ad00000| Untracked 
| 174|0x000000008ae00000, 0x000000008ae00000, 0x000000008af00000|  0%| F|  |TAMS 0x000000008ae00000, 0x000000008ae00000| Untracked 
| 175|0x000000008af00000, 0x000000008af00000, 0x000000008b000000|  0%| F|  |TAMS 0x000000008af00000, 0x000000008af00000| Untracked 
| 176|0x000000008b000000, 0x000000008b000000, 0x000000008b100000|  0%| F|  |TAMS 0x000000008b000000, 0x000000008b000000| Untracked 
| 177|0x000000008b100000, 0x000000008b100000, 0x000000008b200000|  0%| F|  |TAMS 0x000000008b100000, 0x000000008b100000| Untracked 
| 178|0x000000008b200000, 0x000000008b200000, 0x000000008b300000|  0%| F|  |TAMS 0x000000008b200000, 0x000000008b200000| Untracked 
| 179|0x000000008b300000, 0x000000008b300000, 0x000000008b400000|  0%| F|  |TAMS 0x000000008b300000, 0x000000008b300000| Untracked 
| 180|0x000000008b400000, 0x000000008b400000, 0x000000008b500000|  0%| F|  |TAMS 0x000000008b400000, 0x000000008b400000| Untracked 
| 181|0x000000008b500000, 0x000000008b500000, 0x000000008b600000|  0%| F|  |TAMS 0x000000008b500000, 0x000000008b500000| Untracked 
| 182|0x000000008b600000, 0x000000008b600000, 0x000000008b700000|  0%| F|  |TAMS 0x000000008b600000, 0x000000008b600000| Untracked 
| 183|0x000000008b700000, 0x000000008b700000, 0x000000008b800000|  0%| F|  |TAMS 0x000000008b700000, 0x000000008b700000| Untracked 
| 184|0x000000008b800000, 0x000000008b800000, 0x000000008b900000|  0%| F|  |TAMS 0x000000008b800000, 0x000000008b800000| Untracked 
| 185|0x000000008b900000, 0x000000008b900000, 0x000000008ba00000|  0%| F|  |TAMS 0x000000008b900000, 0x000000008b900000| Untracked 
| 186|0x000000008ba00000, 0x000000008ba00000, 0x000000008bb00000|  0%| F|  |TAMS 0x000000008ba00000, 0x000000008ba00000| Untracked 
| 187|0x000000008bb00000, 0x000000008bb00000, 0x000000008bc00000|  0%| F|  |TAMS 0x000000008bb00000, 0x000000008bb00000| Untracked 
| 188|0x000000008bc00000, 0x000000008bc00000, 0x000000008bd00000|  0%| F|  |TAMS 0x000000008bc00000, 0x000000008bc00000| Untracked 
| 189|0x000000008bd00000, 0x000000008be00000, 0x000000008be00000|100%| S|CS|TAMS 0x000000008bd00000, 0x000000008bd00000| Complete 
| 190|0x000000008be00000, 0x000000008bf00000, 0x000000008bf00000|100%| S|CS|TAMS 0x000000008be00000, 0x000000008be00000| Complete 
| 191|0x000000008bf00000, 0x000000008c000000, 0x000000008c000000|100%| S|CS|TAMS 0x000000008bf00000, 0x000000008bf00000| Complete 
| 192|0x000000008c000000, 0x000000008c100000, 0x000000008c100000|100%| S|CS|TAMS 0x000000008c000000, 0x000000008c000000| Complete 
| 193|0x000000008c100000, 0x000000008c200000, 0x000000008c200000|100%| S|CS|TAMS 0x000000008c100000, 0x000000008c100000| Complete 
| 194|0x000000008c200000, 0x000000008c300000, 0x000000008c300000|100%| S|CS|TAMS 0x000000008c200000, 0x000000008c200000| Complete 
| 195|0x000000008c300000, 0x000000008c400000, 0x000000008c400000|100%| S|CS|TAMS 0x000000008c300000, 0x000000008c300000| Complete 
| 196|0x000000008c400000, 0x000000008c400000, 0x000000008c500000|  0%| F|  |TAMS 0x000000008c400000, 0x000000008c400000| Untracked 
| 197|0x000000008c500000, 0x000000008c500000, 0x000000008c600000|  0%| F|  |TAMS 0x000000008c500000, 0x000000008c500000| Untracked 
| 198|0x000000008c600000, 0x000000008c600000, 0x000000008c700000|  0%| F|  |TAMS 0x000000008c600000, 0x000000008c600000| Untracked 
| 199|0x000000008c700000, 0x000000008c700000, 0x000000008c800000|  0%| F|  |TAMS 0x000000008c700000, 0x000000008c700000| Untracked 
| 200|0x000000008c800000, 0x000000008c800000, 0x000000008c900000|  0%| F|  |TAMS 0x000000008c800000, 0x000000008c800000| Untracked 
| 201|0x000000008c900000, 0x000000008c900000, 0x000000008ca00000|  0%| F|  |TAMS 0x000000008c900000, 0x000000008c900000| Untracked 
| 202|0x000000008ca00000, 0x000000008ca00000, 0x000000008cb00000|  0%| F|  |TAMS 0x000000008ca00000, 0x000000008ca00000| Untracked 
| 203|0x000000008cb00000, 0x000000008cb00000, 0x000000008cc00000|  0%| F|  |TAMS 0x000000008cb00000, 0x000000008cb00000| Untracked 
| 204|0x000000008cc00000, 0x000000008cc00000, 0x000000008cd00000|  0%| F|  |TAMS 0x000000008cc00000, 0x000000008cc00000| Untracked 
| 205|0x000000008cd00000, 0x000000008cd00000, 0x000000008ce00000|  0%| F|  |TAMS 0x000000008cd00000, 0x000000008cd00000| Untracked 
| 206|0x000000008ce00000, 0x000000008ce00000, 0x000000008cf00000|  0%| F|  |TAMS 0x000000008ce00000, 0x000000008ce00000| Untracked 
| 207|0x000000008cf00000, 0x000000008cf00000, 0x000000008d000000|  0%| F|  |TAMS 0x000000008cf00000, 0x000000008cf00000| Untracked 
| 208|0x000000008d000000, 0x000000008d000000, 0x000000008d100000|  0%| F|  |TAMS 0x000000008d000000, 0x000000008d000000| Untracked 
| 209|0x000000008d100000, 0x000000008d100000, 0x000000008d200000|  0%| F|  |TAMS 0x000000008d100000, 0x000000008d100000| Untracked 
| 210|0x000000008d200000, 0x000000008d200000, 0x000000008d300000|  0%| F|  |TAMS 0x000000008d200000, 0x000000008d200000| Untracked 
| 211|0x000000008d300000, 0x000000008d300000, 0x000000008d400000|  0%| F|  |TAMS 0x000000008d300000, 0x000000008d300000| Untracked 
| 212|0x000000008d400000, 0x000000008d400000, 0x000000008d500000|  0%| F|  |TAMS 0x000000008d400000, 0x000000008d400000| Untracked 
| 213|0x000000008d500000, 0x000000008d500000, 0x000000008d600000|  0%| F|  |TAMS 0x000000008d500000, 0x000000008d500000| Untracked 
| 214|0x000000008d600000, 0x000000008d600000, 0x000000008d700000|  0%| F|  |TAMS 0x000000008d600000, 0x000000008d600000| Untracked 
| 215|0x000000008d700000, 0x000000008d700000, 0x000000008d800000|  0%| F|  |TAMS 0x000000008d700000, 0x000000008d700000| Untracked 
| 216|0x000000008d800000, 0x000000008d800000, 0x000000008d900000|  0%| F|  |TAMS 0x000000008d800000, 0x000000008d800000| Untracked 
| 217|0x000000008d900000, 0x000000008d900000, 0x000000008da00000|  0%| F|  |TAMS 0x000000008d900000, 0x000000008d900000| Untracked 
| 218|0x000000008da00000, 0x000000008da00000, 0x000000008db00000|  0%| F|  |TAMS 0x000000008da00000, 0x000000008da00000| Untracked 
| 219|0x000000008db00000, 0x000000008db00000, 0x000000008dc00000|  0%| F|  |TAMS 0x000000008db00000, 0x000000008db00000| Untracked 
| 220|0x000000008dc00000, 0x000000008dc00000, 0x000000008dd00000|  0%| F|  |TAMS 0x000000008dc00000, 0x000000008dc00000| Untracked 
| 221|0x000000008dd00000, 0x000000008dd00000, 0x000000008de00000|  0%| F|  |TAMS 0x000000008dd00000, 0x000000008dd00000| Untracked 
| 222|0x000000008de00000, 0x000000008de00000, 0x000000008df00000|  0%| F|  |TAMS 0x000000008de00000, 0x000000008de00000| Untracked 
| 223|0x000000008df00000, 0x000000008df00000, 0x000000008e000000|  0%| F|  |TAMS 0x000000008df00000, 0x000000008df00000| Untracked 
| 224|0x000000008e000000, 0x000000008e000000, 0x000000008e100000|  0%| F|  |TAMS 0x000000008e000000, 0x000000008e000000| Untracked 
| 225|0x000000008e100000, 0x000000008e100000, 0x000000008e200000|  0%| F|  |TAMS 0x000000008e100000, 0x000000008e100000| Untracked 
| 226|0x000000008e200000, 0x000000008e200000, 0x000000008e300000|  0%| F|  |TAMS 0x000000008e200000, 0x000000008e200000| Untracked 
| 227|0x000000008e300000, 0x000000008e300000, 0x000000008e400000|  0%| F|  |TAMS 0x000000008e300000, 0x000000008e300000| Untracked 
| 228|0x000000008e400000, 0x000000008e400000, 0x000000008e500000|  0%| F|  |TAMS 0x000000008e400000, 0x000000008e400000| Untracked 
| 229|0x000000008e500000, 0x000000008e500000, 0x000000008e600000|  0%| F|  |TAMS 0x000000008e500000, 0x000000008e500000| Untracked 
| 230|0x000000008e600000, 0x000000008e600000, 0x000000008e700000|  0%| F|  |TAMS 0x000000008e600000, 0x000000008e600000| Untracked 
| 231|0x000000008e700000, 0x000000008e700000, 0x000000008e800000|  0%| F|  |TAMS 0x000000008e700000, 0x000000008e700000| Untracked 
| 232|0x000000008e800000, 0x000000008e800000, 0x000000008e900000|  0%| F|  |TAMS 0x000000008e800000, 0x000000008e800000| Untracked 
| 233|0x000000008e900000, 0x000000008e900000, 0x000000008ea00000|  0%| F|  |TAMS 0x000000008e900000, 0x000000008e900000| Untracked 
| 234|0x000000008ea00000, 0x000000008ea00000, 0x000000008eb00000|  0%| F|  |TAMS 0x000000008ea00000, 0x000000008ea00000| Untracked 
| 235|0x000000008eb00000, 0x000000008eb00000, 0x000000008ec00000|  0%| F|  |TAMS 0x000000008eb00000, 0x000000008eb00000| Untracked 
| 236|0x000000008ec00000, 0x000000008ec00000, 0x000000008ed00000|  0%| F|  |TAMS 0x000000008ec00000, 0x000000008ec00000| Untracked 
| 237|0x000000008ed00000, 0x000000008ed00000, 0x000000008ee00000|  0%| F|  |TAMS 0x000000008ed00000, 0x000000008ed00000| Untracked 
| 238|0x000000008ee00000, 0x000000008ee00000, 0x000000008ef00000|  0%| F|  |TAMS 0x000000008ee00000, 0x000000008ee00000| Untracked 
| 239|0x000000008ef00000, 0x000000008ef00000, 0x000000008f000000|  0%| F|  |TAMS 0x000000008ef00000, 0x000000008ef00000| Untracked 
| 240|0x000000008f000000, 0x000000008f000000, 0x000000008f100000|  0%| F|  |TAMS 0x000000008f000000, 0x000000008f000000| Untracked 
| 241|0x000000008f100000, 0x000000008f100000, 0x000000008f200000|  0%| F|  |TAMS 0x000000008f100000, 0x000000008f100000| Untracked 
| 242|0x000000008f200000, 0x000000008f200000, 0x000000008f300000|  0%| F|  |TAMS 0x000000008f200000, 0x000000008f200000| Untracked 
| 243|0x000000008f300000, 0x000000008f300000, 0x000000008f400000|  0%| F|  |TAMS 0x000000008f300000, 0x000000008f300000| Untracked 
| 244|0x000000008f400000, 0x000000008f400000, 0x000000008f500000|  0%| F|  |TAMS 0x000000008f400000, 0x000000008f400000| Untracked 
| 245|0x000000008f500000, 0x000000008f500000, 0x000000008f600000|  0%| F|  |TAMS 0x000000008f500000, 0x000000008f500000| Untracked 
| 246|0x000000008f600000, 0x000000008f600000, 0x000000008f700000|  0%| F|  |TAMS 0x000000008f600000, 0x000000008f600000| Untracked 

Card table byte_map: [0x000001bc2c3b0000,0x000001bc2c7b0000] _byte_map_base: 0x000001bc2bfb0000

Marking Bits (Prev, Next): (CMBitMap*) 0x000001bc151bd750, (CMBitMap*) 0x000001bc151bd710
 Prev Bits: [0x000001bc2ebb0000, 0x000001bc30bb0000)
 Next Bits: [0x000001bc2cbb0000, 0x000001bc2ebb0000)

Polling page: 0x000001bc12f80000

Metaspace:

Usage:
  Non-class:     92.81 MB used.
      Class:     14.98 MB used.
       Both:    107.79 MB used.

Virtual space:
  Non-class space:      128.00 MB reserved,      93.56 MB ( 73%) committed,  2 nodes.
      Class space:      416.00 MB reserved,      15.56 MB (  4%) committed,  1 nodes.
             Both:      544.00 MB reserved,     109.12 MB ( 20%) committed. 

Chunk freelists:
   Non-Class:  2.33 MB
       Class:  479.00 KB
        Both:  2.80 MB

MaxMetaspaceSize: 512.00 MB
CompressedClassSpaceSize: 416.00 MB
Initial GC threshold: 21.00 MB
Current GC threshold: 178.88 MB
CDS: on
MetaspaceReclaimPolicy: balanced
 - commit_granule_bytes: 65536.
 - commit_granule_words: 8192.
 - virtual_space_node_default_size: 8388608.
 - enlarge_chunks_in_place: 1.
 - new_chunks_are_fully_committed: 0.
 - uncommit_free_chunks: 1.
 - use_allocation_guard: 0.
 - handle_deallocations: 1.


Internal statistics:

num_allocs_failed_limit: 12.
num_arena_births: 1722.
num_arena_deaths: 0.
num_vsnodes_births: 3.
num_vsnodes_deaths: 0.
num_space_committed: 1746.
num_space_uncommitted: 0.
num_chunks_returned_to_freelist: 12.
num_chunks_taken_from_freelist: 6894.
num_chunk_merges: 12.
num_chunk_splits: 4393.
num_chunks_enlarged: 2680.
num_inconsistent_stats: 0.

CodeHeap 'non-profiled nmethods': size=120000Kb used=8851Kb max_used=8851Kb free=111148Kb
 bounds [0x000001bc24750000, 0x000001bc25000000, 0x000001bc2bc80000]
CodeHeap 'profiled nmethods': size=120000Kb used=25293Kb max_used=25293Kb free=94706Kb
 bounds [0x000001bc1cc80000, 0x000001bc1e540000, 0x000001bc241b0000]
CodeHeap 'non-nmethods': size=5760Kb used=2455Kb max_used=2493Kb free=3304Kb
 bounds [0x000001bc241b0000, 0x000001bc24430000, 0x000001bc24750000]
 total_blobs=13910 nmethods=12917 adapters=904
 compilation: enabled
              stopped_count=0, restarted_count=0
 full_count=0

Compilation events (20 events):
Event: 108.872 Thread 0x000001bc33628820 nmethod 15259 0x000001bc1e537110 code [0x000001bc1e537320, 0x000001bc1e537ab8]
Event: 108.873 Thread 0x000001bc33628820 15254       3       org.gradle.internal.watch.registry.impl.HierarchicalFileWatcherUpdater$$Lambda$360/0x000001bc3536eca8::test (16 bytes)
Event: 108.873 Thread 0x000001bc33628820 nmethod 15254 0x000001bc1e537d90 code [0x000001bc1e537f60, 0x000001bc1e5384b8]
Event: 108.874 Thread 0x000001bc33628820 15255       3       org.gradle.internal.watch.registry.impl.HierarchicalFileWatcherUpdater::lambda$handleVirtualFileSystemContentsChanged$0 (34 bytes)
Event: 108.874 Thread 0x000001bc33628820 nmethod 15255 0x000001bc1e538690 code [0x000001bc1e538860, 0x000001bc1e538c78]
Event: 108.874 Thread 0x000001bc33628820 15258       3       org.gradle.internal.file.FileHierarchySet$PrefixFileSet::contains (13 bytes)
Event: 108.875 Thread 0x000001bc33628820 nmethod 15258 0x000001bc1e538e10 code [0x000001bc1e538fc0, 0x000001bc1e5391c8]
Event: 108.875 Thread 0x000001bc33628820 15253       3       org.gradle.api.internal.artifacts.transform.AbstractTransformExecution$$Lambda$959/0x000001bc356ac818::getValue (8 bytes)
Event: 108.876 Thread 0x000001bc33628820 nmethod 15253 0x000001bc1e539310 code [0x000001bc1e5394e0, 0x000001bc1e539918]
Event: 108.876 Thread 0x000001bc33628820 15250       3       org.gradle.internal.execution.impl.DefaultExecutionEngine$1::executeDeferred (22 bytes)
Event: 108.877 Thread 0x000001bc33628820 nmethod 15250 0x000001bc1e539b10 code [0x000001bc1e539cc0, 0x000001bc1e539f18]
Event: 108.877 Thread 0x000001bc33628820 15251       3       org.gradle.api.internal.artifacts.transform.DefaultTransformInvocationFactory$$Lambda$962/0x000001bc356ad110::<init> (15 bytes)
Event: 108.878 Thread 0x000001bc33628820 nmethod 15251 0x000001bc1e53a090 code [0x000001bc1e53a240, 0x000001bc1e53a458]
Event: 108.878 Thread 0x000001bc33628820 15252       3       org.gradle.api.internal.artifacts.transform.AbstractTransformExecution::lambda$visitIdentityInputs$0 (33 bytes)
Event: 108.879 Thread 0x000001bc33628820 nmethod 15252 0x000001bc1e53a510 code [0x000001bc1e53a6e0, 0x000001bc1e53aab8]
Event: 108.879 Thread 0x000001bc33628820 15261       3       org.gradle.api.internal.artifacts.transform.TransformExecutionResult$Builder::addEntireInputArtifact (17 bytes)
Event: 108.879 Thread 0x000001bc33628820 nmethod 15261 0x000001bc1e53ac90 code [0x000001bc1e53ae40, 0x000001bc1e53af88]
Event: 108.879 Thread 0x000001bc33628820 15262       3       org.gradle.api.internal.artifacts.transform.TransformExecutionResult$Builder$MixedInputAndProducedOutputResult::<init> (6 bytes)
Event: 108.880 Thread 0x000001bc33628820 nmethod 15262 0x000001bc1e53b090 code [0x000001bc1e53b240, 0x000001bc1e53b458]
Event: 108.880 Thread 0x000001bc33628820 15260       3       org.gradle.api.internal.artifacts.transform.TransformStep$$Lambda$963/0x000001bc356ad350::<init> (10 bytes)

GC Heap History (20 events):
Event: 91.575 GC heap after
{Heap after GC invocations=44 (full 0):
 garbage-first heap   total 223232K, used 123550K [0x0000000080000000, 0x0000000100000000)
  region size 1024K, 3 young (3072K), 3 survivors (3072K)
 Metaspace       used 100568K, committed 101696K, reserved 557056K
  class space    used 13865K, committed 14400K, reserved 425984K
}
Event: 94.131 GC heap before
{Heap before GC invocations=45 (full 0):
 garbage-first heap   total 224256K, used 190110K [0x0000000080000000, 0x0000000100000000)
  region size 1024K, 68 young (69632K), 3 survivors (3072K)
 Metaspace       used 104285K, committed 105472K, reserved 557056K
  class space    used 14456K, committed 14976K, reserved 425984K
}
Event: 94.142 GC heap after
{Heap after GC invocations=46 (full 0):
 garbage-first heap   total 224256K, used 125295K [0x0000000080000000, 0x0000000100000000)
  region size 1024K, 4 young (4096K), 4 survivors (4096K)
 Metaspace       used 104285K, committed 105472K, reserved 557056K
  class space    used 14456K, committed 14976K, reserved 425984K
}
Event: 94.324 GC heap before
{Heap before GC invocations=46 (full 0):
 garbage-first heap   total 224256K, used 131439K [0x0000000080000000, 0x0000000100000000)
  region size 1024K, 10 young (10240K), 4 survivors (4096K)
 Metaspace       used 104563K, committed 105728K, reserved 557056K
  class space    used 14496K, committed 15040K, reserved 425984K
}
Event: 94.330 GC heap after
{Heap after GC invocations=47 (full 0):
 garbage-first heap   total 224256K, used 123955K [0x0000000080000000, 0x0000000100000000)
  region size 1024K, 1 young (1024K), 1 survivors (1024K)
 Metaspace       used 104563K, committed 105728K, reserved 557056K
  class space    used 14496K, committed 15040K, reserved 425984K
}
Event: 98.227 GC heap before
{Heap before GC invocations=47 (full 0):
 garbage-first heap   total 224256K, used 191539K [0x0000000080000000, 0x0000000100000000)
  region size 1024K, 67 young (68608K), 1 survivors (1024K)
 Metaspace       used 107035K, committed 108224K, reserved 557056K
  class space    used 14830K, committed 15360K, reserved 425984K
}
Event: 98.237 GC heap after
{Heap after GC invocations=48 (full 0):
 garbage-first heap   total 224256K, used 128469K [0x0000000080000000, 0x0000000100000000)
  region size 1024K, 6 young (6144K), 6 survivors (6144K)
 Metaspace       used 107035K, committed 108224K, reserved 557056K
  class space    used 14830K, committed 15360K, reserved 425984K
}
Event: 100.547 GC heap before
{Heap before GC invocations=49 (full 0):
 garbage-first heap   total 225280K, used 188885K [0x0000000080000000, 0x0000000100000000)
  region size 1024K, 66 young (67584K), 6 survivors (6144K)
 Metaspace       used 108225K, committed 109440K, reserved 557056K
  class space    used 15056K, committed 15616K, reserved 425984K
}
Event: 100.590 GC heap after
{Heap after GC invocations=50 (full 0):
 garbage-first heap   total 225280K, used 135365K [0x0000000080000000, 0x0000000100000000)
  region size 1024K, 7 young (7168K), 7 survivors (7168K)
 Metaspace       used 108225K, committed 109440K, reserved 557056K
  class space    used 15056K, committed 15616K, reserved 425984K
}
Event: 100.965 GC heap before
{Heap before GC invocations=50 (full 0):
 garbage-first heap   total 225280K, used 139461K [0x0000000080000000, 0x0000000100000000)
  region size 1024K, 11 young (11264K), 7 survivors (7168K)
 Metaspace       used 108392K, committed 109568K, reserved 557056K
  class space    used 15093K, committed 15616K, reserved 425984K
}
Event: 100.985 GC heap after
{Heap after GC invocations=51 (full 0):
 garbage-first heap   total 225280K, used 135136K [0x0000000080000000, 0x0000000100000000)
  region size 1024K, 1 young (1024K), 1 survivors (1024K)
 Metaspace       used 108392K, committed 109568K, reserved 557056K
  class space    used 15093K, committed 15616K, reserved 425984K
}
Event: 102.043 GC heap before
{Heap before GC invocations=51 (full 0):
 garbage-first heap   total 225280K, used 189408K [0x0000000080000000, 0x0000000100000000)
  region size 1024K, 55 young (56320K), 1 survivors (1024K)
 Metaspace       used 108618K, committed 109824K, reserved 557056K
  class space    used 15114K, committed 15680K, reserved 425984K
}
Event: 102.051 GC heap after
{Heap after GC invocations=52 (full 0):
 garbage-first heap   total 225280K, used 139173K [0x0000000080000000, 0x0000000100000000)
  region size 1024K, 5 young (5120K), 5 survivors (5120K)
 Metaspace       used 108618K, committed 109824K, reserved 557056K
  class space    used 15114K, committed 15680K, reserved 425984K
}
Event: 104.511 GC heap before
{Heap before GC invocations=52 (full 0):
 garbage-first heap   total 225280K, used 187301K [0x0000000080000000, 0x0000000100000000)
  region size 1024K, 54 young (55296K), 5 survivors (5120K)
 Metaspace       used 108670K, committed 109888K, reserved 557056K
  class space    used 15117K, committed 15680K, reserved 425984K
}
Event: 104.553 GC heap after
{Heap after GC invocations=53 (full 0):
 garbage-first heap   total 225280K, used 141635K [0x0000000080000000, 0x0000000100000000)
  region size 1024K, 5 young (5120K), 5 survivors (5120K)
 Metaspace       used 108670K, committed 109888K, reserved 557056K
  class space    used 15117K, committed 15680K, reserved 425984K
}
Event: 106.866 GC heap before
{Heap before GC invocations=54 (full 0):
 garbage-first heap   total 252928K, used 191811K [0x0000000080000000, 0x0000000100000000)
  region size 1024K, 50 young (51200K), 5 survivors (5120K)
 Metaspace       used 109203K, committed 110464K, reserved 557056K
  class space    used 15187K, committed 15744K, reserved 425984K
}
Event: 106.884 GC heap after
{Heap after GC invocations=55 (full 0):
 garbage-first heap   total 252928K, used 154940K [0x0000000080000000, 0x0000000100000000)
  region size 1024K, 7 young (7168K), 7 survivors (7168K)
 Metaspace       used 109203K, committed 110464K, reserved 557056K
  class space    used 15187K, committed 15744K, reserved 425984K
}
Event: 106.947 GC heap before
{Heap before GC invocations=55 (full 0):
 garbage-first heap   total 252928K, used 160060K [0x0000000080000000, 0x0000000100000000)
  region size 1024K, 12 young (12288K), 7 survivors (7168K)
 Metaspace       used 109207K, committed 110464K, reserved 557056K
  class space    used 15187K, committed 15744K, reserved 425984K
}
Event: 106.962 GC heap after
{Heap after GC invocations=56 (full 0):
 garbage-first heap   total 252928K, used 154451K [0x0000000080000000, 0x0000000100000000)
  region size 1024K, 1 young (1024K), 1 survivors (1024K)
 Metaspace       used 109207K, committed 110464K, reserved 557056K
  class space    used 15187K, committed 15744K, reserved 425984K
}
Event: 108.880 GC heap before
{Heap before GC invocations=56 (full 0):
 garbage-first heap   total 252928K, used 205651K [0x0000000080000000, 0x0000000100000000)
  region size 1024K, 51 young (52224K), 1 survivors (1024K)
 Metaspace       used 110374K, committed 111744K, reserved 557056K
  class space    used 15335K, committed 15936K, reserved 425984K
}

Dll operation events (16 events):
Event: 0.026 Loaded shared library C:\Program Files\Microsoft\jdk-17.0.13.11-hotspot\bin\java.dll
Event: 0.062 Loaded shared library C:\Program Files\Microsoft\jdk-17.0.13.11-hotspot\bin\jsvml.dll
Event: 0.186 Loaded shared library C:\Program Files\Microsoft\jdk-17.0.13.11-hotspot\bin\zip.dll
Event: 0.196 Loaded shared library C:\Program Files\Microsoft\jdk-17.0.13.11-hotspot\bin\instrument.dll
Event: 0.211 Loaded shared library C:\Program Files\Microsoft\jdk-17.0.13.11-hotspot\bin\net.dll
Event: 0.219 Loaded shared library C:\Program Files\Microsoft\jdk-17.0.13.11-hotspot\bin\nio.dll
Event: 0.227 Loaded shared library C:\Program Files\Microsoft\jdk-17.0.13.11-hotspot\bin\zip.dll
Event: 0.891 Loaded shared library C:\Program Files\Microsoft\jdk-17.0.13.11-hotspot\bin\jimage.dll
Event: 1.355 Loaded shared library C:\Program Files\Microsoft\jdk-17.0.13.11-hotspot\bin\verify.dll
Event: 1.767 Loaded shared library C:\Users\saura\.gradle\native\1def1411415f61bf3af743bc5b6707747c0891f09f0c88961ee8f79bc544acac\windows-amd64\native-platform.dll
Event: 1.801 Loaded shared library C:\Users\saura\.gradle\native\0.2.5\x86_64-windows-gnu\gradle-fileevents.dll
Event: 5.100 Loaded shared library C:\Program Files\Microsoft\jdk-17.0.13.11-hotspot\bin\management.dll
Event: 5.112 Loaded shared library C:\Program Files\Microsoft\jdk-17.0.13.11-hotspot\bin\management_ext.dll
Event: 5.668 Loaded shared library C:\Program Files\Microsoft\jdk-17.0.13.11-hotspot\bin\extnet.dll
Event: 6.328 Loaded shared library C:\Program Files\Microsoft\jdk-17.0.13.11-hotspot\bin\sunmscapi.dll
Event: 8.991 Loaded shared library C:\Users\saura\AppData\Local\Temp\native-platform6342837423299280989dir\gradle-fileevents.dll

Deoptimization events (20 events):
Event: 108.390 Thread 0x000001bc545a9b00 Uncommon trap: trap_request=0xffffffbe fr.pc=0x000001bc24c21728 relative=0x0000000000000268
Event: 108.390 Thread 0x000001bc545a9b00 Uncommon trap: reason=profile_predicate action=maybe_recompile pc=0x000001bc24c21728 method=java.util.Collections.indexedBinarySearch(Ljava/util/List;Ljava/lang/Object;Ljava/util/Comparator;)I @ 15 c2
Event: 108.390 Thread 0x000001bc545a9b00 DEOPT PACKING pc=0x000001bc24c21728 sp=0x000000a1229f7c20
Event: 108.390 Thread 0x000001bc545a9b00 DEOPT UNPACKING pc=0x000001bc242069a3 sp=0x000000a1229f7b40 mode 2
Event: 108.594 Thread 0x000001bc545a9b00 Uncommon trap: trap_request=0xffffffd6 fr.pc=0x000001bc24fe48b8 relative=0x0000000000000378
Event: 108.594 Thread 0x000001bc545a9b00 Uncommon trap: reason=array_check action=maybe_recompile pc=0x000001bc24fe48b8 method=java.util.AbstractCollection.toArray([Ljava/lang/Object;)[Ljava/lang/Object; @ 116 c2
Event: 108.594 Thread 0x000001bc545a9b00 DEOPT PACKING pc=0x000001bc24fe48b8 sp=0x000000a1229f5dc0
Event: 108.594 Thread 0x000001bc545a9b00 DEOPT UNPACKING pc=0x000001bc242069a3 sp=0x000000a1229f5d60 mode 2
Event: 108.594 Thread 0x000001bc545a9b00 Uncommon trap: trap_request=0xffffffd6 fr.pc=0x000001bc24fe48b8 relative=0x0000000000000378
Event: 108.594 Thread 0x000001bc545a9b00 Uncommon trap: reason=array_check action=maybe_recompile pc=0x000001bc24fe48b8 method=java.util.AbstractCollection.toArray([Ljava/lang/Object;)[Ljava/lang/Object; @ 116 c2
Event: 108.594 Thread 0x000001bc545a9b00 DEOPT PACKING pc=0x000001bc24fe48b8 sp=0x000000a1229f5dc0
Event: 108.594 Thread 0x000001bc545a9b00 DEOPT UNPACKING pc=0x000001bc242069a3 sp=0x000000a1229f5d60 mode 2
Event: 108.594 Thread 0x000001bc545a9b00 Uncommon trap: trap_request=0xffffffd6 fr.pc=0x000001bc24fe48b8 relative=0x0000000000000378
Event: 108.594 Thread 0x000001bc545a9b00 Uncommon trap: reason=array_check action=maybe_recompile pc=0x000001bc24fe48b8 method=java.util.AbstractCollection.toArray([Ljava/lang/Object;)[Ljava/lang/Object; @ 116 c2
Event: 108.594 Thread 0x000001bc545a9b00 DEOPT PACKING pc=0x000001bc24fe48b8 sp=0x000000a1229f5dc0
Event: 108.594 Thread 0x000001bc545a9b00 DEOPT UNPACKING pc=0x000001bc242069a3 sp=0x000000a1229f5d60 mode 2
Event: 108.594 Thread 0x000001bc545a9b00 Uncommon trap: trap_request=0xffffffd6 fr.pc=0x000001bc24fe48b8 relative=0x0000000000000378
Event: 108.595 Thread 0x000001bc545a9b00 Uncommon trap: reason=array_check action=maybe_recompile pc=0x000001bc24fe48b8 method=java.util.AbstractCollection.toArray([Ljava/lang/Object;)[Ljava/lang/Object; @ 116 c2
Event: 108.595 Thread 0x000001bc545a9b00 DEOPT PACKING pc=0x000001bc24fe48b8 sp=0x000000a1229f5dc0
Event: 108.595 Thread 0x000001bc545a9b00 DEOPT UNPACKING pc=0x000001bc242069a3 sp=0x000000a1229f5d60 mode 2

Classes loaded (20 events):
Event: 107.358 Loading class java/lang/EnumCustomizer
Event: 107.358 Loading class java/lang/EnumCustomizer done
Event: 107.412 Loading class java/lang/IntegerBeanInfo
Event: 107.412 Loading class java/lang/IntegerBeanInfo done
Event: 107.413 Loading class java/lang/IntegerBeanInfo
Event: 107.413 Loading class java/lang/IntegerBeanInfo done
Event: 107.413 Loading class java/lang/NumberBeanInfo
Event: 107.413 Loading class java/lang/NumberBeanInfo done
Event: 107.415 Loading class java/lang/NumberBeanInfo
Event: 107.415 Loading class java/lang/NumberBeanInfo done
Event: 107.416 Loading class java/lang/NumberCustomizer
Event: 107.416 Loading class java/lang/NumberCustomizer done
Event: 107.416 Loading class java/lang/NumberCustomizer
Event: 107.416 Loading class java/lang/NumberCustomizer done
Event: 107.417 Loading class java/lang/IntegerCustomizer
Event: 107.418 Loading class java/lang/IntegerCustomizer done
Event: 107.418 Loading class java/lang/IntegerCustomizer
Event: 107.418 Loading class java/lang/IntegerCustomizer done
Event: 107.490 Loading class jdk/internal/reflect/UnsafeStaticObjectFieldAccessorImpl
Event: 107.491 Loading class jdk/internal/reflect/UnsafeStaticObjectFieldAccessorImpl done

Classes unloaded (0 events):
No events

Classes redefined (0 events):
No events

Internal exceptions (20 events):
Event: 107.416 Thread 0x000001bc545a9b00 Exception <a 'java/lang/ClassNotFoundException'{0x000000008ea5d7b0}: java/lang/NumberCustomizer> (0x000000008ea5d7b0) 
thrown [s\src\hotspot\share\classfile\systemDictionary.cpp, line 256]
Event: 107.418 Thread 0x000001bc545a9b00 Exception <a 'java/lang/ClassNotFoundException'{0x000000008ea69648}: java/lang/IntegerCustomizer> (0x000000008ea69648) 
thrown [s\src\hotspot\share\classfile\systemDictionary.cpp, line 256]
Event: 107.450 Thread 0x000001bc545a9b00 Exception <a 'java/lang/ClassNotFoundException'{0x000000008e97e8b8}: com/android/build/gradle/internal/dsl/PackagingOptions$AgpDecorated_DecoratedBeanInfo> (0x000000008e97e8b8) 
thrown [s\src\hotspot\share\classfile\systemDictionary.cpp, line 256]
Event: 107.451 Thread 0x000001bc545a9b00 Exception <a 'java/lang/ClassNotFoundException'{0x000000008e991ee8}: com/android/build/gradle/internal/dsl/PackagingOptions$AgpDecoratedBeanInfo> (0x000000008e991ee8) 
thrown [s\src\hotspot\share\classfile\systemDictionary.cpp, line 256]
Event: 107.453 Thread 0x000001bc545a9b00 Exception <a 'java/lang/ClassNotFoundException'{0x000000008e9a4f70}: com/android/build/gradle/internal/dsl/PackagingOptionsBeanInfo> (0x000000008e9a4f70) 
thrown [s\src\hotspot\share\classfile\systemDictionary.cpp, line 256]
Event: 107.454 Thread 0x000001bc545a9b00 Exception <a 'java/lang/ClassNotFoundException'{0x000000008e9b8070}: com/android/build/gradle/internal/dsl/PackagingOptionsCustomizer> (0x000000008e9b8070) 
thrown [s\src\hotspot\share\classfile\systemDictionary.cpp, line 256]
Event: 107.455 Thread 0x000001bc545a9b00 Exception <a 'java/lang/ClassNotFoundException'{0x000000008e9d4858}: com/android/build/gradle/internal/dsl/PackagingOptions$AgpDecoratedCustomizer> (0x000000008e9d4858) 
thrown [s\src\hotspot\share\classfile\systemDictionary.cpp, line 256]
Event: 107.457 Thread 0x000001bc545a9b00 Exception <a 'java/lang/ClassNotFoundException'{0x000000008e9fde70}: com/android/build/gradle/internal/dsl/PackagingOptions$AgpDecorated_DecoratedCustomizer> (0x000000008e9fde70) 
thrown [s\src\hotspot\share\classfile\systemDictionary.cpp, line 256]
Event: 107.467 Thread 0x000001bc545a9b00 Exception <a 'java/lang/ClassNotFoundException'{0x000000008e865d58}: io/invertase/gradle/common/UtilitiesBeanInfo> (0x000000008e865d58) 
thrown [s\src\hotspot\share\classfile\systemDictionary.cpp, line 256]
Event: 107.468 Thread 0x000001bc545a9b00 Exception <a 'java/lang/ClassNotFoundException'{0x000000008e876b58}: io/invertase/gradle/common/UtilitiesCustomizer> (0x000000008e876b58) 
thrown [s\src\hotspot\share\classfile\systemDictionary.cpp, line 256]
Event: 107.473 Thread 0x000001bc545a9b00 Exception <a 'java/lang/ClassNotFoundException'{0x000000008e8ae300}: org/gradle/util/GradleVersionBeanInfo> (0x000000008e8ae300) 
thrown [s\src\hotspot\share\classfile\systemDictionary.cpp, line 256]
Event: 107.474 Thread 0x000001bc545a9b00 Exception <a 'java/lang/ClassNotFoundException'{0x000000008e8c73c0}: org/gradle/util/GradleVersionCustomizer> (0x000000008e8c73c0) 
thrown [s\src\hotspot\share\classfile\systemDictionary.cpp, line 256]
Event: 107.482 Thread 0x000001bc545a9b00 Exception <a 'java/lang/ClassNotFoundException'{0x000000008e70b430}: org/gradle/util/internal/DefaultGradleVersionBeanInfo> (0x000000008e70b430) 
thrown [s\src\hotspot\share\classfile\systemDictionary.cpp, line 256]
Event: 107.484 Thread 0x000001bc545a9b00 Exception <a 'java/lang/ClassNotFoundException'{0x000000008e724c78}: org/gradle/util/internal/DefaultGradleVersionCustomizer> (0x000000008e724c78) 
thrown [s\src\hotspot\share\classfile\systemDictionary.cpp, line 256]
Event: 107.694 Thread 0x000001bc545a9b00 Exception <a 'java/lang/ClassNotFoundException'{0x000000008e04f048}: build_civ0uh23xek4jeuttfzceow55BeanInfo> (0x000000008e04f048) 
thrown [s\src\hotspot\share\classfile\systemDictionary.cpp, line 256]
Event: 107.695 Thread 0x000001bc545a9b00 Exception <a 'java/lang/ClassNotFoundException'{0x000000008e056440}: build_civ0uh23xek4jeuttfzceow55Customizer> (0x000000008e056440) 
thrown [s\src\hotspot\share\classfile\systemDictionary.cpp, line 256]
Event: 107.849 Thread 0x000001bc545a9b00 Exception <a 'java/lang/ClassNotFoundException'{0x000000008db71c00}: build_civ0uh23xek4jeuttfzceow55BeanInfo> (0x000000008db71c00) 
thrown [s\src\hotspot\share\classfile\systemDictionary.cpp, line 256]
Event: 107.851 Thread 0x000001bc545a9b00 Exception <a 'java/lang/ClassNotFoundException'{0x000000008db78f90}: build_civ0uh23xek4jeuttfzceow55Customizer> (0x000000008db78f90) 
thrown [s\src\hotspot\share\classfile\systemDictionary.cpp, line 256]
Event: 108.085 Thread 0x000001bc545a9b00 Exception <a 'java/lang/ClassNotFoundException'{0x000000008d4bf4f8}: build_7ypccs8q4vlmqucnxqrwqwvr8BeanInfo> (0x000000008d4bf4f8) 
thrown [s\src\hotspot\share\classfile\systemDictionary.cpp, line 256]
Event: 108.086 Thread 0x000001bc545a9b00 Exception <a 'java/lang/ClassNotFoundException'{0x000000008d4c68f0}: build_7ypccs8q4vlmqucnxqrwqwvr8Customizer> (0x000000008d4c68f0) 
thrown [s\src\hotspot\share\classfile\systemDictionary.cpp, line 256]

VM Operations (20 events):
Event: 104.553 Executing VM operation: G1TryInitiateConcMark done
Event: 105.244 Executing VM operation: G1PauseRemark
Event: 105.255 Executing VM operation: G1PauseRemark done
Event: 105.370 Executing VM operation: G1PauseCleanup
Event: 105.370 Executing VM operation: G1PauseCleanup done
Event: 106.383 Executing VM operation: Cleanup
Event: 106.384 Executing VM operation: Cleanup done
Event: 106.841 Executing VM operation: G1CollectForAllocation
Event: 106.884 Executing VM operation: G1CollectForAllocation done
Event: 106.947 Executing VM operation: G1CollectForAllocation
Event: 106.962 Executing VM operation: G1CollectForAllocation done
Event: 107.135 Executing VM operation: HandshakeAllThreads
Event: 107.136 Executing VM operation: HandshakeAllThreads done
Event: 107.141 Executing VM operation: HandshakeAllThreads
Event: 107.141 Executing VM operation: HandshakeAllThreads done
Event: 107.150 Executing VM operation: HandshakeAllThreads
Event: 107.150 Executing VM operation: HandshakeAllThreads done
Event: 108.161 Executing VM operation: Cleanup
Event: 108.161 Executing VM operation: Cleanup done
Event: 108.880 Executing VM operation: G1CollectForAllocation

Memory protections (0 events):
No events

Nmethod flushes (20 events):
Event: 101.149 Thread 0x000001bc33633910 flushing osr nmethod 0x000001bc1e21d910
Event: 101.149 Thread 0x000001bc33633910 flushing  nmethod 0x000001bc1e21ee90
Event: 101.149 Thread 0x000001bc33633910 flushing  nmethod 0x000001bc1e220510
Event: 101.149 Thread 0x000001bc33633910 flushing  nmethod 0x000001bc1e23b490
Event: 101.149 Thread 0x000001bc33633910 flushing  nmethod 0x000001bc1e23ef10
Event: 101.149 Thread 0x000001bc33633910 flushing  nmethod 0x000001bc1e247290
Event: 101.149 Thread 0x000001bc33633910 flushing  nmethod 0x000001bc1e247910
Event: 101.149 Thread 0x000001bc33633910 flushing  nmethod 0x000001bc1e251610
Event: 101.149 Thread 0x000001bc33633910 flushing  nmethod 0x000001bc1e264210
Event: 101.150 Thread 0x000001bc33633910 flushing  nmethod 0x000001bc1e272990
Event: 101.150 Thread 0x000001bc33633910 flushing  nmethod 0x000001bc1e2aa590
Event: 101.150 Thread 0x000001bc33633910 flushing  nmethod 0x000001bc1e2b0410
Event: 101.150 Thread 0x000001bc33633910 flushing  nmethod 0x000001bc1e2b0890
Event: 101.150 Thread 0x000001bc33633910 flushing  nmethod 0x000001bc1e2b1190
Event: 101.150 Thread 0x000001bc33633910 flushing  nmethod 0x000001bc1e2bca90
Event: 101.150 Thread 0x000001bc33633910 flushing  nmethod 0x000001bc1e2be090
Event: 101.151 Thread 0x000001bc33633910 flushing  nmethod 0x000001bc1e337390
Event: 101.152 Thread 0x000001bc33633910 flushing  nmethod 0x000001bc1e3a0510
Event: 101.152 Thread 0x000001bc33633910 flushing  nmethod 0x000001bc1e3d0690
Event: 101.153 Thread 0x000001bc33633910 flushing  nmethod 0x000001bc1e415810

Events (20 events):
Event: 83.641 Thread 0x000001bc3361f390 Thread added: 0x000001bc53765340
Event: 83.818 Thread 0x000001bc53765340 Thread exited: 0x000001bc53765340
Event: 84.868 Thread 0x000001bc33628820 Thread added: 0x000001bc57a7c9a0
Event: 85.004 Thread 0x000001bc57a7c9a0 Thread exited: 0x000001bc57a7c9a0
Event: 85.095 Thread 0x000001bc545a9b00 Thread added: 0x000001bc57c2cb80
Event: 85.369 Thread 0x000001bc33628820 Thread added: 0x000001bc57a7b9b0
Event: 85.469 Thread 0x000001bc33628820 Thread added: 0x000001bc57a7e980
Event: 89.870 Thread 0x000001bc57a7e980 Thread exited: 0x000001bc57a7e980
Event: 90.936 Thread 0x000001bc57a7b9b0 Thread exited: 0x000001bc57a7b9b0
Event: 93.371 Thread 0x000001bc33628820 Thread added: 0x000001bc57a7f420
Event: 99.814 Thread 0x000001bc57a7f420 Thread exited: 0x000001bc57a7f420
Event: 100.277 Thread 0x000001bc3361f390 Thread added: 0x000001bc57a7f420
Event: 100.726 Thread 0x000001bc57a7f420 Thread exited: 0x000001bc57a7f420
Event: 101.087 Thread 0x000001bc33628820 Thread added: 0x000001bc57a7d990
Event: 101.251 Thread 0x000001bc57a7d990 Thread exited: 0x000001bc57a7d990
Event: 101.791 Thread 0x000001bc33628820 Thread added: 0x000001bc57a7b9b0
Event: 102.628 Thread 0x000001bc57a7b9b0 Thread exited: 0x000001bc57a7b9b0
Event: 105.466 Thread 0x000001bc33628820 Thread added: 0x000001bc57a7d990
Event: 107.254 Thread 0x000001bc57a7d990 Thread exited: 0x000001bc57a7d990
Event: 107.489 Thread 0x000001bc33628820 Thread added: 0x000001bc57a7d990


Dynamic libraries:
0x00007ff663f90000 - 0x00007ff663f9e000 	C:\Program Files\Microsoft\jdk-17.0.13.11-hotspot\bin\java.exe
0x00007ff8af7a0000 - 0x00007ff8afa07000 	C:\WINDOWS\SYSTEM32\ntdll.dll
0x00007ff8ad530000 - 0x00007ff8ad5f9000 	C:\WINDOWS\System32\KERNEL32.DLL
0x00007ff8ac8d0000 - 0x00007ff8accc0000 	C:\WINDOWS\System32\KERNELBASE.dll
0x00007ff8a9a70000 - 0x00007ff8a9b0e000 	C:\WINDOWS\SYSTEM32\apphelp.dll
0x00007ff8acd80000 - 0x00007ff8acecb000 	C:\WINDOWS\System32\ucrtbase.dll
0x00007ff890400000 - 0x00007ff89041d000 	C:\Program Files\Microsoft\jdk-17.0.13.11-hotspot\bin\VCRUNTIME140.dll
0x00007ff89df30000 - 0x00007ff89df47000 	C:\Program Files\Microsoft\jdk-17.0.13.11-hotspot\bin\jli.dll
0x00007ff8af230000 - 0x00007ff8af3f5000 	C:\WINDOWS\System32\USER32.dll
0x00007ff8ad3d0000 - 0x00007ff8ad3f7000 	C:\WINDOWS\System32\win32u.dll
0x00007ff89ca10000 - 0x00007ff89ccaa000 	C:\WINDOWS\WinSxS\amd64_microsoft.windows.common-controls_6595b64144ccf1df_6.0.26100.4768_none_3e0c112ce331287c\COMCTL32.dll
0x00007ff8ad960000 - 0x00007ff8ad98b000 	C:\WINDOWS\System32\GDI32.dll
0x00007ff8ad780000 - 0x00007ff8ad829000 	C:\WINDOWS\System32\msvcrt.dll
0x00007ff8aced0000 - 0x00007ff8ad008000 	C:\WINDOWS\System32\gdi32full.dll
0x00007ff8accd0000 - 0x00007ff8acd73000 	C:\WINDOWS\System32\msvcp_win.dll
0x00007ff8aeaa0000 - 0x00007ff8aeacf000 	C:\WINDOWS\System32\IMM32.DLL
0x00007ff89df90000 - 0x00007ff89df9c000 	C:\Program Files\Microsoft\jdk-17.0.13.11-hotspot\bin\vcruntime140_1.dll
0x00007ff85ec50000 - 0x00007ff85ecdd000 	C:\Program Files\Microsoft\jdk-17.0.13.11-hotspot\bin\msvcp140.dll
0x00007ff811030000 - 0x00007ff811ca1000 	C:\Program Files\Microsoft\jdk-17.0.13.11-hotspot\bin\server\jvm.dll
0x00007ff8af5f0000 - 0x00007ff8af6a4000 	C:\WINDOWS\System32\ADVAPI32.dll
0x00007ff8af540000 - 0x00007ff8af5e6000 	C:\WINDOWS\System32\sechost.dll
0x00007ff8ad990000 - 0x00007ff8adaa8000 	C:\WINDOWS\System32\RPCRT4.dll
0x00007ff8af4c0000 - 0x00007ff8af534000 	C:\WINDOWS\System32\WS2_32.dll
0x00007ff8ac750000 - 0x00007ff8ac7ae000 	C:\WINDOWS\SYSTEM32\POWRPROF.dll
0x00007ff8a3360000 - 0x00007ff8a336b000 	C:\WINDOWS\SYSTEM32\VERSION.dll
0x00007ff89eed0000 - 0x00007ff89ef05000 	C:\WINDOWS\SYSTEM32\WINMM.dll
0x00007ff8ac730000 - 0x00007ff8ac744000 	C:\WINDOWS\SYSTEM32\UMPDC.dll
0x00007ff8ab650000 - 0x00007ff8ab66b000 	C:\WINDOWS\SYSTEM32\kernel.appcore.dll
0x00007ff89b9a0000 - 0x00007ff89b9aa000 	C:\Program Files\Microsoft\jdk-17.0.13.11-hotspot\bin\jimage.dll
0x00007ff8a7a60000 - 0x00007ff8a7ca1000 	C:\WINDOWS\SYSTEM32\DBGHELP.DLL
0x00007ff8adf40000 - 0x00007ff8ae2c5000 	C:\WINDOWS\System32\combase.dll
0x00007ff8aed20000 - 0x00007ff8aee00000 	C:\WINDOWS\System32\OLEAUT32.dll
0x00007ff89c6b0000 - 0x00007ff89c6f3000 	C:\WINDOWS\SYSTEM32\dbgcore.DLL
0x00007ff8ad490000 - 0x00007ff8ad529000 	C:\WINDOWS\System32\bcryptPrimitives.dll
0x00007ff898130000 - 0x00007ff89813e000 	C:\Program Files\Microsoft\jdk-17.0.13.11-hotspot\bin\instrument.dll
0x00007ff882cc0000 - 0x00007ff882ce5000 	C:\Program Files\Microsoft\jdk-17.0.13.11-hotspot\bin\java.dll
0x00007ff84c940000 - 0x00007ff84ca17000 	C:\Program Files\Microsoft\jdk-17.0.13.11-hotspot\bin\jsvml.dll
0x00007ff8ae2d0000 - 0x00007ff8aea1d000 	C:\WINDOWS\System32\SHELL32.dll
0x00007ff8ad010000 - 0x00007ff8ad183000 	C:\WINDOWS\System32\wintypes.dll
0x00007ff8aa4f0000 - 0x00007ff8aad50000 	C:\WINDOWS\SYSTEM32\windows.storage.dll
0x00007ff8af130000 - 0x00007ff8af225000 	C:\WINDOWS\System32\SHCORE.dll
0x00007ff8aea30000 - 0x00007ff8aea9a000 	C:\WINDOWS\System32\shlwapi.dll
0x00007ff8ac7f0000 - 0x00007ff8ac819000 	C:\WINDOWS\SYSTEM32\profapi.dll
0x00007ff88d4d0000 - 0x00007ff88d4e8000 	C:\Program Files\Microsoft\jdk-17.0.13.11-hotspot\bin\zip.dll
0x00007ff88b160000 - 0x00007ff88b17a000 	C:\Program Files\Microsoft\jdk-17.0.13.11-hotspot\bin\net.dll
0x00007ff8a45e0000 - 0x00007ff8a46fe000 	C:\WINDOWS\SYSTEM32\WINHTTP.dll
0x00007ff8abbe0000 - 0x00007ff8abc4b000 	C:\WINDOWS\system32\mswsock.dll
0x00007ff888d50000 - 0x00007ff888d66000 	C:\Program Files\Microsoft\jdk-17.0.13.11-hotspot\bin\nio.dll
0x00007ff8a2190000 - 0x00007ff8a21a0000 	C:\Program Files\Microsoft\jdk-17.0.13.11-hotspot\bin\verify.dll
0x00007ff85e8d0000 - 0x00007ff85e8f7000 	C:\Users\saura\.gradle\native\1def1411415f61bf3af743bc5b6707747c0891f09f0c88961ee8f79bc544acac\windows-amd64\native-platform.dll
0x0000000053750000 - 0x00000000537c3000 	C:\Users\saura\.gradle\native\0.2.5\x86_64-windows-gnu\gradle-fileevents.dll
0x00007ff89f500000 - 0x00007ff89f50a000 	C:\Program Files\Microsoft\jdk-17.0.13.11-hotspot\bin\management.dll
0x00007ff893340000 - 0x00007ff89334b000 	C:\Program Files\Microsoft\jdk-17.0.13.11-hotspot\bin\management_ext.dll
0x00007ff8af400000 - 0x00007ff8af408000 	C:\WINDOWS\System32\PSAPI.DLL
0x00007ff8abea0000 - 0x00007ff8abebb000 	C:\WINDOWS\SYSTEM32\CRYPTSP.dll
0x00007ff8ab5b0000 - 0x00007ff8ab5eb000 	C:\WINDOWS\system32\rsaenh.dll
0x00007ff8abc80000 - 0x00007ff8abcab000 	C:\WINDOWS\SYSTEM32\USERENV.dll
0x00007ff8ac7c0000 - 0x00007ff8ac7e6000 	C:\WINDOWS\SYSTEM32\bcrypt.dll
0x00007ff8abec0000 - 0x00007ff8abecc000 	C:\WINDOWS\SYSTEM32\CRYPTBASE.dll
0x00007ff8ab060000 - 0x00007ff8ab093000 	C:\WINDOWS\SYSTEM32\IPHLPAPI.DLL
0x00007ff8aee10000 - 0x00007ff8aee1a000 	C:\WINDOWS\System32\NSI.dll
0x00007ff8a4450000 - 0x00007ff8a446f000 	C:\WINDOWS\SYSTEM32\dhcpcsvc6.DLL
0x00007ff8a3bb0000 - 0x00007ff8a3bd5000 	C:\WINDOWS\SYSTEM32\dhcpcsvc.DLL
0x00007ff8ab150000 - 0x00007ff8ab276000 	C:\WINDOWS\SYSTEM32\DNSAPI.dll
0x00007ff8900c0000 - 0x00007ff8900c9000 	C:\Program Files\Microsoft\jdk-17.0.13.11-hotspot\bin\extnet.dll
0x00007ff8a27d0000 - 0x00007ff8a27de000 	C:\Program Files\Microsoft\jdk-17.0.13.11-hotspot\bin\sunmscapi.dll
0x00007ff8ad190000 - 0x00007ff8ad307000 	C:\WINDOWS\System32\CRYPT32.dll
0x00007ff8ac0c0000 - 0x00007ff8ac0f0000 	C:\WINDOWS\SYSTEM32\ncrypt.dll
0x00007ff8ac070000 - 0x00007ff8ac0af000 	C:\WINDOWS\SYSTEM32\NTASN1.dll
0x00007ff821250000 - 0x00007ff821258000 	C:\WINDOWS\system32\wshunix.dll
0x0000000053030000 - 0x00000000530a3000 	C:\Users\saura\AppData\Local\Temp\native-platform6342837423299280989dir\gradle-fileevents.dll
0x00007ff894690000 - 0x00007ff8946a8000 	C:\WINDOWS\system32\napinsp.dll
0x00007ff894670000 - 0x00007ff894682000 	C:\WINDOWS\System32\winrnr.dll
0x00007ff894630000 - 0x00007ff894660000 	C:\WINDOWS\system32\nlansp_c.dll
0x00007ff894600000 - 0x00007ff894620000 	C:\WINDOWS\system32\wshbth.dll
0x00007ff89fc30000 - 0x00007ff89fc3b000 	C:\Windows\System32\rasadhlp.dll
0x00007ff8a3530000 - 0x00007ff8a35b6000 	C:\WINDOWS\System32\fwpuclnt.dll

dbghelp: loaded successfully - version: 4.0.5 - missing functions: none
symbol engine: initialized successfully - sym options: 0x614 - pdb path: .;C:\Program Files\Microsoft\jdk-17.0.13.11-hotspot\bin;C:\WINDOWS\SYSTEM32;C:\WINDOWS\WinSxS\amd64_microsoft.windows.common-controls_6595b64144ccf1df_6.0.26100.4768_none_3e0c112ce331287c;C:\Program Files\Microsoft\jdk-17.0.13.11-hotspot\bin\server;C:\Users\saura\.gradle\native\1def1411415f61bf3af743bc5b6707747c0891f09f0c88961ee8f79bc544acac\windows-amd64;C:\Users\saura\.gradle\native\0.2.5\x86_64-windows-gnu;C:\Users\saura\AppData\Local\Temp\native-platform6342837423299280989dir

VM Arguments:
jvm_args: --add-opens=java.base/java.lang=ALL-UNNAMED --add-opens=java.base/java.lang.invoke=ALL-UNNAMED --add-opens=java.base/java.util=ALL-UNNAMED --add-opens=java.prefs/java.util.prefs=ALL-UNNAMED --add-exports=jdk.compiler/com.sun.tools.javac.api=ALL-UNNAMED --add-exports=jdk.compiler/com.sun.tools.javac.util=ALL-UNNAMED --add-opens=java.base/java.util=ALL-UNNAMED --add-opens=java.prefs/java.util.prefs=ALL-UNNAMED --add-opens=java.base/java.nio.charset=ALL-UNNAMED --add-opens=java.base/java.net=ALL-UNNAMED --add-opens=java.base/java.util.concurrent.atomic=ALL-UNNAMED --add-opens=java.xml/javax.xml.namespace=ALL-UNNAMED -XX:MaxMetaspaceSize=512m -Xmx2048m -Dfile.encoding=UTF-8 -Duser.country=US -Duser.language=en -Duser.variant -javaagent:C:\Users\saura\.gradle\wrapper\dists\gradle-8.12-all\ejduaidbjup3bmmkhw3rie4zb\gradle-8.12\lib\agents\gradle-instrumentation-agent-8.12.jar 
java_command: org.gradle.launcher.daemon.bootstrap.GradleDaemon 8.12
java_class_path (initial): C:\Users\saura\.gradle\wrapper\dists\gradle-8.12-all\ejduaidbjup3bmmkhw3rie4zb\gradle-8.12\lib\gradle-daemon-main-8.12.jar
Launcher Type: SUN_STANDARD

[Global flags]
     intx CICompilerCount                          = 4                                         {product} {ergonomic}
   size_t CompressedClassSpaceSize                 = 436207616                                 {product} {ergonomic}
     uint ConcGCThreads                            = 2                                         {product} {ergonomic}
     uint G1ConcRefinementThreads                  = 8                                         {product} {ergonomic}
   size_t G1HeapRegionSize                         = 1048576                                   {product} {ergonomic}
    uintx GCDrainStackTargetSize                   = 64                                        {product} {ergonomic}
   size_t InitialHeapSize                          = 100663296                                 {product} {ergonomic}
   size_t MarkStackSize                            = 4194304                                   {product} {ergonomic}
   size_t MaxHeapSize                              = 2147483648                                {product} {command line}
   size_t MaxMetaspaceSize                         = 536870912                                 {product} {command line}
   size_t MaxNewSize                               = 1287651328                                {product} {ergonomic}
   size_t MinHeapDeltaBytes                        = 1048576                                   {product} {ergonomic}
   size_t MinHeapSize                              = 8388608                                   {product} {ergonomic}
    uintx NonNMethodCodeHeapSize                   = 5839372                                {pd product} {ergonomic}
    uintx NonProfiledCodeHeapSize                  = 122909434                              {pd product} {ergonomic}
    uintx ProfiledCodeHeapSize                     = 122909434                              {pd product} {ergonomic}
    uintx ReservedCodeCacheSize                    = 251658240                              {pd product} {ergonomic}
     bool SegmentedCodeCache                       = true                                      {product} {ergonomic}
   size_t SoftMaxHeapSize                          = 2147483648                             {manageable} {ergonomic}
     bool UseCompressedClassPointers               = true                           {product lp64_product} {ergonomic}
     bool UseCompressedOops                        = true                           {product lp64_product} {ergonomic}
     bool UseG1GC                                  = true                                      {product} {ergonomic}
     bool UseLargePagesIndividualAllocation        = false                                  {pd product} {ergonomic}

Logging:
Log output configuration:
 #0: stdout all=warning uptime,level,tags
 #1: stderr all=off uptime,level,tags

Environment Variables:
JAVA_HOME=C:\Program Files\Microsoft\jdk-17.0.13.11-hotspot
PATH=C:\Program Files\Microsoft\jdk-17.0.13.11-hotspot\bin;C:\Program Files\Common Files\Oracle\Java\javapath;C:\Program Files\NVIDIA GPU Computing Toolkit\CUDA\v11.7\bin;C:\Program Files\NVIDIA GPU Computing Toolkit\CUDA\v11.7\libnvvp;C:\Windows\system32;C:\Windows;C:\Windows\System32\Wbem;C:\Windows\System32\WindowsPowerShell\v1.0\;C:\Windows\System32\OpenSSH\;C:\MinGW\bin;C:\Program Files\Git\cmd;C:\Program Files\MySQL\MySQL Server 8.0\bin;C:\Program Files\NVIDIA Corporation\Nsight Compute 2022.2.0\;C:\Program Files (x86)\NVIDIA Corporation\PhysX\Common;C:\WINDOWS\system32;C:\WINDOWS;C:\WINDOWS\System32\Wbem;C:\WINDOWS\System32\WindowsPowerShell\v1.0\;C:\WINDOWS\System32\OpenSSH\;C:\Program Files\Git\bin;C:\Program Files\CMake\bin;C:\Program Files\Java\jdk-19\bin;C:\Program Files\MongoDB\Server\6.0\bin;C:\mongoshell\mongosh-1.8.0-win32-x64\bin;C:\Program Files\MiKTeX\miktex\bin\x64\;C:\Users\saura\AppData\Local\Pub\Cache\bin;C:\xampp\php;C:\ProgramData\ComposerSetup\bin;C:\ProgramData\chocolatey\bin;C:\Program Files\nodejs\;C:\Users\saura\AppData\Local\Android\Sdk\platforms;C:\Users\saura\AppData\Local\Android\Sdk;C:\Users\saura\AppData\Local\Android\Sdk\platform-tools;C:\Users\saura\AppData\Local\Android\Sdk\build-tools;C:\Users\saura\AppData\Local\Android\Sdk\emulator;C:\src\flutter\bin;C:\Users\saura\AppData\Local\Android\Sdk\tools;C:\Program Files\Microsoft\jdk-17.0.13.11-hotspot\bin;C:\Program Files\MySQL\MySQL Shell 8.0\bin\;C:\Users\saura\AppData\Local\Programs\Python\Python38\Scripts\;C:\Users\saura\AppData\Local\Programs\Python\Python38\;C:\Users\saura\.conda;C:\Users\saura\.conda\Library\mingw-w64\bin;C:\Users\saura\.conda\Library\usr\bin;C:\Users\saura\.conda\Library\bin;C:\Users\saura\.conda\Scripts;C:\Users\saura\anaconda3;C:\Users\saura\anaconda3\Library\mingw-w64\bin;C:\Users\saura\anaconda3\Library\usr\bin;C:\Users\saura\anaconda3\Library\bin;C:\Users\saura\anaconda3\Scripts;C:\Users\saura\AppData\Local\Microsoft\WindowsApps;C:\Users\saura\AppData\Lo
USERNAME=saura
OS=Windows_NT
PROCESSOR_IDENTIFIER=AMD64 Family 23 Model 24 Stepping 1, AuthenticAMD
TMP=C:\Users\saura\AppData\Local\Temp
TEMP=C:\Users\saura\AppData\Local\Temp



Periodic native trim disabled


---------------  S Y S T E M  ---------------

OS:
 Windows 11 , 64 bit Build 26100 (10.0.26100.4768)
OS uptime: 2 days 4:30 hours

CPU: total 8 (initial active 8) (8 cores per cpu, 2 threads per core) family 23 model 24 stepping 1 microcode 0x8108109, cx8, cmov, fxsr, ht, mmx, 3dnowpref, sse, sse2, sse3, ssse3, sse4a, sse4.1, sse4.2, popcnt, lzcnt, tsc, tscinvbit, avx, avx2, aes, clmul, bmi1, bmi2, adx, sha, fma, vzeroupper, clflush, clflushopt
Processor Information for the first 8 processors :
  Max Mhz: 2100, Current Mhz: 2100, Mhz Limit: 2100

Memory: 4k page, system-wide physical 6088M (769M free)
TotalPageFile size 24520M (AvailPageFile size 145M)
current process WorkingSet (physical memory assigned to process): 476M, peak: 476M
current process commit charge ("private bytes"): 598M, peak: 773M

vm_info: OpenJDK 64-Bit Server VM (17.0.13+11-LTS) for windows-amd64 JRE (17.0.13+11-LTS), built on Oct 11 2024 23:25:05 by "MicrosoftCorporation" with unknown MS VC++:1939

END.
