#
# There is insufficient memory for the Java Runtime Environment to continue.
# Native memory allocation (malloc) failed to allocate 1121488 bytes. Error detail: Chunk::new
# Possible reasons:
#   The system is out of physical RAM or swap space
#   This process is running with CompressedOops enabled, and the Java Heap may be blocking the growth of the native heap
# Possible solutions:
#   Reduce memory load on the system
#   Increase physical memory or swap space
#   Check if swap backing store is full
#   Decrease Java heap size (-Xmx/-Xms)
#   Decrease number of Java threads
#   Decrease Java thread stack sizes (-Xss)
#   Set larger code cache with -XX:ReservedCodeCacheSize=
#   JVM is running with Unscaled Compressed Oops mode in which the Java heap is
#     placed in the first 4GB address space. The Java Heap base address is the
#     maximum limit for the native heap growth. Please use -XX:HeapBaseMinAddress
#     to set the Java Heap base and to place the Java Heap above 4GB virtual address.
# This output file may be truncated or incomplete.
#
#  Out of Memory Error (arena.cpp:191), pid=13568, tid=9772
#
# JRE version: OpenJDK Runtime Environment Microsoft-10376486 (17.0.13+11) (build 17.0.13+11-LTS)
# Java VM: OpenJDK 64-Bit Server VM Microsoft-10376486 (17.0.13+11-LTS, mixed mode, sharing, tiered, compressed oops, compressed class ptrs, g1 gc, windows-amd64)
# No core dump will be written. Minidumps are not enabled by default on client versions of Windows
#

---------------  S U M M A R Y ------------

Command Line: --add-opens=java.base/java.lang=ALL-UNNAMED --add-opens=java.base/java.lang.invoke=ALL-UNNAMED --add-opens=java.base/java.util=ALL-UNNAMED --add-opens=java.prefs/java.util.prefs=ALL-UNNAMED --add-exports=jdk.compiler/com.sun.tools.javac.api=ALL-UNNAMED --add-exports=jdk.compiler/com.sun.tools.javac.util=ALL-UNNAMED --add-opens=java.base/java.util=ALL-UNNAMED --add-opens=java.prefs/java.util.prefs=ALL-UNNAMED --add-opens=java.base/java.nio.charset=ALL-UNNAMED --add-opens=java.base/java.net=ALL-UNNAMED --add-opens=java.base/java.util.concurrent.atomic=ALL-UNNAMED --add-opens=java.xml/javax.xml.namespace=ALL-UNNAMED -XX:MaxMetaspaceSize=512m -Xmx2048m -Dfile.encoding=windows-1252 -Duser.country=US -Duser.language=en -Duser.variant -javaagent:C:\Users\saura\.gradle\wrapper\dists\gradle-8.12-all\ejduaidbjup3bmmkhw3rie4zb\gradle-8.12\lib\agents\gradle-instrumentation-agent-8.12.jar org.gradle.launcher.daemon.bootstrap.GradleDaemon 8.12

Host: AMD Ryzen 5 3500U with Radeon Vega Mobile Gfx  , 8 cores, 5G,  Windows 11 , 64 bit Build 26100 (10.0.26100.4484)
Time: Sat Jul 12 12:39:01 2025 India Standard Time elapsed time: 340.309217 seconds (0d 0h 5m 40s)

---------------  T H R E A D  ---------------

Current thread (0x000002073b459d40):  JavaThread "C2 CompilerThread0" daemon [_thread_in_native, id=9772, stack(0x000000275f000000,0x000000275f100000)]


Current CompileTask:
C2: 340310 21392       4       org.gradle.internal.Try$Success::ifSuccessfulOrElse (11 bytes)

Stack: [0x000000275f000000,0x000000275f100000]
Native frames: (J=compiled Java code, j=interpreted, Vv=VM code, C=native code)
V  [jvm.dll+0x687fc9]
V  [jvm.dll+0x83eeb8]
V  [jvm.dll+0x840963]
V  [jvm.dll+0x840fd3]
V  [jvm.dll+0x24951f]
V  [jvm.dll+0xad0c4]
V  [jvm.dll+0xad75c]
V  [jvm.dll+0x36aafe]
V  [jvm.dll+0x1bcd72]
V  [jvm.dll+0x21a8bc]
V  [jvm.dll+0x219b7f]
V  [jvm.dll+0x1a5506]
V  [jvm.dll+0x22a1ca]
V  [jvm.dll+0x22830b]
V  [jvm.dll+0x7f4708]
V  [jvm.dll+0x7eea6c]
V  [jvm.dll+0x686ea7]
C  [ucrtbase.dll+0x37b0]
C  [KERNEL32.DLL+0x2e8d7]
C  [ntdll.dll+0x3c34c]


---------------  P R O C E S S  ---------------

Threads class SMR info:
_java_thread_list=0x0000020760b0f4b0, length=144, elements={
0x000002071cde52e0, 0x000002073b435330, 0x000002073b435e00, 0x000002073b44e1a0,
0x000002073b452a90, 0x000002073b455370, 0x000002073b455c40, 0x000002073b459d40,
0x000002073b462660, 0x000002073b4697a0, 0x000002073b47e650, 0x000002073bc8dee0,
0x000002075c00ec50, 0x000002075c0119e0, 0x000002075c010fc0, 0x000002075c0114d0,
0x000002075c010090, 0x000002075c00fb80, 0x000002075c010ab0, 0x000002075c00f670,
0x000002075c0105a0, 0x000002075c00e230, 0x000002075c4f33d0, 0x000002075c4f1570,
0x000002075c4f24a0, 0x000002075c4f1060, 0x000002075c4f4810, 0x000002075c4f4d20,
0x000002075c4f3df0, 0x000002075c4f5230, 0x000002075c4f29b0, 0x000002075c4f1a80,
0x000002075c4f2ec0, 0x000002075c4f5c50, 0x000002075c4f6160, 0x000002075c4f6670,
0x000002075c4f7fc0, 0x000002075c4f84d0, 0x000002075c4f7090, 0x000002075c4f6b80,
0x000002075c4f89e0, 0x000002075e4a6cb0, 0x000002075e4a5d80, 0x000002075e4a4430,
0x000002075e4a67a0, 0x000002075e4a6290, 0x000002075e4a5870, 0x000002075e4a71c0,
0x000002075e4a3a10, 0x000002075e4a76d0, 0x000002075e4a4940, 0x000002075e4a5360,
0x000002075e4a3f20, 0x000002075e4a8600, 0x000002075e4a7be0, 0x000002075e4a80f0,
0x000002075e4a4e50, 0x000002075e4a9a40, 0x000002075e4ab390, 0x000002075e4aae80,
0x000002075e4aa970, 0x000002075e4a8b10, 0x000002075e4a9530, 0x000002075e4a9f50,
0x000002075ddb5890, 0x000002075ddb62b0, 0x000002075ddb3520, 0x000002075ddb67c0,
0x000002075ddb6cd0, 0x000002075ddb7c00, 0x000002075ddb8110, 0x000002075ddb4960,
0x000002075ddb8620, 0x000002075ddb4e70, 0x000002075ddb8b30, 0x000002075ddb5380,
0x000002075ddb9a60, 0x000002075ddb9040, 0x000002075ddb9550, 0x000002075ddba990,
0x000002075ddb9f70, 0x000002075f130d70, 0x000002075f133b00, 0x000002075f1321b0,
0x000002075f1330e0, 0x000002075f134520, 0x000002075f132bd0, 0x000002075f131280,
0x000002075f1326c0, 0x000002075f134010, 0x000002075f134a30, 0x000002075f134f40,
0x000002075f1335f0, 0x000002075f131790, 0x000002075f135450, 0x000002075f131ca0,
0x000002075f136890, 0x000002075f1377c0, 0x000002075f135960, 0x000002075f135e70,
0x000002075f136380, 0x000002075f136da0, 0x000002075f137cd0, 0x000002075f1372b0,
0x000002075f1381e0, 0x000002075f1386f0, 0x000002075de94390, 0x000002075de948a0,
0x000002075de94db0, 0x000002075de91b10, 0x000002075de92a40, 0x000002075de92020,
0x000002075de92530, 0x000002075de91600, 0x000002075de95ce0, 0x000002075de96700,
0x000002075de92f50, 0x000002075de952c0, 0x000002075de957d0, 0x000002075de961f0,
0x000002075de96c10, 0x000002075de93970, 0x000002075de93460, 0x000002075de97120,
0x000002075de97630, 0x000002075de93e80, 0x000002075de97b40, 0x000002075de98a70,
0x000002075de98f80, 0x000002075c4f4300, 0x000002075e72d5a0, 0x000002075e72e9e0,
0x000002075e72d090, 0x000002075e72fe20, 0x000002075e731770, 0x000002075e72f910,
0x000002075e730840, 0x000002075e72f400, 0x000002075e731c80, 0x000002075ddb5da0,
0x000002075ddb71e0, 0x000002075de98560, 0x00000207675fbe00, 0x00000207675f9a90
}

Java Threads: ( => current thread )
  0x000002071cde52e0 JavaThread "main" [_thread_blocked, id=25856, stack(0x000000275e300000,0x000000275e400000)]
  0x000002073b435330 JavaThread "Reference Handler" daemon [_thread_blocked, id=11112, stack(0x000000275ea00000,0x000000275eb00000)]
  0x000002073b435e00 JavaThread "Finalizer" daemon [_thread_blocked, id=15616, stack(0x000000275eb00000,0x000000275ec00000)]
  0x000002073b44e1a0 JavaThread "Signal Dispatcher" daemon [_thread_blocked, id=18936, stack(0x000000275ec00000,0x000000275ed00000)]
  0x000002073b452a90 JavaThread "Attach Listener" daemon [_thread_blocked, id=1520, stack(0x000000275ed00000,0x000000275ee00000)]
  0x000002073b455370 JavaThread "Service Thread" daemon [_thread_blocked, id=21136, stack(0x000000275ee00000,0x000000275ef00000)]
  0x000002073b455c40 JavaThread "Monitor Deflation Thread" daemon [_thread_blocked, id=24628, stack(0x000000275ef00000,0x000000275f000000)]
=>0x000002073b459d40 JavaThread "C2 CompilerThread0" daemon [_thread_in_native, id=9772, stack(0x000000275f000000,0x000000275f100000)]
  0x000002073b462660 JavaThread "C1 CompilerThread0" daemon [_thread_blocked, id=28372, stack(0x000000275f100000,0x000000275f200000)]
  0x000002073b4697a0 JavaThread "Sweeper thread" daemon [_thread_blocked, id=20400, stack(0x000000275f200000,0x000000275f300000)]
  0x000002073b47e650 JavaThread "Common-Cleaner" daemon [_thread_blocked, id=18756, stack(0x000000275f300000,0x000000275f400000)]
  0x000002073bc8dee0 JavaThread "Notification Thread" daemon [_thread_blocked, id=15736, stack(0x000000275f400000,0x000000275f500000)]
  0x000002075c00ec50 JavaThread "Daemon health stats" [_thread_blocked, id=18852, stack(0x000000275fa00000,0x000000275fb00000)]
  0x000002075c0119e0 JavaThread "Incoming local TCP Connector on port 63324" [_thread_in_native, id=22136, stack(0x000000275fb00000,0x000000275fc00000)]
  0x000002075c010fc0 JavaThread "Daemon periodic checks" [_thread_blocked, id=15732, stack(0x000000275fc00000,0x000000275fd00000)]
  0x000002075c0114d0 JavaThread "Daemon" [_thread_blocked, id=18464, stack(0x000000275fd00000,0x000000275fe00000)]
  0x000002075c010090 JavaThread "Handler for socket connection from /127.0.0.1:63324 to /127.0.0.1:63326" [_thread_in_native, id=2644, stack(0x000000275fe00000,0x000000275ff00000)]
  0x000002075c00fb80 JavaThread "Cancel handler" [_thread_blocked, id=764, stack(0x000000275ff00000,0x0000002760000000)]
  0x000002075c010ab0 JavaThread "Daemon worker" [_thread_blocked, id=22524, stack(0x0000002760000000,0x0000002760100000)]
  0x000002075c00f670 JavaThread "Asynchronous log dispatcher for DefaultDaemonConnection: socket connection from /127.0.0.1:63324 to /127.0.0.1:63326" [_thread_blocked, id=25888, stack(0x0000002760100000,0x0000002760200000)]
  0x000002075c0105a0 JavaThread "Stdin handler" [_thread_blocked, id=17612, stack(0x0000002760200000,0x0000002760300000)]
  0x000002075c00e230 JavaThread "Daemon client event forwarder" [_thread_blocked, id=22704, stack(0x0000002760300000,0x0000002760400000)]
  0x000002075c4f33d0 JavaThread "Cache worker for journal cache (C:\Users\saura\.gradle\caches\journal-1)" [_thread_blocked, id=27492, stack(0x0000002760700000,0x0000002760800000)]
  0x000002075c4f1570 JavaThread "File lock request listener" [_thread_in_native, id=16572, stack(0x0000002760800000,0x0000002760900000)]
  0x000002075c4f24a0 JavaThread "Cache worker for file hash cache (C:\Users\saura\.gradle\caches\8.12\fileHashes)" [_thread_in_native, id=11916, stack(0x0000002760900000,0x0000002760a00000)]
  0x000002075c4f1060 JavaThread "Cache worker for file hash cache (C:\Users\saura\Desktop\SvindoApp\Svindo_VendorApp\android\.gradle\8.12\fileHashes)" [_thread_blocked, id=16448, stack(0x0000002760a00000,0x0000002760b00000)]
  0x000002075c4f4810 JavaThread "Cache worker for Build Output Cleanup Cache (C:\Users\saura\Desktop\SvindoApp\Svindo_VendorApp\android\.gradle\buildOutputCleanup)" [_thread_blocked, id=26444, stack(0x0000002760b00000,0x0000002760c00000)]
  0x000002075c4f4d20 JavaThread "File watcher server" daemon [_thread_in_native, id=22612, stack(0x0000002760d00000,0x0000002760e00000)]
  0x000002075c4f3df0 JavaThread "File watcher consumer" daemon [_thread_blocked, id=6044, stack(0x0000002760e00000,0x0000002760f00000)]
  0x000002075c4f5230 JavaThread "jar transforms" [_thread_blocked, id=28400, stack(0x0000002761200000,0x0000002761300000)]
  0x000002075c4f29b0 JavaThread "Cache worker for checksums cache (C:\Users\saura\Desktop\SvindoApp\Svindo_VendorApp\android\.gradle\8.12\checksums)" [_thread_blocked, id=11184, stack(0x000000275e000000,0x000000275e100000)]
  0x000002075c4f1a80 JavaThread "Cache worker for file content cache (C:\Users\saura\.gradle\caches\8.12\fileContent)" [_thread_blocked, id=18156, stack(0x000000275e100000,0x000000275e200000)]
  0x000002075c4f2ec0 JavaThread "Cache worker for cache directory md-rule (C:\Users\saura\.gradle\caches\8.12\md-rule)" [_thread_blocked, id=26596, stack(0x000000275e200000,0x000000275e300000)]
  0x000002075c4f5c50 JavaThread "Cache worker for cache directory md-supplier (C:\Users\saura\.gradle\caches\8.12\md-supplier)" [_thread_blocked, id=24904, stack(0x0000002761300000,0x0000002761400000)]
  0x000002075c4f6160 JavaThread "Cache worker for Build Output Cleanup Cache (C:\Users\saura\Desktop\SvindoApp\Svindo_VendorApp\node_modules\@react-native\gradle-plugin\.gradle\buildOutputCleanup)" [_thread_blocked, id=27908, stack(0x0000002761400000,0x0000002761500000)]
  0x000002075c4f6670 JavaThread "Unconstrained build operations" [_thread_blocked, id=27688, stack(0x0000002761600000,0x0000002761700000)]
  0x000002075c4f7fc0 JavaThread "Unconstrained build operations Thread 2" [_thread_blocked, id=28128, stack(0x0000002761700000,0x0000002761800000)]
  0x000002075c4f84d0 JavaThread "Unconstrained build operations Thread 3" [_thread_blocked, id=24976, stack(0x0000002761800000,0x0000002761900000)]
  0x000002075c4f7090 JavaThread "Unconstrained build operations Thread 4" [_thread_blocked, id=1492, stack(0x0000002761900000,0x0000002761a00000)]
  0x000002075c4f6b80 JavaThread "Unconstrained build operations Thread 5" [_thread_blocked, id=25812, stack(0x0000002761a00000,0x0000002761b00000)]
  0x000002075c4f89e0 JavaThread "Unconstrained build operations Thread 6" [_thread_blocked, id=16920, stack(0x0000002761b00000,0x0000002761c00000)]
  0x000002075e4a6cb0 JavaThread "Unconstrained build operations Thread 7" [_thread_blocked, id=15380, stack(0x0000002761c00000,0x0000002761d00000)]
  0x000002075e4a5d80 JavaThread "Unconstrained build operations Thread 8" [_thread_blocked, id=17796, stack(0x0000002761d00000,0x0000002761e00000)]
  0x000002075e4a4430 JavaThread "Unconstrained build operations Thread 9" [_thread_in_native, id=9096, stack(0x0000002761e00000,0x0000002761f00000)]
  0x000002075e4a67a0 JavaThread "Unconstrained build operations Thread 10" [_thread_blocked, id=20136, stack(0x0000002761f00000,0x0000002762000000)]
  0x000002075e4a6290 JavaThread "Unconstrained build operations Thread 11" [_thread_blocked, id=18752, stack(0x0000002762000000,0x0000002762100000)]
  0x000002075e4a5870 JavaThread "Unconstrained build operations Thread 12" [_thread_blocked, id=27296, stack(0x0000002762100000,0x0000002762200000)]
  0x000002075e4a71c0 JavaThread "Unconstrained build operations Thread 13" [_thread_blocked, id=17308, stack(0x0000002762200000,0x0000002762300000)]
  0x000002075e4a3a10 JavaThread "Unconstrained build operations Thread 14" [_thread_blocked, id=25960, stack(0x0000002762300000,0x0000002762400000)]
  0x000002075e4a76d0 JavaThread "Unconstrained build operations Thread 15" [_thread_blocked, id=21904, stack(0x0000002762400000,0x0000002762500000)]
  0x000002075e4a4940 JavaThread "Unconstrained build operations Thread 16" [_thread_blocked, id=7012, stack(0x0000002762500000,0x0000002762600000)]
  0x000002075e4a5360 JavaThread "Unconstrained build operations Thread 17" [_thread_in_native, id=11140, stack(0x0000002762600000,0x0000002762700000)]
  0x000002075e4a3f20 JavaThread "Unconstrained build operations Thread 18" [_thread_blocked, id=18504, stack(0x0000002762700000,0x0000002762800000)]
  0x000002075e4a8600 JavaThread "Unconstrained build operations Thread 19" [_thread_blocked, id=24004, stack(0x0000002762800000,0x0000002762900000)]
  0x000002075e4a7be0 JavaThread "Unconstrained build operations Thread 20" [_thread_blocked, id=27944, stack(0x0000002762900000,0x0000002762a00000)]
  0x000002075e4a80f0 JavaThread "Unconstrained build operations Thread 21" [_thread_blocked, id=28628, stack(0x0000002762a00000,0x0000002762b00000)]
  0x000002075e4a4e50 JavaThread "Unconstrained build operations Thread 22" [_thread_in_Java, id=20740, stack(0x0000002762b00000,0x0000002762c00000)]
  0x000002075e4a9a40 JavaThread "Unconstrained build operations Thread 23" [_thread_in_Java, id=11040, stack(0x0000002762c00000,0x0000002762d00000)]
  0x000002075e4ab390 JavaThread "Unconstrained build operations Thread 24" [_thread_blocked, id=15556, stack(0x0000002762d00000,0x0000002762e00000)]
  0x000002075e4aae80 JavaThread "Unconstrained build operations Thread 25" [_thread_in_native, id=26568, stack(0x0000002762e00000,0x0000002762f00000)]
  0x000002075e4aa970 JavaThread "Unconstrained build operations Thread 26" [_thread_blocked, id=16880, stack(0x0000002762f00000,0x0000002763000000)]
  0x000002075e4a8b10 JavaThread "Unconstrained build operations Thread 27" [_thread_blocked, id=14528, stack(0x0000002763000000,0x0000002763100000)]
  0x000002075e4a9530 JavaThread "build event listener" [_thread_blocked, id=20772, stack(0x0000002763100000,0x0000002763200000)]
  0x000002075e4a9f50 JavaThread "Memory manager" [_thread_blocked, id=21528, stack(0x0000002763200000,0x0000002763300000)]
  0x000002075ddb5890 JavaThread "ForkJoinPool.commonPool-worker-1" daemon [_thread_blocked, id=23340, stack(0x0000002760f00000,0x0000002761000000)]
  0x000002075ddb62b0 JavaThread "ForkJoinPool.commonPool-worker-2" daemon [_thread_blocked, id=26392, stack(0x0000002763300000,0x0000002763400000)]
  0x000002075ddb3520 JavaThread "ForkJoinPool.commonPool-worker-4" daemon [_thread_blocked, id=20712, stack(0x0000002763500000,0x0000002763600000)]
  0x000002075ddb67c0 JavaThread "ForkJoinPool.commonPool-worker-5" daemon [_thread_blocked, id=10776, stack(0x0000002763600000,0x0000002763700000)]
  0x000002075ddb6cd0 JavaThread "ForkJoinPool.commonPool-worker-6" daemon [_thread_blocked, id=1800, stack(0x0000002763700000,0x0000002763800000)]
  0x000002075ddb7c00 JavaThread "Execution worker" [_thread_blocked, id=20604, stack(0x0000002763d00000,0x0000002763e00000)]
  0x000002075ddb8110 JavaThread "Execution worker Thread 2" [_thread_blocked, id=16976, stack(0x0000002763e00000,0x0000002763f00000)]
  0x000002075ddb4960 JavaThread "Execution worker Thread 3" [_thread_blocked, id=20580, stack(0x0000002763f00000,0x0000002764000000)]
  0x000002075ddb8620 JavaThread "Execution worker Thread 4" [_thread_blocked, id=344, stack(0x0000002764000000,0x0000002764100000)]
  0x000002075ddb4e70 JavaThread "Execution worker Thread 5" [_thread_blocked, id=27708, stack(0x0000002764100000,0x0000002764200000)]
  0x000002075ddb8b30 JavaThread "Execution worker Thread 6" [_thread_blocked, id=15512, stack(0x0000002764200000,0x0000002764300000)]
  0x000002075ddb5380 JavaThread "Execution worker Thread 7" [_thread_blocked, id=28356, stack(0x0000002764300000,0x0000002764400000)]
  0x000002075ddb9a60 JavaThread "Cache worker for execution history cache (C:\Users\saura\Desktop\SvindoApp\Svindo_VendorApp\node_modules\@react-native\gradle-plugin\.gradle\8.12\executionHistory)" [_thread_blocked, id=27756, stack(0x0000002764400000,0x0000002764500000)]
  0x000002075ddb9040 JavaThread "Unconstrained build operations Thread 28" [_thread_blocked, id=2592, stack(0x0000002764500000,0x0000002764600000)]
  0x000002075ddb9550 JavaThread "Unconstrained build operations Thread 29" [_thread_blocked, id=21448, stack(0x0000002764600000,0x0000002764700000)]
  0x000002075ddba990 JavaThread "Unconstrained build operations Thread 30" [_thread_blocked, id=2680, stack(0x0000002764700000,0x0000002764800000)]
  0x000002075ddb9f70 JavaThread "Unconstrained build operations Thread 31" [_thread_in_Java, id=22672, stack(0x0000002764800000,0x0000002764900000)]
  0x000002075f130d70 JavaThread "Unconstrained build operations Thread 32" [_thread_blocked, id=16340, stack(0x0000002764900000,0x0000002764a00000)]
  0x000002075f133b00 JavaThread "Unconstrained build operations Thread 33" [_thread_blocked, id=5660, stack(0x0000002764a00000,0x0000002764b00000)]
  0x000002075f1321b0 JavaThread "Unconstrained build operations Thread 34" [_thread_blocked, id=21480, stack(0x0000002764b00000,0x0000002764c00000)]
  0x000002075f1330e0 JavaThread "Unconstrained build operations Thread 35" [_thread_blocked, id=3892, stack(0x0000002764c00000,0x0000002764d00000)]
  0x000002075f134520 JavaThread "Unconstrained build operations Thread 36" [_thread_blocked, id=18236, stack(0x0000002764d00000,0x0000002764e00000)]
  0x000002075f132bd0 JavaThread "Unconstrained build operations Thread 37" [_thread_blocked, id=13512, stack(0x0000002764e00000,0x0000002764f00000)]
  0x000002075f131280 JavaThread "Unconstrained build operations Thread 38" [_thread_blocked, id=28000, stack(0x0000002764f00000,0x0000002765000000)]
  0x000002075f1326c0 JavaThread "Unconstrained build operations Thread 39" [_thread_blocked, id=25240, stack(0x0000002765000000,0x0000002765100000)]
  0x000002075f134010 JavaThread "Unconstrained build operations Thread 40" [_thread_blocked, id=10700, stack(0x0000002765100000,0x0000002765200000)]
  0x000002075f134a30 JavaThread "Unconstrained build operations Thread 41" [_thread_blocked, id=11068, stack(0x0000002765200000,0x0000002765300000)]
  0x000002075f134f40 JavaThread "Unconstrained build operations Thread 42" [_thread_blocked, id=24348, stack(0x0000002765300000,0x0000002765400000)]
  0x000002075f1335f0 JavaThread "Unconstrained build operations Thread 43" [_thread_blocked, id=27372, stack(0x0000002765400000,0x0000002765500000)]
  0x000002075f131790 JavaThread "Unconstrained build operations Thread 44" [_thread_blocked, id=7196, stack(0x0000002765500000,0x0000002765600000)]
  0x000002075f135450 JavaThread "Unconstrained build operations Thread 45" [_thread_blocked, id=1928, stack(0x0000002765600000,0x0000002765700000)]
  0x000002075f131ca0 JavaThread "Unconstrained build operations Thread 46" [_thread_blocked, id=27728, stack(0x0000002765700000,0x0000002765800000)]
  0x000002075f136890 JavaThread "Unconstrained build operations Thread 47" [_thread_blocked, id=17404, stack(0x0000002765800000,0x0000002765900000)]
  0x000002075f1377c0 JavaThread "Unconstrained build operations Thread 48" [_thread_blocked, id=21292, stack(0x0000002765900000,0x0000002765a00000)]
  0x000002075f135960 JavaThread "Unconstrained build operations Thread 49" [_thread_blocked, id=10812, stack(0x0000002765a00000,0x0000002765b00000)]
  0x000002075f135e70 JavaThread "Unconstrained build operations Thread 50" [_thread_blocked, id=20196, stack(0x0000002765b00000,0x0000002765c00000)]
  0x000002075f136380 JavaThread "Unconstrained build operations Thread 51" [_thread_blocked, id=14156, stack(0x0000002765c00000,0x0000002765d00000)]
  0x000002075f136da0 JavaThread "Unconstrained build operations Thread 52" [_thread_blocked, id=28468, stack(0x0000002765d00000,0x0000002765e00000)]
  0x000002075f137cd0 JavaThread "Unconstrained build operations Thread 53" [_thread_blocked, id=25704, stack(0x0000002765e00000,0x0000002765f00000)]
  0x000002075f1372b0 JavaThread "Unconstrained build operations Thread 54" [_thread_blocked, id=27840, stack(0x0000002765f00000,0x0000002766000000)]
  0x000002075f1381e0 JavaThread "Unconstrained build operations Thread 55" [_thread_blocked, id=24160, stack(0x0000002766000000,0x0000002766100000)]
  0x000002075f1386f0 JavaThread "Unconstrained build operations Thread 56" [_thread_blocked, id=16620, stack(0x0000002766100000,0x0000002766200000)]
  0x000002075de94390 JavaThread "Unconstrained build operations Thread 57" [_thread_blocked, id=508, stack(0x0000002766200000,0x0000002766300000)]
  0x000002075de948a0 JavaThread "Unconstrained build operations Thread 58" [_thread_blocked, id=7444, stack(0x0000002766300000,0x0000002766400000)]
  0x000002075de94db0 JavaThread "Unconstrained build operations Thread 59" [_thread_blocked, id=10480, stack(0x0000002766400000,0x0000002766500000)]
  0x000002075de91b10 JavaThread "Unconstrained build operations Thread 60" [_thread_blocked, id=11052, stack(0x0000002766500000,0x0000002766600000)]
  0x000002075de92a40 JavaThread "Unconstrained build operations Thread 61" [_thread_blocked, id=16172, stack(0x0000002766600000,0x0000002766700000)]
  0x000002075de92020 JavaThread "Unconstrained build operations Thread 62" [_thread_blocked, id=25176, stack(0x0000002766700000,0x0000002766800000)]
  0x000002075de92530 JavaThread "Unconstrained build operations Thread 63" [_thread_blocked, id=22340, stack(0x0000002766800000,0x0000002766900000)]
  0x000002075de91600 JavaThread "Unconstrained build operations Thread 64" [_thread_blocked, id=16804, stack(0x0000002766900000,0x0000002766a00000)]
  0x000002075de95ce0 JavaThread "Unconstrained build operations Thread 65" [_thread_blocked, id=21752, stack(0x0000002766a00000,0x0000002766b00000)]
  0x000002075de96700 JavaThread "Unconstrained build operations Thread 66" [_thread_blocked, id=20452, stack(0x0000002766b00000,0x0000002766c00000)]
  0x000002075de92f50 JavaThread "Unconstrained build operations Thread 67" [_thread_blocked, id=25816, stack(0x0000002766c00000,0x0000002766d00000)]
  0x000002075de952c0 JavaThread "Unconstrained build operations Thread 68" [_thread_blocked, id=2708, stack(0x0000002766d00000,0x0000002766e00000)]
  0x000002075de957d0 JavaThread "Unconstrained build operations Thread 69" [_thread_blocked, id=24524, stack(0x0000002766e00000,0x0000002766f00000)]
  0x000002075de961f0 JavaThread "Unconstrained build operations Thread 70" [_thread_blocked, id=27424, stack(0x0000002766f00000,0x0000002767000000)]
  0x000002075de96c10 JavaThread "Unconstrained build operations Thread 71" [_thread_blocked, id=27476, stack(0x0000002767000000,0x0000002767100000)]
  0x000002075de93970 JavaThread "Unconstrained build operations Thread 72" [_thread_blocked, id=27172, stack(0x0000002767100000,0x0000002767200000)]
  0x000002075de93460 JavaThread "Unconstrained build operations Thread 73" [_thread_blocked, id=26844, stack(0x0000002767200000,0x0000002767300000)]
  0x000002075de97120 JavaThread "Unconstrained build operations Thread 74" [_thread_blocked, id=27188, stack(0x0000002767300000,0x0000002767400000)]
  0x000002075de97630 JavaThread "Unconstrained build operations Thread 75" [_thread_blocked, id=21764, stack(0x0000002767400000,0x0000002767500000)]
  0x000002075de93e80 JavaThread "Unconstrained build operations Thread 76" [_thread_blocked, id=16544, stack(0x0000002767500000,0x0000002767600000)]
  0x000002075de97b40 JavaThread "Unconstrained build operations Thread 77" [_thread_blocked, id=27304, stack(0x0000002767600000,0x0000002767700000)]
  0x000002075de98a70 JavaThread "jar transforms Thread 2" [_thread_blocked, id=22596, stack(0x0000002767700000,0x0000002767800000)]
  0x000002075de98f80 JavaThread "jar transforms Thread 3" [_thread_blocked, id=25924, stack(0x0000002767800000,0x0000002767900000)]
  0x000002075c4f4300 JavaThread "Unconstrained build operations Thread 78" [_thread_blocked, id=27368, stack(0x0000002767900000,0x0000002767a00000)]
  0x000002075e72d5a0 JavaThread "Unconstrained build operations Thread 79" [_thread_blocked, id=26144, stack(0x0000002767a00000,0x0000002767b00000)]
  0x000002075e72e9e0 JavaThread "Unconstrained build operations Thread 80" [_thread_blocked, id=20960, stack(0x0000002767b00000,0x0000002767c00000)]
  0x000002075e72d090 JavaThread "jar transforms Thread 4" [_thread_blocked, id=27144, stack(0x0000002767d00000,0x0000002767e00000)]
  0x000002075e72fe20 JavaThread "jar transforms Thread 5" [_thread_blocked, id=21128, stack(0x0000002767e00000,0x0000002767f00000)]
  0x000002075e731770 JavaThread "jar transforms Thread 6" [_thread_blocked, id=20564, stack(0x0000002767f00000,0x0000002768000000)]
  0x000002075e72f910 JavaThread "build event listener" [_thread_blocked, id=13872, stack(0x0000002768000000,0x0000002768100000)]
  0x000002075e730840 JavaThread "Problems report writer" [_thread_blocked, id=7120, stack(0x0000002768100000,0x0000002768200000)]
  0x000002075e72f400 JavaThread "jar transforms Thread 7" [_thread_blocked, id=26244, stack(0x0000002768200000,0x0000002768300000)]
  0x000002075e731c80 JavaThread "jar transforms Thread 8" [_thread_blocked, id=27376, stack(0x0000002768300000,0x0000002768400000)]
  0x000002075ddb5da0 JavaThread "File lock release action executor" [_thread_blocked, id=27176, stack(0x0000002763900000,0x0000002763a00000)]
  0x000002075ddb71e0 JavaThread "ForkJoinPool.commonPool-worker-8" daemon [_thread_blocked, id=26792, stack(0x0000002761000000,0x0000002761100000)]
  0x000002075de98560 JavaThread "ForkJoinPool.commonPool-worker-9" daemon [_thread_blocked, id=15728, stack(0x0000002763800000,0x0000002763900000)]
  0x00000207675fbe00 JavaThread "included builds Thread 2" [_thread_blocked, id=18592, stack(0x0000002763c00000,0x0000002763d00000)]
  0x00000207675f9a90 JavaThread "Cache worker for execution history cache (C:\Users\saura\Desktop\SvindoApp\Svindo_VendorApp\android\.gradle\8.12\executionHistory)" [_thread_blocked, id=8612, stack(0x0000002767c00000,0x0000002767d00000)]

Other Threads:
  0x000002073b42e330 VMThread "VM Thread" [stack: 0x000000275e900000,0x000000275ea00000] [id=26160]
  0x000002073bcb0180 WatcherThread [stack: 0x000000275f500000,0x000000275f600000] [id=10072]
  0x000002071ce40d00 GCTaskThread "GC Thread#0" [stack: 0x000000275e400000,0x000000275e500000] [id=21792]
  0x000002075b1eb670 GCTaskThread "GC Thread#1" [stack: 0x000000275f800000,0x000000275f900000] [id=25752]
  0x000002075b478800 GCTaskThread "GC Thread#2" [stack: 0x000000275f900000,0x000000275fa00000] [id=23228]
  0x000002075b1c7160 GCTaskThread "GC Thread#3" [stack: 0x000000275f600000,0x000000275f700000] [id=22068]
  0x000002075b9c0450 GCTaskThread "GC Thread#4" [stack: 0x000000275f700000,0x000000275f800000] [id=17368]
  0x000002075c427300 GCTaskThread "GC Thread#5" [stack: 0x0000002760400000,0x0000002760500000] [id=19816]
  0x000002075c427980 GCTaskThread "GC Thread#6" [stack: 0x0000002760500000,0x0000002760600000] [id=15460]
  0x000002075c578ac0 GCTaskThread "GC Thread#7" [stack: 0x0000002760600000,0x0000002760700000] [id=26964]
  0x000002071ce52830 ConcurrentGCThread "G1 Main Marker" [stack: 0x000000275e500000,0x000000275e600000] [id=9164]
  0x000002071ce53900 ConcurrentGCThread "G1 Conc#0" [stack: 0x000000275e600000,0x000000275e700000] [id=11008]
  0x000002075d47d2b0 ConcurrentGCThread "G1 Conc#1" [stack: 0x0000002760c00000,0x0000002760d00000] [id=6676]
  0x000002071ce8ad60 ConcurrentGCThread "G1 Refine#0" [stack: 0x000000275e700000,0x000000275e800000] [id=17388]
  0x000002075cfa84c0 ConcurrentGCThread "G1 Refine#1" [stack: 0x0000002761100000,0x0000002761200000] [id=20844]
  0x0000020760153700 ConcurrentGCThread "G1 Refine#2" [stack: 0x0000002763400000,0x0000002763500000] [id=24232]
  0x000002071ce8b5a0 ConcurrentGCThread "G1 Service" [stack: 0x000000275e800000,0x000000275e900000] [id=14252]

Threads with active compile tasks:
C2 CompilerThread0   340472 21392       4       org.gradle.internal.Try$Success::ifSuccessfulOrElse (11 bytes)

VM state: not at safepoint (normal execution)

VM Mutex/Monitor currently owned by a thread: None

Heap address: 0x0000000080000000, size: 2048 MB, Compressed Oops mode: 32-bit

CDS archive(s) mapped at: [0x000002073c000000-0x000002073cbb0000-0x000002073cbb0000), size 12255232, SharedBaseAddress: 0x000002073c000000, ArchiveRelocationMode: 1.
Compressed class space mapped at: 0x000002073d000000-0x0000020757000000, reserved size: 436207616
Narrow klass base: 0x000002073c000000, Narrow klass shift: 0, Narrow klass range: 0x100000000

GC Precious Log:
 CPUs: 8 total, 8 available
 Memory: 6088M
 Large Page Support: Disabled
 NUMA Support: Disabled
 Compressed Oops: Enabled (32-bit)
 Heap Region Size: 1M
 Heap Min Capacity: 8M
 Heap Initial Capacity: 96M
 Heap Max Capacity: 2G
 Pre-touch: Disabled
 Parallel Workers: 8
 Concurrent Workers: 2
 Concurrent Refinement Workers: 8
 Periodic GC: Disabled

Heap:
 garbage-first heap   total 391168K, used 350871K [0x0000000080000000, 0x0000000100000000)
  region size 1024K, 19 young (19456K), 3 survivors (3072K)
 Metaspace       used 126203K, committed 128320K, reserved 557056K
  class space    used 17501K, committed 18496K, reserved 425984K

Heap Regions: E=young(eden), S=young(survivor), O=old, HS=humongous(starts), HC=humongous(continues), CS=collection set, F=free, OA=open archive, CA=closed archive, TAMS=top-at-mark-start (previous, next)
|   0|0x0000000080000000, 0x0000000080100000, 0x0000000080100000|100%| O|  |TAMS 0x0000000080100000, 0x0000000080000000| Untracked 
|   1|0x0000000080100000, 0x0000000080200000, 0x0000000080200000|100%|HS|  |TAMS 0x0000000080200000, 0x0000000080100000| Complete 
|   2|0x0000000080200000, 0x0000000080300000, 0x0000000080300000|100%|HC|  |TAMS 0x0000000080300000, 0x0000000080200000| Complete 
|   3|0x0000000080300000, 0x0000000080400000, 0x0000000080400000|100%|HC|  |TAMS 0x0000000080400000, 0x0000000080300000| Complete 
|   4|0x0000000080400000, 0x0000000080500000, 0x0000000080500000|100%| O|  |TAMS 0x0000000080500000, 0x0000000080400000| Untracked 
|   5|0x0000000080500000, 0x0000000080600000, 0x0000000080600000|100%| O|  |TAMS 0x0000000080600000, 0x0000000080500000| Untracked 
|   6|0x0000000080600000, 0x0000000080700000, 0x0000000080700000|100%| O|  |TAMS 0x0000000080700000, 0x0000000080600000| Untracked 
|   7|0x0000000080700000, 0x0000000080800000, 0x0000000080800000|100%|HS|  |TAMS 0x0000000080800000, 0x0000000080700000| Complete 
|   8|0x0000000080800000, 0x0000000080900000, 0x0000000080900000|100%| O|  |TAMS 0x0000000080900000, 0x0000000080800000| Untracked 
|   9|0x0000000080900000, 0x0000000080a00000, 0x0000000080a00000|100%| O|  |TAMS 0x0000000080a00000, 0x0000000080900000| Untracked 
|  10|0x0000000080a00000, 0x0000000080b00000, 0x0000000080b00000|100%| O|  |TAMS 0x0000000080b00000, 0x0000000080a00000| Untracked 
|  11|0x0000000080b00000, 0x0000000080c00000, 0x0000000080c00000|100%| O|  |TAMS 0x0000000080c00000, 0x0000000080b00000| Untracked 
|  12|0x0000000080c00000, 0x0000000080d00000, 0x0000000080d00000|100%| O|  |TAMS 0x0000000080d00000, 0x0000000080c00000| Untracked 
|  13|0x0000000080d00000, 0x0000000080e00000, 0x0000000080e00000|100%| O|  |TAMS 0x0000000080e00000, 0x0000000080d00000| Untracked 
|  14|0x0000000080e00000, 0x0000000080f00000, 0x0000000080f00000|100%| O|  |TAMS 0x0000000080f00000, 0x0000000080e00000| Untracked 
|  15|0x0000000080f00000, 0x0000000081000000, 0x0000000081000000|100%| O|  |TAMS 0x0000000081000000, 0x0000000080f00000| Untracked 
|  16|0x0000000081000000, 0x0000000081100000, 0x0000000081100000|100%| O|  |TAMS 0x0000000081100000, 0x0000000081000000| Untracked 
|  17|0x0000000081100000, 0x0000000081200000, 0x0000000081200000|100%| O|  |TAMS 0x0000000081200000, 0x0000000081100000| Untracked 
|  18|0x0000000081200000, 0x0000000081300000, 0x0000000081300000|100%| O|  |TAMS 0x0000000081300000, 0x0000000081200000| Untracked 
|  19|0x0000000081300000, 0x0000000081400000, 0x0000000081400000|100%| O|  |TAMS 0x0000000081400000, 0x0000000081300000| Untracked 
|  20|0x0000000081400000, 0x0000000081500000, 0x0000000081500000|100%| O|  |TAMS 0x0000000081500000, 0x0000000081400000| Untracked 
|  21|0x0000000081500000, 0x0000000081600000, 0x0000000081600000|100%| O|  |TAMS 0x0000000081600000, 0x0000000081500000| Untracked 
|  22|0x0000000081600000, 0x0000000081700000, 0x0000000081700000|100%| O|  |TAMS 0x0000000081700000, 0x0000000081600000| Untracked 
|  23|0x0000000081700000, 0x0000000081800000, 0x0000000081800000|100%| O|  |TAMS 0x0000000081800000, 0x0000000081700000| Untracked 
|  24|0x0000000081800000, 0x0000000081900000, 0x0000000081900000|100%| O|  |TAMS 0x0000000081900000, 0x0000000081800000| Untracked 
|  25|0x0000000081900000, 0x0000000081a00000, 0x0000000081a00000|100%| O|  |TAMS 0x0000000081a00000, 0x0000000081900000| Untracked 
|  26|0x0000000081a00000, 0x0000000081b00000, 0x0000000081b00000|100%| O|  |TAMS 0x0000000081b00000, 0x0000000081a00000| Untracked 
|  27|0x0000000081b00000, 0x0000000081c00000, 0x0000000081c00000|100%| O|  |TAMS 0x0000000081c00000, 0x0000000081b00000| Untracked 
|  28|0x0000000081c00000, 0x0000000081d00000, 0x0000000081d00000|100%| O|  |TAMS 0x0000000081d00000, 0x0000000081c00000| Untracked 
|  29|0x0000000081d00000, 0x0000000081e00000, 0x0000000081e00000|100%| O|  |TAMS 0x0000000081e00000, 0x0000000081d00000| Untracked 
|  30|0x0000000081e00000, 0x0000000081f00000, 0x0000000081f00000|100%| O|  |TAMS 0x0000000081f00000, 0x0000000081e00000| Untracked 
|  31|0x0000000081f00000, 0x0000000082000000, 0x0000000082000000|100%| O|  |TAMS 0x0000000082000000, 0x0000000081f00000| Untracked 
|  32|0x0000000082000000, 0x0000000082100000, 0x0000000082100000|100%| O|  |TAMS 0x0000000082100000, 0x0000000082000000| Untracked 
|  33|0x0000000082100000, 0x0000000082200000, 0x0000000082200000|100%| O|  |TAMS 0x0000000082200000, 0x0000000082100000| Untracked 
|  34|0x0000000082200000, 0x0000000082300000, 0x0000000082300000|100%| O|  |TAMS 0x0000000082300000, 0x0000000082200000| Untracked 
|  35|0x0000000082300000, 0x0000000082400000, 0x0000000082400000|100%| O|  |TAMS 0x0000000082400000, 0x0000000082300000| Untracked 
|  36|0x0000000082400000, 0x0000000082500000, 0x0000000082500000|100%| O|  |TAMS 0x0000000082500000, 0x0000000082400000| Untracked 
|  37|0x0000000082500000, 0x0000000082600000, 0x0000000082600000|100%| O|  |TAMS 0x0000000082600000, 0x0000000082500000| Untracked 
|  38|0x0000000082600000, 0x0000000082700000, 0x0000000082700000|100%| O|  |TAMS 0x0000000082700000, 0x0000000082600000| Untracked 
|  39|0x0000000082700000, 0x0000000082800000, 0x0000000082800000|100%| O|  |TAMS 0x0000000082800000, 0x0000000082700000| Untracked 
|  40|0x0000000082800000, 0x0000000082900000, 0x0000000082900000|100%| O|  |TAMS 0x0000000082900000, 0x0000000082800000| Untracked 
|  41|0x0000000082900000, 0x0000000082a00000, 0x0000000082a00000|100%|HS|  |TAMS 0x0000000082900000, 0x0000000082900000| Complete 
|  42|0x0000000082a00000, 0x0000000082b00000, 0x0000000082b00000|100%| O|  |TAMS 0x0000000082a00000, 0x0000000082a00000| Untracked 
|  43|0x0000000082b00000, 0x0000000082c00000, 0x0000000082c00000|100%| O|  |TAMS 0x0000000082c00000, 0x0000000082b00000| Untracked 
|  44|0x0000000082c00000, 0x0000000082d00000, 0x0000000082d00000|100%| O|  |TAMS 0x0000000082d00000, 0x0000000082c00000| Untracked 
|  45|0x0000000082d00000, 0x0000000082e00000, 0x0000000082e00000|100%| O|  |TAMS 0x0000000082e00000, 0x0000000082d00000| Untracked 
|  46|0x0000000082e00000, 0x0000000082f00000, 0x0000000082f00000|100%| O|  |TAMS 0x0000000082f00000, 0x0000000082e00000| Untracked 
|  47|0x0000000082f00000, 0x0000000083000000, 0x0000000083000000|100%|HS|  |TAMS 0x0000000083000000, 0x0000000082f00000| Complete 
|  48|0x0000000083000000, 0x0000000083100000, 0x0000000083100000|100%|HC|  |TAMS 0x0000000083100000, 0x0000000083000000| Complete 
|  49|0x0000000083100000, 0x0000000083200000, 0x0000000083200000|100%|HS|  |TAMS 0x0000000083200000, 0x0000000083100000| Complete 
|  50|0x0000000083200000, 0x0000000083300000, 0x0000000083300000|100%|HC|  |TAMS 0x0000000083300000, 0x0000000083200000| Complete 
|  51|0x0000000083300000, 0x0000000083400000, 0x0000000083400000|100%|HC|  |TAMS 0x0000000083400000, 0x0000000083300000| Complete 
|  52|0x0000000083400000, 0x0000000083500000, 0x0000000083500000|100%|HS|  |TAMS 0x0000000083500000, 0x0000000083400000| Complete 
|  53|0x0000000083500000, 0x0000000083600000, 0x0000000083600000|100%|HC|  |TAMS 0x0000000083600000, 0x0000000083500000| Complete 
|  54|0x0000000083600000, 0x0000000083700000, 0x0000000083700000|100%|HS|  |TAMS 0x0000000083600000, 0x0000000083600000| Complete 
|  55|0x0000000083700000, 0x0000000083800000, 0x0000000083800000|100%| O|  |TAMS 0x0000000083700000, 0x0000000083700000| Untracked 
|  56|0x0000000083800000, 0x0000000083900000, 0x0000000083900000|100%| O|  |TAMS 0x0000000083800000, 0x0000000083800000| Untracked 
|  57|0x0000000083900000, 0x0000000083a00000, 0x0000000083a00000|100%| O|  |TAMS 0x0000000083a00000, 0x0000000083900000| Untracked 
|  58|0x0000000083a00000, 0x0000000083b00000, 0x0000000083b00000|100%| O|  |TAMS 0x0000000083b00000, 0x0000000083a00000| Untracked 
|  59|0x0000000083b00000, 0x0000000083c00000, 0x0000000083c00000|100%| O|  |TAMS 0x0000000083c00000, 0x0000000083b00000| Untracked 
|  60|0x0000000083c00000, 0x0000000083d00000, 0x0000000083d00000|100%| O|  |TAMS 0x0000000083d00000, 0x0000000083c00000| Untracked 
|  61|0x0000000083d00000, 0x0000000083e00000, 0x0000000083e00000|100%|HS|  |TAMS 0x0000000083e00000, 0x0000000083d00000| Complete 
|  62|0x0000000083e00000, 0x0000000083f00000, 0x0000000083f00000|100%|HC|  |TAMS 0x0000000083f00000, 0x0000000083e00000| Complete 
|  63|0x0000000083f00000, 0x0000000084000000, 0x0000000084000000|100%|HC|  |TAMS 0x0000000084000000, 0x0000000083f00000| Complete 
|  64|0x0000000084000000, 0x0000000084100000, 0x0000000084100000|100%| O|  |TAMS 0x0000000084100000, 0x0000000084000000| Untracked 
|  65|0x0000000084100000, 0x0000000084200000, 0x0000000084200000|100%| O|  |TAMS 0x0000000084100000, 0x0000000084100000| Untracked 
|  66|0x0000000084200000, 0x0000000084300000, 0x0000000084300000|100%| O|  |TAMS 0x0000000084200000, 0x0000000084200000| Untracked 
|  67|0x0000000084300000, 0x0000000084400000, 0x0000000084400000|100%| O|  |TAMS 0x0000000084300000, 0x0000000084300000| Untracked 
|  68|0x0000000084400000, 0x0000000084500000, 0x0000000084500000|100%| O|  |TAMS 0x0000000084500000, 0x0000000084400000| Untracked 
|  69|0x0000000084500000, 0x0000000084600000, 0x0000000084600000|100%| O|  |TAMS 0x0000000084600000, 0x0000000084500000| Untracked 
|  70|0x0000000084600000, 0x0000000084700000, 0x0000000084700000|100%| O|  |TAMS 0x0000000084700000, 0x0000000084600000| Untracked 
|  71|0x0000000084700000, 0x0000000084800000, 0x0000000084800000|100%| O|  |TAMS 0x0000000084800000, 0x0000000084700000| Untracked 
|  72|0x0000000084800000, 0x0000000084900000, 0x0000000084900000|100%| O|  |TAMS 0x0000000084900000, 0x0000000084800000| Untracked 
|  73|0x0000000084900000, 0x0000000084a00000, 0x0000000084a00000|100%| O|  |TAMS 0x0000000084a00000, 0x0000000084900000| Untracked 
|  74|0x0000000084a00000, 0x0000000084b00000, 0x0000000084b00000|100%| O|  |TAMS 0x0000000084b00000, 0x0000000084a00000| Untracked 
|  75|0x0000000084b00000, 0x0000000084c00000, 0x0000000084c00000|100%| O|  |TAMS 0x0000000084c00000, 0x0000000084b00000| Untracked 
|  76|0x0000000084c00000, 0x0000000084d00000, 0x0000000084d00000|100%| O|  |TAMS 0x0000000084d00000, 0x0000000084c00000| Untracked 
|  77|0x0000000084d00000, 0x0000000084e00000, 0x0000000084e00000|100%| O|  |TAMS 0x0000000084e00000, 0x0000000084d00000| Untracked 
|  78|0x0000000084e00000, 0x0000000084f00000, 0x0000000084f00000|100%| O|  |TAMS 0x0000000084f00000, 0x0000000084e00000| Untracked 
|  79|0x0000000084f00000, 0x0000000085000000, 0x0000000085000000|100%| O|  |TAMS 0x0000000085000000, 0x0000000084f00000| Untracked 
|  80|0x0000000085000000, 0x0000000085100000, 0x0000000085100000|100%| O|  |TAMS 0x0000000085100000, 0x0000000085000000| Untracked 
|  81|0x0000000085100000, 0x0000000085200000, 0x0000000085200000|100%| O|  |TAMS 0x0000000085100000, 0x0000000085100000| Untracked 
|  82|0x0000000085200000, 0x0000000085300000, 0x0000000085300000|100%| O|  |TAMS 0x0000000085300000, 0x0000000085200000| Untracked 
|  83|0x0000000085300000, 0x0000000085400000, 0x0000000085400000|100%|HS|  |TAMS 0x0000000085400000, 0x0000000085300000| Complete 
|  84|0x0000000085400000, 0x0000000085500000, 0x0000000085500000|100%|HS|  |TAMS 0x0000000085500000, 0x0000000085400000| Complete 
|  85|0x0000000085500000, 0x0000000085600000, 0x0000000085600000|100%|HS|  |TAMS 0x0000000085600000, 0x0000000085500000| Complete 
|  86|0x0000000085600000, 0x0000000085700000, 0x0000000085700000|100%|HS|  |TAMS 0x0000000085700000, 0x0000000085600000| Complete 
|  87|0x0000000085700000, 0x0000000085800000, 0x0000000085800000|100%| O|  |TAMS 0x0000000085800000, 0x0000000085700000| Untracked 
|  88|0x0000000085800000, 0x0000000085900000, 0x0000000085900000|100%|HS|  |TAMS 0x0000000085900000, 0x0000000085800000| Complete 
|  89|0x0000000085900000, 0x0000000085a00000, 0x0000000085a00000|100%|HS|  |TAMS 0x0000000085a00000, 0x0000000085900000| Complete 
|  90|0x0000000085a00000, 0x0000000085b00000, 0x0000000085b00000|100%|HS|  |TAMS 0x0000000085b00000, 0x0000000085a00000| Complete 
|  91|0x0000000085b00000, 0x0000000085c00000, 0x0000000085c00000|100%|HC|  |TAMS 0x0000000085c00000, 0x0000000085b00000| Complete 
|  92|0x0000000085c00000, 0x0000000085d00000, 0x0000000085d00000|100%| O|  |TAMS 0x0000000085d00000, 0x0000000085c00000| Untracked 
|  93|0x0000000085d00000, 0x0000000085e00000, 0x0000000085e00000|100%|HS|  |TAMS 0x0000000085e00000, 0x0000000085d00000| Complete 
|  94|0x0000000085e00000, 0x0000000085f00000, 0x0000000085f00000|100%| O|  |TAMS 0x0000000085f00000, 0x0000000085e00000| Untracked 
|  95|0x0000000085f00000, 0x0000000086000000, 0x0000000086000000|100%| O|  |TAMS 0x0000000086000000, 0x0000000085f00000| Untracked 
|  96|0x0000000086000000, 0x0000000086100000, 0x0000000086100000|100%| O|  |TAMS 0x0000000086100000, 0x0000000086000000| Untracked 
|  97|0x0000000086100000, 0x0000000086200000, 0x0000000086200000|100%| O|  |TAMS 0x0000000086200000, 0x0000000086100000| Untracked 
|  98|0x0000000086200000, 0x0000000086300000, 0x0000000086300000|100%| O|  |TAMS 0x0000000086300000, 0x0000000086200000| Untracked 
|  99|0x0000000086300000, 0x0000000086400000, 0x0000000086400000|100%| O|  |TAMS 0x0000000086400000, 0x0000000086300000| Untracked 
| 100|0x0000000086400000, 0x0000000086500000, 0x0000000086500000|100%| O|  |TAMS 0x0000000086500000, 0x0000000086400000| Untracked 
| 101|0x0000000086500000, 0x0000000086600000, 0x0000000086600000|100%| O|  |TAMS 0x0000000086600000, 0x0000000086500000| Untracked 
| 102|0x0000000086600000, 0x0000000086700000, 0x0000000086700000|100%| O|  |TAMS 0x0000000086700000, 0x0000000086600000| Untracked 
| 103|0x0000000086700000, 0x0000000086800000, 0x0000000086800000|100%| O|  |TAMS 0x0000000086800000, 0x0000000086700000| Untracked 
| 104|0x0000000086800000, 0x0000000086900000, 0x0000000086900000|100%| O|  |TAMS 0x0000000086900000, 0x0000000086800000| Untracked 
| 105|0x0000000086900000, 0x0000000086a00000, 0x0000000086a00000|100%| O|  |TAMS 0x0000000086a00000, 0x0000000086900000| Untracked 
| 106|0x0000000086a00000, 0x0000000086b00000, 0x0000000086b00000|100%| O|  |TAMS 0x0000000086b00000, 0x0000000086a00000| Untracked 
| 107|0x0000000086b00000, 0x0000000086c00000, 0x0000000086c00000|100%| O|  |TAMS 0x0000000086c00000, 0x0000000086b00000| Untracked 
| 108|0x0000000086c00000, 0x0000000086d00000, 0x0000000086d00000|100%| O|  |TAMS 0x0000000086c00000, 0x0000000086c00000| Untracked 
| 109|0x0000000086d00000, 0x0000000086e00000, 0x0000000086e00000|100%| O|  |TAMS 0x0000000086e00000, 0x0000000086d00000| Untracked 
| 110|0x0000000086e00000, 0x0000000086f00000, 0x0000000086f00000|100%| O|  |TAMS 0x0000000086f00000, 0x0000000086e00000| Untracked 
| 111|0x0000000086f00000, 0x0000000087000000, 0x0000000087000000|100%| O|  |TAMS 0x0000000087000000, 0x0000000086f00000| Untracked 
| 112|0x0000000087000000, 0x0000000087100000, 0x0000000087100000|100%| O|  |TAMS 0x0000000087100000, 0x0000000087000000| Untracked 
| 113|0x0000000087100000, 0x0000000087200000, 0x0000000087200000|100%| O|  |TAMS 0x0000000087200000, 0x0000000087100000| Untracked 
| 114|0x0000000087200000, 0x0000000087300000, 0x0000000087300000|100%| O|  |TAMS 0x0000000087300000, 0x0000000087200000| Untracked 
| 115|0x0000000087300000, 0x0000000087400000, 0x0000000087400000|100%| O|  |TAMS 0x0000000087400000, 0x0000000087300000| Untracked 
| 116|0x0000000087400000, 0x0000000087500000, 0x0000000087500000|100%| O|  |TAMS 0x0000000087500000, 0x0000000087400000| Untracked 
| 117|0x0000000087500000, 0x0000000087600000, 0x0000000087600000|100%| O|  |TAMS 0x0000000087600000, 0x0000000087500000| Untracked 
| 118|0x0000000087600000, 0x0000000087700000, 0x0000000087700000|100%| O|  |TAMS 0x0000000087700000, 0x0000000087600000| Untracked 
| 119|0x0000000087700000, 0x0000000087800000, 0x0000000087800000|100%| O|  |TAMS 0x0000000087800000, 0x0000000087700000| Untracked 
| 120|0x0000000087800000, 0x0000000087900000, 0x0000000087900000|100%| O|  |TAMS 0x0000000087900000, 0x0000000087800000| Untracked 
| 121|0x0000000087900000, 0x0000000087a00000, 0x0000000087a00000|100%| O|  |TAMS 0x0000000087a00000, 0x0000000087900000| Untracked 
| 122|0x0000000087a00000, 0x0000000087b00000, 0x0000000087b00000|100%| O|  |TAMS 0x0000000087b00000, 0x0000000087a00000| Untracked 
| 123|0x0000000087b00000, 0x0000000087c00000, 0x0000000087c00000|100%| O|  |TAMS 0x0000000087c00000, 0x0000000087b00000| Untracked 
| 124|0x0000000087c00000, 0x0000000087d00000, 0x0000000087d00000|100%| O|  |TAMS 0x0000000087d00000, 0x0000000087c00000| Untracked 
| 125|0x0000000087d00000, 0x0000000087e00000, 0x0000000087e00000|100%| O|  |TAMS 0x0000000087e00000, 0x0000000087d00000| Untracked 
| 126|0x0000000087e00000, 0x0000000087f00000, 0x0000000087f00000|100%| O|  |TAMS 0x0000000087f00000, 0x0000000087e00000| Untracked 
| 127|0x0000000087f00000, 0x0000000088000000, 0x0000000088000000|100%| O|  |TAMS 0x0000000088000000, 0x0000000087f00000| Untracked 
| 128|0x0000000088000000, 0x0000000088100000, 0x0000000088100000|100%| O|  |TAMS 0x0000000088100000, 0x0000000088000000| Untracked 
| 129|0x0000000088100000, 0x0000000088200000, 0x0000000088200000|100%| O|  |TAMS 0x0000000088200000, 0x0000000088100000| Untracked 
| 130|0x0000000088200000, 0x0000000088300000, 0x0000000088300000|100%| O|  |TAMS 0x0000000088300000, 0x0000000088200000| Untracked 
| 131|0x0000000088300000, 0x0000000088400000, 0x0000000088400000|100%| O|  |TAMS 0x0000000088400000, 0x0000000088300000| Untracked 
| 132|0x0000000088400000, 0x0000000088500000, 0x0000000088500000|100%| O|  |TAMS 0x0000000088500000, 0x0000000088400000| Untracked 
| 133|0x0000000088500000, 0x0000000088600000, 0x0000000088600000|100%| O|  |TAMS 0x0000000088500000, 0x0000000088500000| Untracked 
| 134|0x0000000088600000, 0x0000000088700000, 0x0000000088700000|100%| O|  |TAMS 0x0000000088700000, 0x0000000088600000| Untracked 
| 135|0x0000000088700000, 0x0000000088800000, 0x0000000088800000|100%| O|  |TAMS 0x0000000088800000, 0x0000000088700000| Untracked 
| 136|0x0000000088800000, 0x0000000088900000, 0x0000000088900000|100%| O|  |TAMS 0x0000000088900000, 0x0000000088800000| Untracked 
| 137|0x0000000088900000, 0x0000000088a00000, 0x0000000088a00000|100%| O|  |TAMS 0x0000000088a00000, 0x0000000088900000| Untracked 
| 138|0x0000000088a00000, 0x0000000088b00000, 0x0000000088b00000|100%| O|  |TAMS 0x0000000088b00000, 0x0000000088a00000| Untracked 
| 139|0x0000000088b00000, 0x0000000088c00000, 0x0000000088c00000|100%| O|  |TAMS 0x0000000088c00000, 0x0000000088b00000| Untracked 
| 140|0x0000000088c00000, 0x0000000088d00000, 0x0000000088d00000|100%| O|  |TAMS 0x0000000088d00000, 0x0000000088c00000| Untracked 
| 141|0x0000000088d00000, 0x0000000088e00000, 0x0000000088e00000|100%| O|  |TAMS 0x0000000088d00000, 0x0000000088d00000| Untracked 
| 142|0x0000000088e00000, 0x0000000088f00000, 0x0000000088f00000|100%| O|  |TAMS 0x0000000088f00000, 0x0000000088e00000| Untracked 
| 143|0x0000000088f00000, 0x0000000089000000, 0x0000000089000000|100%| O|  |TAMS 0x0000000089000000, 0x0000000088f00000| Untracked 
| 144|0x0000000089000000, 0x0000000089100000, 0x0000000089100000|100%| O|  |TAMS 0x0000000089000000, 0x0000000089000000| Untracked 
| 145|0x0000000089100000, 0x0000000089200000, 0x0000000089200000|100%| O|  |TAMS 0x0000000089200000, 0x0000000089100000| Untracked 
| 146|0x0000000089200000, 0x0000000089300000, 0x0000000089300000|100%| O|  |TAMS 0x0000000089300000, 0x0000000089200000| Untracked 
| 147|0x0000000089300000, 0x0000000089400000, 0x0000000089400000|100%|HS|  |TAMS 0x0000000089400000, 0x0000000089300000| Complete 
| 148|0x0000000089400000, 0x0000000089500000, 0x0000000089500000|100%|HS|  |TAMS 0x0000000089500000, 0x0000000089400000| Complete 
| 149|0x0000000089500000, 0x0000000089600000, 0x0000000089600000|100%|HS|  |TAMS 0x0000000089600000, 0x0000000089500000| Complete 
| 150|0x0000000089600000, 0x0000000089700000, 0x0000000089700000|100%|HC|  |TAMS 0x0000000089700000, 0x0000000089600000| Complete 
| 151|0x0000000089700000, 0x0000000089800000, 0x0000000089800000|100%| O|  |TAMS 0x0000000089800000, 0x0000000089700000| Untracked 
| 152|0x0000000089800000, 0x0000000089900000, 0x0000000089900000|100%| O|  |TAMS 0x0000000089900000, 0x0000000089800000| Untracked 
| 153|0x0000000089900000, 0x0000000089a00000, 0x0000000089a00000|100%| O|  |TAMS 0x0000000089a00000, 0x0000000089900000| Untracked 
| 154|0x0000000089a00000, 0x0000000089b00000, 0x0000000089b00000|100%| O|  |TAMS 0x0000000089a00000, 0x0000000089a00000| Untracked 
| 155|0x0000000089b00000, 0x0000000089c00000, 0x0000000089c00000|100%| O|  |TAMS 0x0000000089b00000, 0x0000000089b00000| Untracked 
| 156|0x0000000089c00000, 0x0000000089d00000, 0x0000000089d00000|100%| O|  |TAMS 0x0000000089d00000, 0x0000000089c00000| Untracked 
| 157|0x0000000089d00000, 0x0000000089e00000, 0x0000000089e00000|100%| O|  |TAMS 0x0000000089e00000, 0x0000000089d00000| Untracked 
| 158|0x0000000089e00000, 0x0000000089f00000, 0x0000000089f00000|100%| O|  |TAMS 0x0000000089f00000, 0x0000000089e00000| Untracked 
| 159|0x0000000089f00000, 0x000000008a000000, 0x000000008a000000|100%| O|  |TAMS 0x000000008a000000, 0x0000000089f00000| Untracked 
| 160|0x000000008a000000, 0x000000008a100000, 0x000000008a100000|100%| O|  |TAMS 0x000000008a100000, 0x000000008a000000| Untracked 
| 161|0x000000008a100000, 0x000000008a200000, 0x000000008a200000|100%| O|  |TAMS 0x000000008a200000, 0x000000008a100000| Untracked 
| 162|0x000000008a200000, 0x000000008a300000, 0x000000008a300000|100%| O|  |TAMS 0x000000008a300000, 0x000000008a200000| Untracked 
| 163|0x000000008a300000, 0x000000008a400000, 0x000000008a400000|100%| O|  |TAMS 0x000000008a400000, 0x000000008a300000| Untracked 
| 164|0x000000008a400000, 0x000000008a500000, 0x000000008a500000|100%| O|  |TAMS 0x000000008a500000, 0x000000008a400000| Untracked 
| 165|0x000000008a500000, 0x000000008a600000, 0x000000008a600000|100%| O|  |TAMS 0x000000008a600000, 0x000000008a500000| Untracked 
| 166|0x000000008a600000, 0x000000008a700000, 0x000000008a700000|100%| O|  |TAMS 0x000000008a700000, 0x000000008a600000| Untracked 
| 167|0x000000008a700000, 0x000000008a800000, 0x000000008a800000|100%| O|  |TAMS 0x000000008a700000, 0x000000008a700000| Untracked 
| 168|0x000000008a800000, 0x000000008a900000, 0x000000008a900000|100%| O|  |TAMS 0x000000008a800000, 0x000000008a800000| Untracked 
| 169|0x000000008a900000, 0x000000008aa00000, 0x000000008aa00000|100%| O|  |TAMS 0x000000008aa00000, 0x000000008a900000| Untracked 
| 170|0x000000008aa00000, 0x000000008ab00000, 0x000000008ab00000|100%| O|  |TAMS 0x000000008ab00000, 0x000000008aa00000| Untracked 
| 171|0x000000008ab00000, 0x000000008ac00000, 0x000000008ac00000|100%| O|  |TAMS 0x000000008ac00000, 0x000000008ab00000| Untracked 
| 172|0x000000008ac00000, 0x000000008ad00000, 0x000000008ad00000|100%| O|  |TAMS 0x000000008ac00000, 0x000000008ac00000| Untracked 
| 173|0x000000008ad00000, 0x000000008ae00000, 0x000000008ae00000|100%| O|  |TAMS 0x000000008ad00000, 0x000000008ad00000| Untracked 
| 174|0x000000008ae00000, 0x000000008af00000, 0x000000008af00000|100%| O|  |TAMS 0x000000008ae00000, 0x000000008ae00000| Untracked 
| 175|0x000000008af00000, 0x000000008b000000, 0x000000008b000000|100%| O|  |TAMS 0x000000008af00000, 0x000000008af00000| Untracked 
| 176|0x000000008b000000, 0x000000008b100000, 0x000000008b100000|100%| O|  |TAMS 0x000000008b100000, 0x000000008b000000| Untracked 
| 177|0x000000008b100000, 0x000000008b200000, 0x000000008b200000|100%| O|  |TAMS 0x000000008b100000, 0x000000008b100000| Untracked 
| 178|0x000000008b200000, 0x000000008b300000, 0x000000008b300000|100%| O|  |TAMS 0x000000008b300000, 0x000000008b200000| Untracked 
| 179|0x000000008b300000, 0x000000008b400000, 0x000000008b400000|100%| O|  |TAMS 0x000000008b400000, 0x000000008b300000| Untracked 
| 180|0x000000008b400000, 0x000000008b500000, 0x000000008b500000|100%| O|  |TAMS 0x000000008b500000, 0x000000008b400000| Untracked 
| 181|0x000000008b500000, 0x000000008b600000, 0x000000008b600000|100%| O|  |TAMS 0x000000008b600000, 0x000000008b500000| Untracked 
| 182|0x000000008b600000, 0x000000008b700000, 0x000000008b700000|100%| O|  |TAMS 0x000000008b700000, 0x000000008b600000| Untracked 
| 183|0x000000008b700000, 0x000000008b800000, 0x000000008b800000|100%|HS|  |TAMS 0x000000008b800000, 0x000000008b700000| Complete 
| 184|0x000000008b800000, 0x000000008b900000, 0x000000008b900000|100%|HS|  |TAMS 0x000000008b900000, 0x000000008b800000| Complete 
| 185|0x000000008b900000, 0x000000008ba00000, 0x000000008ba00000|100%|HS|  |TAMS 0x000000008ba00000, 0x000000008b900000| Complete 
| 186|0x000000008ba00000, 0x000000008bb00000, 0x000000008bb00000|100%| O|  |TAMS 0x000000008bb00000, 0x000000008ba00000| Untracked 
| 187|0x000000008bb00000, 0x000000008bc00000, 0x000000008bc00000|100%| O|  |TAMS 0x000000008bb00000, 0x000000008bb00000| Untracked 
| 188|0x000000008bc00000, 0x000000008bd00000, 0x000000008bd00000|100%| O|  |TAMS 0x000000008bc00000, 0x000000008bc00000| Untracked 
| 189|0x000000008bd00000, 0x000000008be00000, 0x000000008be00000|100%| O|  |TAMS 0x000000008be00000, 0x000000008bd00000| Untracked 
| 190|0x000000008be00000, 0x000000008bf00000, 0x000000008bf00000|100%| O|  |TAMS 0x000000008bf00000, 0x000000008be00000| Untracked 
| 191|0x000000008bf00000, 0x000000008c000000, 0x000000008c000000|100%| O|  |TAMS 0x000000008c000000, 0x000000008bf00000| Untracked 
| 192|0x000000008c000000, 0x000000008c100000, 0x000000008c100000|100%| O|  |TAMS 0x000000008c100000, 0x000000008c000000| Untracked 
| 193|0x000000008c100000, 0x000000008c200000, 0x000000008c200000|100%| O|  |TAMS 0x000000008c200000, 0x000000008c100000| Untracked 
| 194|0x000000008c200000, 0x000000008c300000, 0x000000008c300000|100%| O|  |TAMS 0x000000008c300000, 0x000000008c200000| Untracked 
| 195|0x000000008c300000, 0x000000008c400000, 0x000000008c400000|100%| O|  |TAMS 0x000000008c400000, 0x000000008c300000| Untracked 
| 196|0x000000008c400000, 0x000000008c500000, 0x000000008c500000|100%| O|  |TAMS 0x000000008c400000, 0x000000008c400000| Untracked 
| 197|0x000000008c500000, 0x000000008c600000, 0x000000008c600000|100%| O|  |TAMS 0x000000008c600000, 0x000000008c500000| Untracked 
| 198|0x000000008c600000, 0x000000008c700000, 0x000000008c700000|100%| O|  |TAMS 0x000000008c700000, 0x000000008c600000| Untracked 
| 199|0x000000008c700000, 0x000000008c800000, 0x000000008c800000|100%| O|  |TAMS 0x000000008c800000, 0x000000008c700000| Untracked 
| 200|0x000000008c800000, 0x000000008c900000, 0x000000008c900000|100%| O|  |TAMS 0x000000008c900000, 0x000000008c800000| Untracked 
| 201|0x000000008c900000, 0x000000008ca00000, 0x000000008ca00000|100%|HS|  |TAMS 0x000000008ca00000, 0x000000008c900000| Complete 
| 202|0x000000008ca00000, 0x000000008cb00000, 0x000000008cb00000|100%|HS|  |TAMS 0x000000008cb00000, 0x000000008ca00000| Complete 
| 203|0x000000008cb00000, 0x000000008cc00000, 0x000000008cc00000|100%|HS|  |TAMS 0x000000008cc00000, 0x000000008cb00000| Complete 
| 204|0x000000008cc00000, 0x000000008cd00000, 0x000000008cd00000|100%| O|  |TAMS 0x000000008cd00000, 0x000000008cc00000| Untracked 
| 205|0x000000008cd00000, 0x000000008ce00000, 0x000000008ce00000|100%| O|  |TAMS 0x000000008cd00000, 0x000000008cd00000| Untracked 
| 206|0x000000008ce00000, 0x000000008cf00000, 0x000000008cf00000|100%| O|  |TAMS 0x000000008ce00000, 0x000000008ce00000| Untracked 
| 207|0x000000008cf00000, 0x000000008d000000, 0x000000008d000000|100%| O|  |TAMS 0x000000008cf00000, 0x000000008cf00000| Untracked 
| 208|0x000000008d000000, 0x000000008d100000, 0x000000008d100000|100%| O|  |TAMS 0x000000008d000000, 0x000000008d000000| Untracked 
| 209|0x000000008d100000, 0x000000008d200000, 0x000000008d200000|100%| O|  |TAMS 0x000000008d200000, 0x000000008d100000| Untracked 
| 210|0x000000008d200000, 0x000000008d300000, 0x000000008d300000|100%| O|  |TAMS 0x000000008d300000, 0x000000008d200000| Untracked 
| 211|0x000000008d300000, 0x000000008d400000, 0x000000008d400000|100%| O|  |TAMS 0x000000008d400000, 0x000000008d300000| Untracked 
| 212|0x000000008d400000, 0x000000008d500000, 0x000000008d500000|100%| O|  |TAMS 0x000000008d500000, 0x000000008d400000| Untracked 
| 213|0x000000008d500000, 0x000000008d600000, 0x000000008d600000|100%| O|  |TAMS 0x000000008d600000, 0x000000008d500000| Untracked 
| 214|0x000000008d600000, 0x000000008d700000, 0x000000008d700000|100%| O|  |TAMS 0x000000008d700000, 0x000000008d600000| Untracked 
| 215|0x000000008d700000, 0x000000008d800000, 0x000000008d800000|100%| O|  |TAMS 0x000000008d800000, 0x000000008d700000| Untracked 
| 216|0x000000008d800000, 0x000000008d900000, 0x000000008d900000|100%| O|  |TAMS 0x000000008d900000, 0x000000008d800000| Untracked 
| 217|0x000000008d900000, 0x000000008da00000, 0x000000008da00000|100%| O|  |TAMS 0x000000008da00000, 0x000000008d900000| Untracked 
| 218|0x000000008da00000, 0x000000008db00000, 0x000000008db00000|100%| O|  |TAMS 0x000000008db00000, 0x000000008da00000| Untracked 
| 219|0x000000008db00000, 0x000000008dc00000, 0x000000008dc00000|100%| O|  |TAMS 0x000000008dc00000, 0x000000008db00000| Untracked 
| 220|0x000000008dc00000, 0x000000008dd00000, 0x000000008dd00000|100%| O|  |TAMS 0x000000008dd00000, 0x000000008dc00000| Untracked 
| 221|0x000000008dd00000, 0x000000008de00000, 0x000000008de00000|100%| O|  |TAMS 0x000000008de00000, 0x000000008dd00000| Untracked 
| 222|0x000000008de00000, 0x000000008df00000, 0x000000008df00000|100%| O|  |TAMS 0x000000008df00000, 0x000000008de00000| Untracked 
| 223|0x000000008df00000, 0x000000008e000000, 0x000000008e000000|100%| O|  |TAMS 0x000000008dffe600, 0x000000008df00000| Untracked 
| 224|0x000000008e000000, 0x000000008e100000, 0x000000008e100000|100%| O|  |TAMS 0x000000008e000000, 0x000000008e000000| Untracked 
| 225|0x000000008e100000, 0x000000008e200000, 0x000000008e200000|100%| O|  |TAMS 0x000000008e100000, 0x000000008e100000| Untracked 
| 226|0x000000008e200000, 0x000000008e300000, 0x000000008e300000|100%| O|  |TAMS 0x000000008e200000, 0x000000008e200000| Untracked 
| 227|0x000000008e300000, 0x000000008e400000, 0x000000008e400000|100%| O|  |TAMS 0x000000008e300000, 0x000000008e300000| Untracked 
| 228|0x000000008e400000, 0x000000008e500000, 0x000000008e500000|100%| O|  |TAMS 0x000000008e400000, 0x000000008e400000| Untracked 
| 229|0x000000008e500000, 0x000000008e600000, 0x000000008e600000|100%| O|  |TAMS 0x000000008e500000, 0x000000008e500000| Untracked 
| 230|0x000000008e600000, 0x000000008e700000, 0x000000008e700000|100%| O|  |TAMS 0x000000008e600000, 0x000000008e600000| Untracked 
| 231|0x000000008e700000, 0x000000008e800000, 0x000000008e800000|100%| O|  |TAMS 0x000000008e700000, 0x000000008e700000| Untracked 
| 232|0x000000008e800000, 0x000000008e900000, 0x000000008e900000|100%| O|  |TAMS 0x000000008e800000, 0x000000008e800000| Untracked 
| 233|0x000000008e900000, 0x000000008ea00000, 0x000000008ea00000|100%| O|  |TAMS 0x000000008e900000, 0x000000008e900000| Untracked 
| 234|0x000000008ea00000, 0x000000008eb00000, 0x000000008eb00000|100%| O|  |TAMS 0x000000008ea00000, 0x000000008ea00000| Untracked 
| 235|0x000000008eb00000, 0x000000008ec00000, 0x000000008ec00000|100%| O|  |TAMS 0x000000008eb00000, 0x000000008eb00000| Untracked 
| 236|0x000000008ec00000, 0x000000008ed00000, 0x000000008ed00000|100%| O|  |TAMS 0x000000008ec00000, 0x000000008ec00000| Untracked 
| 237|0x000000008ed00000, 0x000000008ee00000, 0x000000008ee00000|100%| O|  |TAMS 0x000000008ed00000, 0x000000008ed00000| Untracked 
| 238|0x000000008ee00000, 0x000000008ef00000, 0x000000008ef00000|100%| O|  |TAMS 0x000000008ee00000, 0x000000008ee00000| Untracked 
| 239|0x000000008ef00000, 0x000000008f000000, 0x000000008f000000|100%| O|  |TAMS 0x000000008ef00000, 0x000000008ef00000| Untracked 
| 240|0x000000008f000000, 0x000000008f100000, 0x000000008f100000|100%| O|  |TAMS 0x000000008f000000, 0x000000008f000000| Untracked 
| 241|0x000000008f100000, 0x000000008f200000, 0x000000008f200000|100%| O|  |TAMS 0x000000008f100000, 0x000000008f100000| Untracked 
| 242|0x000000008f200000, 0x000000008f300000, 0x000000008f300000|100%| O|  |TAMS 0x000000008f200000, 0x000000008f200000| Untracked 
| 243|0x000000008f300000, 0x000000008f400000, 0x000000008f400000|100%| O|  |TAMS 0x000000008f300000, 0x000000008f300000| Untracked 
| 244|0x000000008f400000, 0x000000008f500000, 0x000000008f500000|100%| O|  |TAMS 0x000000008f400000, 0x000000008f400000| Untracked 
| 245|0x000000008f500000, 0x000000008f600000, 0x000000008f600000|100%|HS|  |TAMS 0x000000008f500000, 0x000000008f500000| Complete 
| 246|0x000000008f600000, 0x000000008f700000, 0x000000008f700000|100%|HS|  |TAMS 0x000000008f600000, 0x000000008f600000| Complete 
| 247|0x000000008f700000, 0x000000008f800000, 0x000000008f800000|100%| O|  |TAMS 0x000000008f700000, 0x000000008f700000| Untracked 
| 248|0x000000008f800000, 0x000000008f900000, 0x000000008f900000|100%| O|  |TAMS 0x000000008f800000, 0x000000008f800000| Untracked 
| 249|0x000000008f900000, 0x000000008fa00000, 0x000000008fa00000|100%| O|  |TAMS 0x000000008f900000, 0x000000008f900000| Untracked 
| 250|0x000000008fa00000, 0x000000008fb00000, 0x000000008fb00000|100%| O|  |TAMS 0x000000008fa00000, 0x000000008fa00000| Untracked 
| 251|0x000000008fb00000, 0x000000008fc00000, 0x000000008fc00000|100%| O|  |TAMS 0x000000008fb00000, 0x000000008fb00000| Untracked 
| 252|0x000000008fc00000, 0x000000008fd00000, 0x000000008fd00000|100%| O|  |TAMS 0x000000008fc00000, 0x000000008fc00000| Untracked 
| 253|0x000000008fd00000, 0x000000008fe00000, 0x000000008fe00000|100%| O|  |TAMS 0x000000008fd00000, 0x000000008fd00000| Untracked 
| 254|0x000000008fe00000, 0x000000008ff00000, 0x000000008ff00000|100%| O|  |TAMS 0x000000008fe00000, 0x000000008fe00000| Untracked 
| 255|0x000000008ff00000, 0x0000000090000000, 0x0000000090000000|100%| O|  |TAMS 0x000000008ff00000, 0x000000008ff00000| Untracked 
| 256|0x0000000090000000, 0x0000000090100000, 0x0000000090100000|100%| O|  |TAMS 0x0000000090000000, 0x0000000090000000| Untracked 
| 257|0x0000000090100000, 0x0000000090200000, 0x0000000090200000|100%| O|  |TAMS 0x0000000090100000, 0x0000000090100000| Untracked 
| 258|0x0000000090200000, 0x0000000090300000, 0x0000000090300000|100%| O|  |TAMS 0x0000000090200000, 0x0000000090200000| Untracked 
| 259|0x0000000090300000, 0x0000000090400000, 0x0000000090400000|100%| O|  |TAMS 0x0000000090300000, 0x0000000090300000| Untracked 
| 260|0x0000000090400000, 0x0000000090500000, 0x0000000090500000|100%| O|  |TAMS 0x0000000090400000, 0x0000000090400000| Untracked 
| 261|0x0000000090500000, 0x0000000090600000, 0x0000000090600000|100%| O|  |TAMS 0x0000000090500000, 0x0000000090500000| Untracked 
| 262|0x0000000090600000, 0x0000000090700000, 0x0000000090700000|100%| O|  |TAMS 0x0000000090600000, 0x0000000090600000| Untracked 
| 263|0x0000000090700000, 0x0000000090800000, 0x0000000090800000|100%| O|  |TAMS 0x0000000090700000, 0x0000000090700000| Untracked 
| 264|0x0000000090800000, 0x0000000090900000, 0x0000000090900000|100%| O|  |TAMS 0x0000000090800000, 0x0000000090800000| Untracked 
| 265|0x0000000090900000, 0x0000000090a00000, 0x0000000090a00000|100%| O|  |TAMS 0x0000000090900000, 0x0000000090900000| Untracked 
| 266|0x0000000090a00000, 0x0000000090b00000, 0x0000000090b00000|100%| O|  |TAMS 0x0000000090a00000, 0x0000000090a00000| Untracked 
| 267|0x0000000090b00000, 0x0000000090c00000, 0x0000000090c00000|100%| O|  |TAMS 0x0000000090b00000, 0x0000000090b00000| Untracked 
| 268|0x0000000090c00000, 0x0000000090d00000, 0x0000000090d00000|100%| O|  |TAMS 0x0000000090c00000, 0x0000000090c00000| Untracked 
| 269|0x0000000090d00000, 0x0000000090e00000, 0x0000000090e00000|100%| O|  |TAMS 0x0000000090d00000, 0x0000000090d00000| Untracked 
| 270|0x0000000090e00000, 0x0000000090f00000, 0x0000000090f00000|100%| O|  |TAMS 0x0000000090e00000, 0x0000000090e00000| Untracked 
| 271|0x0000000090f00000, 0x0000000091000000, 0x0000000091000000|100%| O|  |TAMS 0x0000000090f00000, 0x0000000090f00000| Untracked 
| 272|0x0000000091000000, 0x0000000091100000, 0x0000000091100000|100%| O|  |TAMS 0x0000000091000000, 0x0000000091000000| Untracked 
| 273|0x0000000091100000, 0x0000000091200000, 0x0000000091200000|100%| O|  |TAMS 0x0000000091100000, 0x0000000091100000| Untracked 
| 274|0x0000000091200000, 0x0000000091300000, 0x0000000091300000|100%| O|  |TAMS 0x0000000091200000, 0x0000000091200000| Untracked 
| 275|0x0000000091300000, 0x0000000091400000, 0x0000000091400000|100%| O|  |TAMS 0x0000000091300000, 0x0000000091300000| Untracked 
| 276|0x0000000091400000, 0x0000000091500000, 0x0000000091500000|100%| O|  |TAMS 0x0000000091400000, 0x0000000091400000| Untracked 
| 277|0x0000000091500000, 0x0000000091600000, 0x0000000091600000|100%| O|  |TAMS 0x0000000091500000, 0x0000000091500000| Untracked 
| 278|0x0000000091600000, 0x0000000091700000, 0x0000000091700000|100%| O|  |TAMS 0x0000000091600000, 0x0000000091600000| Untracked 
| 279|0x0000000091700000, 0x0000000091800000, 0x0000000091800000|100%| O|  |TAMS 0x0000000091700000, 0x0000000091700000| Untracked 
| 280|0x0000000091800000, 0x0000000091900000, 0x0000000091900000|100%| O|  |TAMS 0x0000000091800000, 0x0000000091800000| Untracked 
| 281|0x0000000091900000, 0x0000000091a00000, 0x0000000091a00000|100%| O|  |TAMS 0x0000000091900000, 0x0000000091900000| Untracked 
| 282|0x0000000091a00000, 0x0000000091b00000, 0x0000000091b00000|100%| O|  |TAMS 0x0000000091a00000, 0x0000000091a00000| Untracked 
| 283|0x0000000091b00000, 0x0000000091c00000, 0x0000000091c00000|100%| O|  |TAMS 0x0000000091b00000, 0x0000000091b00000| Untracked 
| 284|0x0000000091c00000, 0x0000000091d00000, 0x0000000091d00000|100%| O|  |TAMS 0x0000000091c00000, 0x0000000091c00000| Untracked 
| 285|0x0000000091d00000, 0x0000000091e00000, 0x0000000091e00000|100%| O|  |TAMS 0x0000000091d00000, 0x0000000091d00000| Untracked 
| 286|0x0000000091e00000, 0x0000000091f00000, 0x0000000091f00000|100%| O|  |TAMS 0x0000000091e00000, 0x0000000091e00000| Untracked 
| 287|0x0000000091f00000, 0x0000000092000000, 0x0000000092000000|100%| O|  |TAMS 0x0000000091f00000, 0x0000000091f00000| Untracked 
| 288|0x0000000092000000, 0x0000000092100000, 0x0000000092100000|100%| O|  |TAMS 0x0000000092000000, 0x0000000092000000| Untracked 
| 289|0x0000000092100000, 0x0000000092200000, 0x0000000092200000|100%| O|  |TAMS 0x0000000092100000, 0x0000000092100000| Untracked 
| 290|0x0000000092200000, 0x0000000092300000, 0x0000000092300000|100%| O|  |TAMS 0x0000000092200000, 0x0000000092200000| Untracked 
| 291|0x0000000092300000, 0x0000000092400000, 0x0000000092400000|100%| O|  |TAMS 0x0000000092300000, 0x0000000092300000| Untracked 
| 292|0x0000000092400000, 0x0000000092500000, 0x0000000092500000|100%| O|  |TAMS 0x0000000092400000, 0x0000000092400000| Untracked 
| 293|0x0000000092500000, 0x0000000092600000, 0x0000000092600000|100%| O|  |TAMS 0x0000000092500000, 0x0000000092500000| Untracked 
| 294|0x0000000092600000, 0x0000000092700000, 0x0000000092700000|100%| O|  |TAMS 0x0000000092600000, 0x0000000092600000| Untracked 
| 295|0x0000000092700000, 0x0000000092800000, 0x0000000092800000|100%| O|  |TAMS 0x0000000092700000, 0x0000000092700000| Untracked 
| 296|0x0000000092800000, 0x0000000092900000, 0x0000000092900000|100%| O|  |TAMS 0x0000000092800000, 0x0000000092800000| Untracked 
| 297|0x0000000092900000, 0x0000000092a00000, 0x0000000092a00000|100%| O|  |TAMS 0x0000000092900000, 0x0000000092900000| Untracked 
| 298|0x0000000092a00000, 0x0000000092b00000, 0x0000000092b00000|100%| O|  |TAMS 0x0000000092a00000, 0x0000000092a00000| Untracked 
| 299|0x0000000092b00000, 0x0000000092c00000, 0x0000000092c00000|100%| O|  |TAMS 0x0000000092b00000, 0x0000000092b00000| Untracked 
| 300|0x0000000092c00000, 0x0000000092d00000, 0x0000000092d00000|100%| O|  |TAMS 0x0000000092c00000, 0x0000000092c00000| Untracked 
| 301|0x0000000092d00000, 0x0000000092e00000, 0x0000000092e00000|100%| O|  |TAMS 0x0000000092d00000, 0x0000000092d00000| Untracked 
| 302|0x0000000092e00000, 0x0000000092f00000, 0x0000000092f00000|100%| O|  |TAMS 0x0000000092e00000, 0x0000000092e00000| Untracked 
| 303|0x0000000092f00000, 0x0000000093000000, 0x0000000093000000|100%| O|  |TAMS 0x0000000092f00000, 0x0000000092f00000| Untracked 
| 304|0x0000000093000000, 0x0000000093100000, 0x0000000093100000|100%| O|  |TAMS 0x0000000093000000, 0x0000000093000000| Untracked 
| 305|0x0000000093100000, 0x0000000093200000, 0x0000000093200000|100%| O|  |TAMS 0x0000000093100000, 0x0000000093100000| Untracked 
| 306|0x0000000093200000, 0x0000000093300000, 0x0000000093300000|100%| O|  |TAMS 0x0000000093200000, 0x0000000093200000| Untracked 
| 307|0x0000000093300000, 0x0000000093400000, 0x0000000093400000|100%| O|  |TAMS 0x0000000093300000, 0x0000000093300000| Untracked 
| 308|0x0000000093400000, 0x0000000093500000, 0x0000000093500000|100%| O|  |TAMS 0x0000000093400000, 0x0000000093400000| Untracked 
| 309|0x0000000093500000, 0x0000000093600000, 0x0000000093600000|100%| O|  |TAMS 0x0000000093500000, 0x0000000093500000| Untracked 
| 310|0x0000000093600000, 0x0000000093700000, 0x0000000093700000|100%| O|  |TAMS 0x0000000093600000, 0x0000000093600000| Untracked 
| 311|0x0000000093700000, 0x0000000093800000, 0x0000000093800000|100%| O|  |TAMS 0x0000000093700000, 0x0000000093700000| Untracked 
| 312|0x0000000093800000, 0x0000000093900000, 0x0000000093900000|100%| O|  |TAMS 0x0000000093800000, 0x0000000093800000| Untracked 
| 313|0x0000000093900000, 0x0000000093a00000, 0x0000000093a00000|100%| O|  |TAMS 0x0000000093900000, 0x0000000093900000| Untracked 
| 314|0x0000000093a00000, 0x0000000093b00000, 0x0000000093b00000|100%| O|  |TAMS 0x0000000093a00000, 0x0000000093a00000| Untracked 
| 315|0x0000000093b00000, 0x0000000093c00000, 0x0000000093c00000|100%| O|  |TAMS 0x0000000093b00000, 0x0000000093b00000| Untracked 
| 316|0x0000000093c00000, 0x0000000093d00000, 0x0000000093d00000|100%| O|  |TAMS 0x0000000093c00000, 0x0000000093c00000| Untracked 
| 317|0x0000000093d00000, 0x0000000093e00000, 0x0000000093e00000|100%| O|  |TAMS 0x0000000093d00000, 0x0000000093d00000| Untracked 
| 318|0x0000000093e00000, 0x0000000093f00000, 0x0000000093f00000|100%| O|  |TAMS 0x0000000093e00000, 0x0000000093e00000| Untracked 
| 319|0x0000000093f00000, 0x0000000094000000, 0x0000000094000000|100%| O|  |TAMS 0x0000000093f00000, 0x0000000093f00000| Untracked 
| 320|0x0000000094000000, 0x0000000094100000, 0x0000000094100000|100%| O|  |TAMS 0x0000000094000000, 0x0000000094000000| Untracked 
| 321|0x0000000094100000, 0x0000000094200000, 0x0000000094200000|100%| O|  |TAMS 0x0000000094100000, 0x0000000094100000| Untracked 
| 322|0x0000000094200000, 0x0000000094300000, 0x0000000094300000|100%| O|  |TAMS 0x0000000094200000, 0x0000000094200000| Untracked 
| 323|0x0000000094300000, 0x0000000094400000, 0x0000000094400000|100%| O|  |TAMS 0x0000000094300000, 0x0000000094300000| Untracked 
| 324|0x0000000094400000, 0x0000000094500000, 0x0000000094500000|100%| O|  |TAMS 0x0000000094400000, 0x0000000094400000| Untracked 
| 325|0x0000000094500000, 0x0000000094600000, 0x0000000094600000|100%| O|  |TAMS 0x0000000094500000, 0x0000000094500000| Untracked 
| 326|0x0000000094600000, 0x0000000094700000, 0x0000000094700000|100%| O|  |TAMS 0x0000000094600000, 0x0000000094600000| Untracked 
| 327|0x0000000094700000, 0x0000000094765c00, 0x0000000094800000| 39%| O|  |TAMS 0x0000000094700000, 0x0000000094700000| Untracked 
| 328|0x0000000094800000, 0x0000000094800000, 0x0000000094900000|  0%| F|  |TAMS 0x0000000094800000, 0x0000000094800000| Untracked 
| 329|0x0000000094900000, 0x0000000094900000, 0x0000000094a00000|  0%| F|  |TAMS 0x0000000094900000, 0x0000000094900000| Untracked 
| 330|0x0000000094a00000, 0x0000000094a00000, 0x0000000094b00000|  0%| F|  |TAMS 0x0000000094a00000, 0x0000000094a00000| Untracked 
| 331|0x0000000094b00000, 0x0000000094b00000, 0x0000000094c00000|  0%| F|  |TAMS 0x0000000094b00000, 0x0000000094b00000| Untracked 
| 332|0x0000000094c00000, 0x0000000094c00000, 0x0000000094d00000|  0%| F|  |TAMS 0x0000000094c00000, 0x0000000094c00000| Untracked 
| 333|0x0000000094d00000, 0x0000000094d00000, 0x0000000094e00000|  0%| F|  |TAMS 0x0000000094d00000, 0x0000000094d00000| Untracked 
| 334|0x0000000094e00000, 0x0000000094e00000, 0x0000000094f00000|  0%| F|  |TAMS 0x0000000094e00000, 0x0000000094e00000| Untracked 
| 335|0x0000000094f00000, 0x0000000094f00000, 0x0000000095000000|  0%| F|  |TAMS 0x0000000094f00000, 0x0000000094f00000| Untracked 
| 336|0x0000000095000000, 0x0000000095000000, 0x0000000095100000|  0%| F|  |TAMS 0x0000000095000000, 0x0000000095000000| Untracked 
| 337|0x0000000095100000, 0x0000000095100000, 0x0000000095200000|  0%| F|  |TAMS 0x0000000095100000, 0x0000000095100000| Untracked 
| 338|0x0000000095200000, 0x0000000095200000, 0x0000000095300000|  0%| F|  |TAMS 0x0000000095200000, 0x0000000095200000| Untracked 
| 339|0x0000000095300000, 0x0000000095300000, 0x0000000095400000|  0%| F|  |TAMS 0x0000000095300000, 0x0000000095300000| Untracked 
| 340|0x0000000095400000, 0x0000000095400000, 0x0000000095500000|  0%| F|  |TAMS 0x0000000095400000, 0x0000000095400000| Untracked 
| 341|0x0000000095500000, 0x0000000095500000, 0x0000000095600000|  0%| F|  |TAMS 0x0000000095500000, 0x0000000095500000| Untracked 
| 342|0x0000000095600000, 0x0000000095600000, 0x0000000095700000|  0%| F|  |TAMS 0x0000000095600000, 0x0000000095600000| Untracked 
| 343|0x0000000095700000, 0x0000000095700000, 0x0000000095800000|  0%| F|  |TAMS 0x0000000095700000, 0x0000000095700000| Untracked 
| 344|0x0000000095800000, 0x0000000095800000, 0x0000000095900000|  0%| F|  |TAMS 0x0000000095800000, 0x0000000095800000| Untracked 
| 345|0x0000000095900000, 0x0000000095900000, 0x0000000095a00000|  0%| F|  |TAMS 0x0000000095900000, 0x0000000095900000| Untracked 
| 346|0x0000000095a00000, 0x0000000095a00000, 0x0000000095b00000|  0%| F|  |TAMS 0x0000000095a00000, 0x0000000095a00000| Untracked 
| 347|0x0000000095b00000, 0x0000000095b00000, 0x0000000095c00000|  0%| F|  |TAMS 0x0000000095b00000, 0x0000000095b00000| Untracked 
| 348|0x0000000095c00000, 0x0000000095c00000, 0x0000000095d00000|  0%| F|  |TAMS 0x0000000095c00000, 0x0000000095c00000| Untracked 
| 349|0x0000000095d00000, 0x0000000095d00000, 0x0000000095e00000|  0%| F|  |TAMS 0x0000000095d00000, 0x0000000095d00000| Untracked 
| 350|0x0000000095e00000, 0x0000000095e00000, 0x0000000095f00000|  0%| F|  |TAMS 0x0000000095e00000, 0x0000000095e00000| Untracked 
| 351|0x0000000095f00000, 0x0000000095f00000, 0x0000000096000000|  0%| F|  |TAMS 0x0000000095f00000, 0x0000000095f00000| Untracked 
| 352|0x0000000096000000, 0x0000000096000000, 0x0000000096100000|  0%| F|  |TAMS 0x0000000096000000, 0x0000000096000000| Untracked 
| 353|0x0000000096100000, 0x0000000096100000, 0x0000000096200000|  0%| F|  |TAMS 0x0000000096100000, 0x0000000096100000| Untracked 
| 354|0x0000000096200000, 0x0000000096200000, 0x0000000096300000|  0%| F|  |TAMS 0x0000000096200000, 0x0000000096200000| Untracked 
| 355|0x0000000096300000, 0x0000000096300000, 0x0000000096400000|  0%| F|  |TAMS 0x0000000096300000, 0x0000000096300000| Untracked 
| 356|0x0000000096400000, 0x0000000096400000, 0x0000000096500000|  0%| F|  |TAMS 0x0000000096400000, 0x0000000096400000| Untracked 
| 357|0x0000000096500000, 0x0000000096500000, 0x0000000096600000|  0%| F|  |TAMS 0x0000000096500000, 0x0000000096500000| Untracked 
| 358|0x0000000096600000, 0x0000000096600000, 0x0000000096700000|  0%| F|  |TAMS 0x0000000096600000, 0x0000000096600000| Untracked 
| 359|0x0000000096700000, 0x0000000096700000, 0x0000000096800000|  0%| F|  |TAMS 0x0000000096700000, 0x0000000096700000| Untracked 
| 360|0x0000000096800000, 0x0000000096800000, 0x0000000096900000|  0%| F|  |TAMS 0x0000000096800000, 0x0000000096800000| Untracked 
| 361|0x0000000096900000, 0x00000000969397a0, 0x0000000096a00000| 22%| S|CS|TAMS 0x0000000096900000, 0x0000000096900000| Complete 
| 362|0x0000000096a00000, 0x0000000096b00000, 0x0000000096b00000|100%| S|CS|TAMS 0x0000000096a00000, 0x0000000096a00000| Complete 
| 363|0x0000000096b00000, 0x0000000096b00000, 0x0000000096c00000|  0%| F|  |TAMS 0x0000000096b00000, 0x0000000096b00000| Untracked 
| 364|0x0000000096c00000, 0x0000000096c00000, 0x0000000096d00000|  0%| F|  |TAMS 0x0000000096c00000, 0x0000000096c00000| Untracked 
| 365|0x0000000096d00000, 0x0000000096e00000, 0x0000000096e00000|100%| S|CS|TAMS 0x0000000096d00000, 0x0000000096d00000| Complete 
| 366|0x0000000096e00000, 0x0000000096e00000, 0x0000000096f00000|  0%| F|  |TAMS 0x0000000096e00000, 0x0000000096e00000| Untracked 
| 367|0x0000000096f00000, 0x0000000096f00000, 0x0000000097000000|  0%| F|  |TAMS 0x0000000096f00000, 0x0000000096f00000| Untracked 
| 368|0x0000000097000000, 0x0000000097000000, 0x0000000097100000|  0%| F|  |TAMS 0x0000000097000000, 0x0000000097000000| Untracked 
| 369|0x0000000097100000, 0x0000000097100000, 0x0000000097200000|  0%| F|  |TAMS 0x0000000097100000, 0x0000000097100000| Untracked 
| 370|0x0000000097200000, 0x0000000097200000, 0x0000000097300000|  0%| F|  |TAMS 0x0000000097200000, 0x0000000097200000| Untracked 
| 371|0x0000000097300000, 0x0000000097300000, 0x0000000097400000|  0%| F|  |TAMS 0x0000000097300000, 0x0000000097300000| Untracked 
| 372|0x0000000097400000, 0x0000000097400000, 0x0000000097500000|  0%| F|  |TAMS 0x0000000097400000, 0x0000000097400000| Untracked 
| 373|0x0000000097500000, 0x0000000097500000, 0x0000000097600000|  0%| F|  |TAMS 0x0000000097500000, 0x0000000097500000| Untracked 
| 374|0x0000000097600000, 0x0000000097600000, 0x0000000097700000|  0%| F|  |TAMS 0x0000000097600000, 0x0000000097600000| Untracked 
| 375|0x0000000097700000, 0x0000000097700000, 0x0000000097800000|  0%| F|  |TAMS 0x0000000097700000, 0x0000000097700000| Untracked 
| 376|0x0000000097800000, 0x0000000097800000, 0x0000000097900000|  0%| F|  |TAMS 0x0000000097800000, 0x0000000097800000| Untracked 
| 377|0x0000000097900000, 0x0000000097900000, 0x0000000097a00000|  0%| F|  |TAMS 0x0000000097900000, 0x0000000097900000| Untracked 
| 378|0x0000000097a00000, 0x0000000097a44ee8, 0x0000000097b00000| 26%| E|  |TAMS 0x0000000097a00000, 0x0000000097a00000| Complete 
| 379|0x0000000097b00000, 0x0000000097c00000, 0x0000000097c00000|100%| E|CS|TAMS 0x0000000097b00000, 0x0000000097b00000| Complete 
| 380|0x0000000097c00000, 0x0000000097d00000, 0x0000000097d00000|100%| E|CS|TAMS 0x0000000097c00000, 0x0000000097c00000| Complete 
| 381|0x0000000097d00000, 0x0000000097e00000, 0x0000000097e00000|100%| E|CS|TAMS 0x0000000097d00000, 0x0000000097d00000| Complete 

Card table byte_map: [0x0000020734860000,0x0000020734c60000] _byte_map_base: 0x0000020734460000

Marking Bits (Prev, Next): (CMBitMap*) 0x000002071ce41270, (CMBitMap*) 0x000002071ce41230
 Prev Bits: [0x0000020737060000, 0x0000020739060000)
 Next Bits: [0x0000020735060000, 0x0000020737060000)

Polling page: 0x000002071b580000

Metaspace:

Usage:
  Non-class:    106.16 MB used.
      Class:     17.09 MB used.
       Both:    123.25 MB used.

Virtual space:
  Non-class space:      128.00 MB reserved,     107.25 MB ( 84%) committed,  2 nodes.
      Class space:      416.00 MB reserved,      18.06 MB (  4%) committed,  1 nodes.
             Both:      544.00 MB reserved,     125.31 MB ( 23%) committed. 

Chunk freelists:
   Non-Class:  4.42 MB
       Class:  13.86 MB
        Both:  18.28 MB

MaxMetaspaceSize: 512.00 MB
CompressedClassSpaceSize: 416.00 MB
Initial GC threshold: 21.00 MB
Current GC threshold: 194.06 MB
CDS: on
MetaspaceReclaimPolicy: balanced
 - commit_granule_bytes: 65536.
 - commit_granule_words: 8192.
 - virtual_space_node_default_size: 8388608.
 - enlarge_chunks_in_place: 1.
 - new_chunks_are_fully_committed: 0.
 - uncommit_free_chunks: 1.
 - use_allocation_guard: 0.
 - handle_deallocations: 1.


Internal statistics:

num_allocs_failed_limit: 12.
num_arena_births: 2888.
num_arena_deaths: 0.
num_vsnodes_births: 3.
num_vsnodes_deaths: 0.
num_space_committed: 2005.
num_space_uncommitted: 0.
num_chunks_returned_to_freelist: 12.
num_chunks_taken_from_freelist: 9002.
num_chunk_merges: 12.
num_chunk_splits: 5394.
num_chunks_enlarged: 2880.
num_inconsistent_stats: 0.

CodeHeap 'non-profiled nmethods': size=120000Kb used=14146Kb max_used=14228Kb free=105853Kb
 bounds [0x000002072c4d0000, 0x000002072d2e0000, 0x0000020733a00000]
CodeHeap 'profiled nmethods': size=120000Kb used=33776Kb max_used=33877Kb free=86223Kb
 bounds [0x0000020724a00000, 0x0000020726b30000, 0x000002072bf30000]
CodeHeap 'non-nmethods': size=5760Kb used=2495Kb max_used=2564Kb free=3264Kb
 bounds [0x000002072bf30000, 0x000002072c1c0000, 0x000002072c4d0000]
 total_blobs=18584 nmethods=17542 adapters=953
 compilation: enabled
              stopped_count=0, restarted_count=0
 full_count=0

Compilation events (20 events):
Event: 339.686 Thread 0x000002073b462660 21444       3       org.gradle.api.internal.file.collections.DefaultConfigurableFileCollection::calculateFinalizedValue (36 bytes)
Event: 339.688 Thread 0x000002073b462660 nmethod 21444 0x000002072584db10 code [0x000002072584dda0, 0x000002072584ec78]
Event: 339.731 Thread 0x000002073b462660 21447       1       org.gradle.api.internal.artifacts.transform.TransformStepNode$ChainedTransformStepNode::getTransformedArtifacts (5 bytes)
Event: 339.731 Thread 0x000002073b462660 nmethod 21447 0x000002072c661c90 code [0x000002072c661e20, 0x000002072c661ef8]
Event: 339.731 Thread 0x000002073b462660 21445       1       org.gradle.api.internal.artifacts.transform.ComponentVariantIdentifier::getAttributes (5 bytes)
Event: 339.731 Thread 0x000002073b462660 nmethod 21445 0x000002072c661990 code [0x000002072c661b20, 0x000002072c661bf8]
Event: 339.731 Thread 0x000002073b462660 21446       1       org.gradle.api.internal.artifacts.transform.ComponentVariantIdentifier::getCapabilities (5 bytes)
Event: 339.731 Thread 0x000002073b462660 nmethod 21446 0x000002072c661690 code [0x000002072c661820, 0x000002072c6618f8]
Event: 339.733 Thread 0x000002073b462660 21448       3       org.gradle.api.internal.artifacts.transform.DefaultTransformInvocationFactory::createInvocation (273 bytes)
Event: 339.741 Thread 0x000002073b462660 nmethod 21448 0x0000020726054010 code [0x00000207260545a0, 0x00000207260579b8]
Event: 339.749 Thread 0x000002073b462660 21449       2       org.gradle.internal.execution.steps.IdentifyStep::executeDeferred (11 bytes)
Event: 339.749 Thread 0x000002073b462660 nmethod 21449 0x0000020725a1fc90 code [0x0000020725a1fe20, 0x0000020725a1ff88]
Event: 339.836 Thread 0x000002073b462660 21450       3       org.gradle.api.internal.artifacts.transform.TransformExecutionResult$Builder::addPartOfInputArtifact (22 bytes)
Event: 339.837 Thread 0x000002073b462660 nmethod 21450 0x0000020726053a10 code [0x0000020726053bc0, 0x0000020726053e88]
Event: 339.837 Thread 0x000002073b462660 21451       3       org.gradle.api.internal.artifacts.transform.TransformExecutionResult$Builder$PartOfInputArtifact::<init> (10 bytes)
Event: 339.837 Thread 0x000002073b462660 nmethod 21451 0x0000020726053610 code [0x00000207260537a0, 0x0000020726053958]
Event: 339.850 Thread 0x000002073b462660 21452       2       org.gradle.internal.execution.steps.IdentityCacheStep$$Lambda$973/0x000002073d6be570::accept (20 bytes)
Event: 339.850 Thread 0x000002073b462660 nmethod 21452 0x0000020726053210 code [0x00000207260533c0, 0x0000020726053548]
Event: 339.870 Thread 0x000002073b462660 21454       3       org.gradle.api.internal.artifacts.transform.TransformExecutionResult$Builder$PartOfInputArtifact::resolveForWorkspace (2 bytes)
Event: 339.871 Thread 0x000002073b462660 nmethod 21454 0x000002072689bb90 code [0x000002072689bd20, 0x000002072689be38]

GC Heap History (20 events):
Event: 329.815 GC heap after
{Heap after GC invocations=108 (full 0):
 garbage-first heap   total 391168K, used 323544K [0x0000000080000000, 0x0000000100000000)
  region size 1024K, 3 young (3072K), 3 survivors (3072K)
 Metaspace       used 125783K, committed 127872K, reserved 557056K
  class space    used 17464K, committed 18432K, reserved 425984K
}
Event: 330.517 GC heap before
{Heap before GC invocations=108 (full 0):
 garbage-first heap   total 391168K, used 341976K [0x0000000080000000, 0x0000000100000000)
  region size 1024K, 22 young (22528K), 3 survivors (3072K)
 Metaspace       used 125823K, committed 127872K, reserved 557056K
  class space    used 17465K, committed 18432K, reserved 425984K
}
Event: 330.528 GC heap after
{Heap after GC invocations=109 (full 0):
 garbage-first heap   total 391168K, used 324484K [0x0000000080000000, 0x0000000100000000)
  region size 1024K, 3 young (3072K), 3 survivors (3072K)
 Metaspace       used 125823K, committed 127872K, reserved 557056K
  class space    used 17465K, committed 18432K, reserved 425984K
}
Event: 331.361 GC heap before
{Heap before GC invocations=109 (full 0):
 garbage-first heap   total 391168K, used 341892K [0x0000000080000000, 0x0000000100000000)
  region size 1024K, 21 young (21504K), 3 survivors (3072K)
 Metaspace       used 125895K, committed 128000K, reserved 557056K
  class space    used 17469K, committed 18432K, reserved 425984K
}
Event: 331.372 GC heap after
{Heap after GC invocations=110 (full 0):
 garbage-first heap   total 391168K, used 326057K [0x0000000080000000, 0x0000000100000000)
  region size 1024K, 2 young (2048K), 2 survivors (2048K)
 Metaspace       used 125895K, committed 128000K, reserved 557056K
  class space    used 17469K, committed 18432K, reserved 425984K
}
Event: 333.836 GC heap before
{Heap before GC invocations=110 (full 0):
 garbage-first heap   total 391168K, used 344489K [0x0000000080000000, 0x0000000100000000)
  region size 1024K, 20 young (20480K), 2 survivors (2048K)
 Metaspace       used 125946K, committed 128000K, reserved 557056K
  class space    used 17469K, committed 18432K, reserved 425984K
}
Event: 333.845 GC heap after
{Heap after GC invocations=111 (full 0):
 garbage-first heap   total 391168K, used 327123K [0x0000000080000000, 0x0000000100000000)
  region size 1024K, 2 young (2048K), 2 survivors (2048K)
 Metaspace       used 125946K, committed 128000K, reserved 557056K
  class space    used 17469K, committed 18432K, reserved 425984K
}
Event: 334.634 GC heap before
{Heap before GC invocations=111 (full 0):
 garbage-first heap   total 391168K, used 343507K [0x0000000080000000, 0x0000000100000000)
  region size 1024K, 19 young (19456K), 2 survivors (2048K)
 Metaspace       used 125968K, committed 128000K, reserved 557056K
  class space    used 17469K, committed 18432K, reserved 425984K
}
Event: 334.643 GC heap after
{Heap after GC invocations=112 (full 0):
 garbage-first heap   total 391168K, used 329566K [0x0000000080000000, 0x0000000100000000)
  region size 1024K, 3 young (3072K), 3 survivors (3072K)
 Metaspace       used 125968K, committed 128000K, reserved 557056K
  class space    used 17469K, committed 18432K, reserved 425984K
}
Event: 335.467 GC heap before
{Heap before GC invocations=112 (full 0):
 garbage-first heap   total 391168K, used 344926K [0x0000000080000000, 0x0000000100000000)
  region size 1024K, 19 young (19456K), 3 survivors (3072K)
 Metaspace       used 126014K, committed 128064K, reserved 557056K
  class space    used 17476K, committed 18432K, reserved 425984K
}
Event: 335.475 GC heap after
{Heap after GC invocations=113 (full 0):
 garbage-first heap   total 391168K, used 330247K [0x0000000080000000, 0x0000000100000000)
  region size 1024K, 3 young (3072K), 3 survivors (3072K)
 Metaspace       used 126014K, committed 128064K, reserved 557056K
  class space    used 17476K, committed 18432K, reserved 425984K
}
Event: 336.242 GC heap before
{Heap before GC invocations=113 (full 0):
 garbage-first heap   total 391168K, used 345607K [0x0000000080000000, 0x0000000100000000)
  region size 1024K, 19 young (19456K), 3 survivors (3072K)
 Metaspace       used 126050K, committed 128128K, reserved 557056K
  class space    used 17480K, committed 18432K, reserved 425984K
}
Event: 336.252 GC heap after
{Heap after GC invocations=114 (full 0):
 garbage-first heap   total 391168K, used 329665K [0x0000000080000000, 0x0000000100000000)
  region size 1024K, 2 young (2048K), 2 survivors (2048K)
 Metaspace       used 126050K, committed 128128K, reserved 557056K
  class space    used 17480K, committed 18432K, reserved 425984K
}
Event: 336.952 GC heap before
{Heap before GC invocations=114 (full 0):
 garbage-first heap   total 391168K, used 346049K [0x0000000080000000, 0x0000000100000000)
  region size 1024K, 19 young (19456K), 2 survivors (2048K)
 Metaspace       used 126141K, committed 128256K, reserved 557056K
  class space    used 17493K, committed 18496K, reserved 425984K
}
Event: 336.959 GC heap after
{Heap after GC invocations=115 (full 0):
 garbage-first heap   total 391168K, used 329877K [0x0000000080000000, 0x0000000100000000)
  region size 1024K, 2 young (2048K), 2 survivors (2048K)
 Metaspace       used 126141K, committed 128256K, reserved 557056K
  class space    used 17493K, committed 18496K, reserved 425984K
}
Event: 338.883 GC heap before
{Heap before GC invocations=115 (full 0):
 garbage-first heap   total 391168K, used 346261K [0x0000000080000000, 0x0000000100000000)
  region size 1024K, 19 young (19456K), 2 survivors (2048K)
 Metaspace       used 126147K, committed 128256K, reserved 557056K
  class space    used 17493K, committed 18496K, reserved 425984K
}
Event: 338.890 GC heap after
{Heap after GC invocations=116 (full 0):
 garbage-first heap   total 391168K, used 332943K [0x0000000080000000, 0x0000000100000000)
  region size 1024K, 3 young (3072K), 3 survivors (3072K)
 Metaspace       used 126147K, committed 128256K, reserved 557056K
  class space    used 17493K, committed 18496K, reserved 425984K
}
Event: 339.204 GC heap before
{Heap before GC invocations=116 (full 0):
 garbage-first heap   total 391168K, used 348303K [0x0000000080000000, 0x0000000100000000)
  region size 1024K, 19 young (19456K), 3 survivors (3072K)
 Metaspace       used 126198K, committed 128320K, reserved 557056K
  class space    used 17501K, committed 18496K, reserved 425984K
}
Event: 339.214 GC heap after
{Heap after GC invocations=117 (full 0):
 garbage-first heap   total 391168K, used 334954K [0x0000000080000000, 0x0000000100000000)
  region size 1024K, 3 young (3072K), 3 survivors (3072K)
 Metaspace       used 126198K, committed 128320K, reserved 557056K
  class space    used 17501K, committed 18496K, reserved 425984K
}
Event: 340.292 GC heap before
{Heap before GC invocations=117 (full 0):
 garbage-first heap   total 391168K, used 350314K [0x0000000080000000, 0x0000000100000000)
  region size 1024K, 19 young (19456K), 3 survivors (3072K)
 Metaspace       used 126202K, committed 128320K, reserved 557056K
  class space    used 17501K, committed 18496K, reserved 425984K
}

Dll operation events (16 events):
Event: 0.056 Loaded shared library C:\Program Files\Microsoft\jdk-17.0.13.11-hotspot\bin\java.dll
Event: 0.109 Loaded shared library C:\Program Files\Microsoft\jdk-17.0.13.11-hotspot\bin\jsvml.dll
Event: 0.262 Loaded shared library C:\Program Files\Microsoft\jdk-17.0.13.11-hotspot\bin\zip.dll
Event: 0.272 Loaded shared library C:\Program Files\Microsoft\jdk-17.0.13.11-hotspot\bin\instrument.dll
Event: 0.285 Loaded shared library C:\Program Files\Microsoft\jdk-17.0.13.11-hotspot\bin\net.dll
Event: 0.293 Loaded shared library C:\Program Files\Microsoft\jdk-17.0.13.11-hotspot\bin\nio.dll
Event: 0.300 Loaded shared library C:\Program Files\Microsoft\jdk-17.0.13.11-hotspot\bin\zip.dll
Event: 1.375 Loaded shared library C:\Program Files\Microsoft\jdk-17.0.13.11-hotspot\bin\jimage.dll
Event: 2.277 Loaded shared library C:\Program Files\Microsoft\jdk-17.0.13.11-hotspot\bin\verify.dll
Event: 3.035 Loaded shared library C:\Users\saura\.gradle\native\1def1411415f61bf3af743bc5b6707747c0891f09f0c88961ee8f79bc544acac\windows-amd64\native-platform.dll
Event: 3.100 Loaded shared library C:\Users\saura\.gradle\native\0.2.5\x86_64-windows-gnu\gradle-fileevents.dll
Event: 11.523 Loaded shared library C:\Program Files\Microsoft\jdk-17.0.13.11-hotspot\bin\management.dll
Event: 11.541 Loaded shared library C:\Program Files\Microsoft\jdk-17.0.13.11-hotspot\bin\management_ext.dll
Event: 12.644 Loaded shared library C:\Program Files\Microsoft\jdk-17.0.13.11-hotspot\bin\extnet.dll
Event: 14.539 Loaded shared library C:\Program Files\Microsoft\jdk-17.0.13.11-hotspot\bin\sunmscapi.dll
Event: 21.422 Loaded shared library C:\Users\saura\AppData\Local\Temp\native-platform17178479164686889056dir\gradle-fileevents.dll

Deoptimization events (20 events):
Event: 339.215 Thread 0x000002075ddb4e70 Uncommon trap: trap_request=0xffffffc6 fr.pc=0x000002072c662b68 relative=0x0000000000000128
Event: 339.215 Thread 0x000002075ddb4e70 Uncommon trap: reason=bimorphic_or_optimized_type_check action=maybe_recompile pc=0x000002072c662b68 method=org.gradle.execution.plan.DefaultFinalizedExecutionPlan$1.compare(Lorg/gradle/execution/plan/Node;Lorg/gradle/execution/plan/Node;)I @ 24 c2
Event: 339.215 Thread 0x000002075ddb4e70 DEOPT PACKING pc=0x000002072c662b68 sp=0x00000027641febe0
Event: 339.215 Thread 0x000002075ddb4e70 DEOPT UNPACKING pc=0x000002072bf869a3 sp=0x00000027641feb08 mode 2
Event: 339.730 Thread 0x000002075ddb7c00 Uncommon trap: trap_request=0xffffffc6 fr.pc=0x000002072d2d28a0 relative=0x00000000000062e0
Event: 339.730 Thread 0x000002075ddb7c00 Uncommon trap: reason=bimorphic_or_optimized_type_check action=maybe_recompile pc=0x000002072d2d28a0 method=org.gradle.api.internal.artifacts.transform.DefaultTransformedVariantFactory$VariantKey.equals(Ljava/lang/Object;)Z @ 37 c2
Event: 339.730 Thread 0x000002075ddb7c00 DEOPT PACKING pc=0x000002072d2d28a0 sp=0x0000002763dfb6c0
Event: 339.730 Thread 0x000002075ddb7c00 DEOPT UNPACKING pc=0x000002072bf869a3 sp=0x0000002763dfb688 mode 2
Event: 339.730 Thread 0x000002075ddb7c00 Uncommon trap: trap_request=0xffffffc6 fr.pc=0x000002072d2d28a0 relative=0x00000000000062e0
Event: 339.730 Thread 0x000002075ddb7c00 Uncommon trap: reason=bimorphic_or_optimized_type_check action=maybe_recompile pc=0x000002072d2d28a0 method=org.gradle.api.internal.artifacts.transform.DefaultTransformedVariantFactory$VariantKey.equals(Ljava/lang/Object;)Z @ 37 c2
Event: 339.730 Thread 0x000002075ddb7c00 DEOPT PACKING pc=0x000002072d2d28a0 sp=0x0000002763dfb6c0
Event: 339.730 Thread 0x000002075ddb7c00 DEOPT UNPACKING pc=0x000002072bf869a3 sp=0x0000002763dfb688 mode 2
Event: 339.730 Thread 0x000002075ddb7c00 Uncommon trap: trap_request=0xffffffc6 fr.pc=0x000002072d2d28a0 relative=0x00000000000062e0
Event: 339.730 Thread 0x000002075ddb7c00 Uncommon trap: reason=bimorphic_or_optimized_type_check action=maybe_recompile pc=0x000002072d2d28a0 method=org.gradle.api.internal.artifacts.transform.DefaultTransformedVariantFactory$VariantKey.equals(Ljava/lang/Object;)Z @ 37 c2
Event: 339.730 Thread 0x000002075ddb7c00 DEOPT PACKING pc=0x000002072d2d28a0 sp=0x0000002763dfb6c0
Event: 339.730 Thread 0x000002075ddb7c00 DEOPT UNPACKING pc=0x000002072bf869a3 sp=0x0000002763dfb688 mode 2
Event: 339.730 Thread 0x000002075ddb7c00 Uncommon trap: trap_request=0xffffffc6 fr.pc=0x000002072d2d4684 relative=0x00000000000080c4
Event: 339.730 Thread 0x000002075ddb7c00 Uncommon trap: reason=bimorphic_or_optimized_type_check action=maybe_recompile pc=0x000002072d2d4684 method=org.gradle.api.internal.artifacts.transform.DefaultTransformedVariantFactory$VariantKey.equals(Ljava/lang/Object;)Z @ 37 c2
Event: 339.730 Thread 0x000002075ddb7c00 DEOPT PACKING pc=0x000002072d2d4684 sp=0x0000002763dfb6c0
Event: 339.730 Thread 0x000002075ddb7c00 DEOPT UNPACKING pc=0x000002072bf869a3 sp=0x0000002763dfb688 mode 2

Classes loaded (20 events):
Event: 291.942 Loading class org/xml/sax/helpers/AttributesImpl
Event: 291.943 Loading class org/xml/sax/helpers/AttributesImpl done
Event: 291.945 Loading class java/util/regex/Pattern$Behind
Event: 291.946 Loading class java/util/regex/Pattern$Behind done
Event: 291.946 Loading class java/util/regex/Pattern$Neg
Event: 291.947 Loading class java/util/regex/Pattern$Neg done
Event: 291.967 Loading class javax/xml/datatype/DatatypeConfigurationException
Event: 291.967 Loading class javax/xml/datatype/DatatypeConfigurationException done
Event: 291.970 Loading class jdk/internal/reflect/UnsafeBooleanFieldAccessorImpl
Event: 291.971 Loading class jdk/internal/reflect/UnsafeBooleanFieldAccessorImpl done
Event: 291.971 Loading class jdk/internal/reflect/UnsafeIntegerFieldAccessorImpl
Event: 291.972 Loading class jdk/internal/reflect/UnsafeIntegerFieldAccessorImpl done
Event: 293.568 Loading class java/io/CharArrayWriter
Event: 293.569 Loading class java/io/CharArrayWriter done
Event: 293.619 Loading class java/io/SequenceInputStream
Event: 293.620 Loading class java/io/SequenceInputStream done
Event: 293.640 Loading class java/util/function/IntUnaryOperator
Event: 293.640 Loading class java/util/function/IntUnaryOperator done
Event: 334.872 Loading class java/time/Instant$1
Event: 334.877 Loading class java/time/Instant$1 done

Classes unloaded (0 events):
No events

Classes redefined (0 events):
No events

Internal exceptions (20 events):
Event: 327.687 Thread 0x00000207675fbe00 Exception <a 'java/lang/NoSuchMethodError'{0x0000000097dcfeb0}: static Lcom/android/build/api/artifact/ArtifactKind;.<clinit>()V> (0x0000000097dcfeb0) 
thrown [s\src\hotspot\share\prims\jni.cpp, line 1112]
Event: 329.041 Thread 0x00000207675fbe00 Exception <a 'java/lang/NoSuchMethodError'{0x000000009691c138}: static Ljava/lang/Object;.<clinit>()V> (0x000000009691c138) 
thrown [s\src\hotspot\share\prims\jni.cpp, line 1112]
Event: 329.643 Thread 0x000002075ddb7c00 Exception <a 'java/lang/NoSuchMethodError'{0x0000000097a92be8}: static Ljava/lang/Object;.<clinit>()V> (0x0000000097a92be8) 
thrown [s\src\hotspot\share\prims\jni.cpp, line 1112]
Event: 336.629 Thread 0x000002075ddb8110 Exception <a 'sun/nio/fs/WindowsException'{0x00000000973af098}> (0x00000000973af098) 
thrown [s\src\hotspot\share\prims\jni.cpp, line 516]
Event: 336.661 Thread 0x000002075ddb7c00 Exception <a 'sun/nio/fs/WindowsException'{0x000000009729dff8}> (0x000000009729dff8) 
thrown [s\src\hotspot\share\prims\jni.cpp, line 516]
Event: 336.689 Thread 0x000002075ddb7c00 Exception <a 'sun/nio/fs/WindowsException'{0x00000000972fe0a0}> (0x00000000972fe0a0) 
thrown [s\src\hotspot\share\prims\jni.cpp, line 516]
Event: 336.720 Thread 0x00000207675fbe00 Exception <a 'sun/nio/fs/WindowsException'{0x0000000097177be8}> (0x0000000097177be8) 
thrown [s\src\hotspot\share\prims\jni.cpp, line 516]
Event: 336.744 Thread 0x00000207675fbe00 Exception <a 'sun/nio/fs/WindowsException'{0x00000000971ef228}> (0x00000000971ef228) 
thrown [s\src\hotspot\share\prims\jni.cpp, line 516]
Event: 336.765 Thread 0x000002075ddb5380 Exception <a 'sun/nio/fs/WindowsException'{0x0000000097064160}> (0x0000000097064160) 
thrown [s\src\hotspot\share\prims\jni.cpp, line 516]
Event: 336.786 Thread 0x000002075ddb5380 Exception <a 'sun/nio/fs/WindowsException'{0x00000000970db6d8}> (0x00000000970db6d8) 
thrown [s\src\hotspot\share\prims\jni.cpp, line 516]
Event: 336.805 Thread 0x000002075ddb5380 Exception <a 'sun/nio/fs/WindowsException'{0x0000000096f4ed60}> (0x0000000096f4ed60) 
thrown [s\src\hotspot\share\prims\jni.cpp, line 516]
Event: 336.828 Thread 0x000002075ddb5380 Exception <a 'sun/nio/fs/WindowsException'{0x0000000096fcc910}> (0x0000000096fcc910) 
thrown [s\src\hotspot\share\prims\jni.cpp, line 516]
Event: 336.853 Thread 0x000002075ddb5380 Exception <a 'sun/nio/fs/WindowsException'{0x0000000096e42e30}> (0x0000000096e42e30) 
thrown [s\src\hotspot\share\prims\jni.cpp, line 516]
Event: 336.879 Thread 0x000002075ddb4960 Exception <a 'sun/nio/fs/WindowsException'{0x0000000096eb6c78}> (0x0000000096eb6c78) 
thrown [s\src\hotspot\share\prims\jni.cpp, line 516]
Event: 336.905 Thread 0x000002075ddb4960 Exception <a 'sun/nio/fs/WindowsException'{0x0000000096d28988}> (0x0000000096d28988) 
thrown [s\src\hotspot\share\prims\jni.cpp, line 516]
Event: 336.930 Thread 0x000002075ddb4960 Exception <a 'sun/nio/fs/WindowsException'{0x0000000096da2c68}> (0x0000000096da2c68) 
thrown [s\src\hotspot\share\prims\jni.cpp, line 516]
Event: 336.964 Thread 0x000002075ddb4960 Exception <a 'sun/nio/fs/WindowsException'{0x0000000097d39420}> (0x0000000097d39420) 
thrown [s\src\hotspot\share\prims\jni.cpp, line 516]
Event: 337.000 Thread 0x000002075ddb4960 Exception <a 'sun/nio/fs/WindowsException'{0x0000000097da7818}> (0x0000000097da7818) 
thrown [s\src\hotspot\share\prims\jni.cpp, line 516]
Event: 337.034 Thread 0x000002075ddb8620 Exception <a 'sun/nio/fs/WindowsException'{0x0000000097c191c0}> (0x0000000097c191c0) 
thrown [s\src\hotspot\share\prims\jni.cpp, line 516]
Event: 339.028 Thread 0x000002075ddb8620 Implicit null exception at 0x000002072d20f550 to 0x000002072d210074

VM Operations (20 events):
Event: 331.372 Executing VM operation: G1CollectForAllocation done
Event: 332.386 Executing VM operation: Cleanup
Event: 332.386 Executing VM operation: Cleanup done
Event: 333.836 Executing VM operation: G1CollectForAllocation
Event: 333.845 Executing VM operation: G1CollectForAllocation done
Event: 334.634 Executing VM operation: G1CollectForAllocation
Event: 334.643 Executing VM operation: G1CollectForAllocation done
Event: 335.467 Executing VM operation: G1CollectForAllocation
Event: 335.475 Executing VM operation: G1CollectForAllocation done
Event: 336.242 Executing VM operation: G1CollectForAllocation
Event: 336.252 Executing VM operation: G1CollectForAllocation done
Event: 336.952 Executing VM operation: G1CollectForAllocation
Event: 336.959 Executing VM operation: G1CollectForAllocation done
Event: 337.966 Executing VM operation: Cleanup
Event: 337.966 Executing VM operation: Cleanup done
Event: 338.883 Executing VM operation: G1CollectForAllocation
Event: 338.890 Executing VM operation: G1CollectForAllocation done
Event: 339.204 Executing VM operation: G1CollectForAllocation
Event: 339.214 Executing VM operation: G1CollectForAllocation done
Event: 339.878 Executing VM operation: G1CollectForAllocation

Memory protections (0 events):
No events

Nmethod flushes (20 events):
Event: 328.392 Thread 0x000002073b4697a0 flushing  nmethod 0x000002072689bb90
Event: 328.392 Thread 0x000002073b4697a0 flushing  nmethod 0x00000207268ae290
Event: 328.392 Thread 0x000002073b4697a0 flushing  nmethod 0x00000207268ae710
Event: 328.392 Thread 0x000002073b4697a0 flushing  nmethod 0x00000207268aef90
Event: 328.392 Thread 0x000002073b4697a0 flushing  nmethod 0x00000207268be110
Event: 328.394 Thread 0x000002073b4697a0 flushing  nmethod 0x00000207269a0210
Event: 328.394 Thread 0x000002073b4697a0 flushing  nmethod 0x00000207269a1810
Event: 328.394 Thread 0x000002073b4697a0 flushing  nmethod 0x00000207269a1e90
Event: 328.394 Thread 0x000002073b4697a0 flushing  nmethod 0x00000207269a2290
Event: 328.394 Thread 0x000002073b4697a0 flushing  nmethod 0x00000207269a9a90
Event: 328.394 Thread 0x000002073b4697a0 flushing  nmethod 0x00000207269b3190
Event: 328.394 Thread 0x000002073b4697a0 flushing  nmethod 0x00000207269c0e90
Event: 328.394 Thread 0x000002073b4697a0 flushing  nmethod 0x00000207269c7290
Event: 328.394 Thread 0x000002073b4697a0 flushing  nmethod 0x00000207269c9d90
Event: 328.394 Thread 0x000002073b4697a0 flushing  nmethod 0x00000207269cc190
Event: 328.395 Thread 0x000002073b4697a0 flushing  nmethod 0x0000020726a2b810
Event: 328.395 Thread 0x000002073b4697a0 flushing  nmethod 0x0000020726a39710
Event: 328.395 Thread 0x000002073b4697a0 flushing  nmethod 0x0000020726a77f90
Event: 328.395 Thread 0x000002073b4697a0 flushing  nmethod 0x0000020726a7a490
Event: 328.395 Thread 0x000002073b4697a0 flushing  nmethod 0x0000020726a7b990

Events (20 events):
Event: 216.213 Thread 0x000002073b462660 Thread added: 0x0000020766aa6ab0
Event: 216.679 Thread 0x0000020766aa6ab0 Thread exited: 0x0000020766aa6ab0
Event: 227.917 Thread 0x000002075ddb5da0 Thread exited: 0x000002075ddb5da0
Event: 229.081 Thread 0x000002075ddb3f40 Thread exited: 0x000002075ddb3f40
Event: 258.462 Thread 0x000002073b462660 Thread added: 0x00000207663eb760
Event: 259.990 Thread 0x000002075c4f1570 Thread added: 0x000002075ddb5da0
Event: 261.400 Thread 0x00000207663eb760 Thread exited: 0x00000207663eb760
Event: 261.864 Thread 0x000002073b459d40 Thread added: 0x00000207663eb740
Event: 263.865 Thread 0x000002073b462660 Thread added: 0x0000020767f825e0
Event: 266.093 Thread 0x0000020767f825e0 Thread exited: 0x0000020767f825e0
Event: 266.216 Thread 0x00000207663eb740 Thread exited: 0x00000207663eb740
Event: 269.634 Thread 0x000002073b462660 Thread added: 0x00000207677b9f90
Event: 271.843 Thread 0x00000207677b9f90 Thread exited: 0x00000207677b9f90
Event: 287.959 Thread 0x000002075ddb71e0 Thread exited: 0x000002075ddb71e0
Event: 289.452 Thread 0x000002075ddb6cd0 Thread added: 0x000002075ddb71e0
Event: 289.457 Thread 0x000002075ddb3520 Thread added: 0x000002075de98560
Event: 297.276 Thread 0x000002073b462660 Thread added: 0x000002076772cc60
Event: 304.847 Thread 0x000002075c010ab0 Thread added: 0x00000207675fbe00
Event: 304.954 Thread 0x000002075ddb8110 Thread added: 0x00000207675f9a90
Event: 305.700 Thread 0x000002076772cc60 Thread exited: 0x000002076772cc60


Dynamic libraries:
0x00007ff6fa070000 - 0x00007ff6fa07e000 	C:\Program Files\Microsoft\jdk-17.0.13.11-hotspot\bin\java.exe
0x00007ffe00120000 - 0x00007ffe00388000 	C:\WINDOWS\SYSTEM32\ntdll.dll
0x00007ffdff4f0000 - 0x00007ffdff5b9000 	C:\WINDOWS\System32\KERNEL32.DLL
0x00007ffdfd270000 - 0x00007ffdfd65d000 	C:\WINDOWS\System32\KERNELBASE.dll
0x00007ffdfdb90000 - 0x00007ffdfdcdb000 	C:\WINDOWS\System32\ucrtbase.dll
0x00007ffd99cf0000 - 0x00007ffd99d0d000 	C:\Program Files\Microsoft\jdk-17.0.13.11-hotspot\bin\VCRUNTIME140.dll
0x00007ffd999f0000 - 0x00007ffd99a07000 	C:\Program Files\Microsoft\jdk-17.0.13.11-hotspot\bin\jli.dll
0x00007ffdffe00000 - 0x00007ffdfffcc000 	C:\WINDOWS\System32\USER32.dll
0x00007ffdfdaa0000 - 0x00007ffdfdac7000 	C:\WINDOWS\System32\win32u.dll
0x00007ffdffda0000 - 0x00007ffdffdcb000 	C:\WINDOWS\System32\GDI32.dll
0x00007ffdfdd80000 - 0x00007ffdfdeb7000 	C:\WINDOWS\System32\gdi32full.dll
0x00007ffdeeaf0000 - 0x00007ffdeed8a000 	C:\WINDOWS\WinSxS\amd64_microsoft.windows.common-controls_6595b64144ccf1df_6.0.26100.4484_none_3e0e6d4ce32ef3b3\COMCTL32.dll
0x00007ffdfef90000 - 0x00007ffdff039000 	C:\WINDOWS\System32\msvcrt.dll
0x00007ffdfd870000 - 0x00007ffdfd913000 	C:\WINDOWS\System32\msvcp_win.dll
0x00007ffdff110000 - 0x00007ffdff13f000 	C:\WINDOWS\System32\IMM32.DLL
0x00007ffdda330000 - 0x00007ffdda33c000 	C:\Program Files\Microsoft\jdk-17.0.13.11-hotspot\bin\vcruntime140_1.dll
0x00007ffd6f080000 - 0x00007ffd6f10d000 	C:\Program Files\Microsoft\jdk-17.0.13.11-hotspot\bin\msvcp140.dll
0x00007ffd30520000 - 0x00007ffd31191000 	C:\Program Files\Microsoft\jdk-17.0.13.11-hotspot\bin\server\jvm.dll
0x00007ffdff150000 - 0x00007ffdff204000 	C:\WINDOWS\System32\ADVAPI32.dll
0x00007ffdfe610000 - 0x00007ffdfe6b6000 	C:\WINDOWS\System32\sechost.dll
0x00007ffdfed80000 - 0x00007ffdfee98000 	C:\WINDOWS\System32\RPCRT4.dll
0x00007ffdff3c0000 - 0x00007ffdff434000 	C:\WINDOWS\System32\WS2_32.dll
0x00007ffdfd0e0000 - 0x00007ffdfd13e000 	C:\WINDOWS\SYSTEM32\POWRPROF.dll
0x00007ffdef570000 - 0x00007ffdef57b000 	C:\WINDOWS\SYSTEM32\VERSION.dll
0x00007ffdebb60000 - 0x00007ffdebb95000 	C:\WINDOWS\SYSTEM32\WINMM.dll
0x00007ffdfd0c0000 - 0x00007ffdfd0d4000 	C:\WINDOWS\SYSTEM32\UMPDC.dll
0x00007ffdfc010000 - 0x00007ffdfc02b000 	C:\WINDOWS\SYSTEM32\kernel.appcore.dll
0x00007ffdd7800000 - 0x00007ffdd780a000 	C:\Program Files\Microsoft\jdk-17.0.13.11-hotspot\bin\jimage.dll
0x00007ffdf5860000 - 0x00007ffdf5aa1000 	C:\WINDOWS\SYSTEM32\DBGHELP.DLL
0x00007ffdfe9f0000 - 0x00007ffdfed76000 	C:\WINDOWS\System32\combase.dll
0x00007ffdfeea0000 - 0x00007ffdfef80000 	C:\WINDOWS\System32\OLEAUT32.dll
0x00007ffdebb10000 - 0x00007ffdebb53000 	C:\WINDOWS\SYSTEM32\dbgcore.DLL
0x00007ffdfdce0000 - 0x00007ffdfdd79000 	C:\WINDOWS\System32\bcryptPrimitives.dll
0x00007ffdc8010000 - 0x00007ffdc801e000 	C:\Program Files\Microsoft\jdk-17.0.13.11-hotspot\bin\instrument.dll
0x00007ffd99910000 - 0x00007ffd99935000 	C:\Program Files\Microsoft\jdk-17.0.13.11-hotspot\bin\java.dll
0x00007ffd6db70000 - 0x00007ffd6dc47000 	C:\Program Files\Microsoft\jdk-17.0.13.11-hotspot\bin\jsvml.dll
0x00007ffdfdec0000 - 0x00007ffdfe60a000 	C:\WINDOWS\System32\SHELL32.dll
0x00007ffdfd660000 - 0x00007ffdfd7d4000 	C:\WINDOWS\System32\wintypes.dll
0x00007ffdfaef0000 - 0x00007ffdfb74b000 	C:\WINDOWS\SYSTEM32\windows.storage.dll
0x00007ffdfffe0000 - 0x00007ffe000d5000 	C:\WINDOWS\System32\SHCORE.dll
0x00007ffdff040000 - 0x00007ffdff0aa000 	C:\WINDOWS\System32\shlwapi.dll
0x00007ffdfd180000 - 0x00007ffdfd1af000 	C:\WINDOWS\SYSTEM32\profapi.dll
0x00007ffd99580000 - 0x00007ffd99598000 	C:\Program Files\Microsoft\jdk-17.0.13.11-hotspot\bin\zip.dll
0x00007ffd999d0000 - 0x00007ffd999ea000 	C:\Program Files\Microsoft\jdk-17.0.13.11-hotspot\bin\net.dll
0x00007ffdf5e60000 - 0x00007ffdf5f7e000 	C:\WINDOWS\SYSTEM32\WINHTTP.dll
0x00007ffdfc5a0000 - 0x00007ffdfc60a000 	C:\WINDOWS\system32\mswsock.dll
0x00007ffd998a0000 - 0x00007ffd998b6000 	C:\Program Files\Microsoft\jdk-17.0.13.11-hotspot\bin\nio.dll
0x00007ffdd70e0000 - 0x00007ffdd70f0000 	C:\Program Files\Microsoft\jdk-17.0.13.11-hotspot\bin\verify.dll
0x00007ffd92070000 - 0x00007ffd92097000 	C:\Users\saura\.gradle\native\1def1411415f61bf3af743bc5b6707747c0891f09f0c88961ee8f79bc544acac\windows-amd64\native-platform.dll
0x0000000070960000 - 0x00000000709d3000 	C:\Users\saura\.gradle\native\0.2.5\x86_64-windows-gnu\gradle-fileevents.dll
0x00007ffdd6950000 - 0x00007ffdd695a000 	C:\Program Files\Microsoft\jdk-17.0.13.11-hotspot\bin\management.dll
0x00007ffdce310000 - 0x00007ffdce31b000 	C:\Program Files\Microsoft\jdk-17.0.13.11-hotspot\bin\management_ext.dll
0x00007ffdfe760000 - 0x00007ffdfe768000 	C:\WINDOWS\System32\PSAPI.DLL
0x00007ffdfc850000 - 0x00007ffdfc86b000 	C:\WINDOWS\SYSTEM32\CRYPTSP.dll
0x00007ffdfbf70000 - 0x00007ffdfbfab000 	C:\WINDOWS\system32\rsaenh.dll
0x00007ffdfc640000 - 0x00007ffdfc66b000 	C:\WINDOWS\SYSTEM32\USERENV.dll
0x00007ffdfd150000 - 0x00007ffdfd176000 	C:\WINDOWS\SYSTEM32\bcrypt.dll
0x00007ffdfc870000 - 0x00007ffdfc87c000 	C:\WINDOWS\SYSTEM32\CRYPTBASE.dll
0x00007ffdfba40000 - 0x00007ffdfba73000 	C:\WINDOWS\SYSTEM32\IPHLPAPI.DLL
0x00007ffdfffd0000 - 0x00007ffdfffda000 	C:\WINDOWS\System32\NSI.dll
0x00007ffdf67b0000 - 0x00007ffdf67cf000 	C:\WINDOWS\SYSTEM32\dhcpcsvc6.DLL
0x00007ffdf62d0000 - 0x00007ffdf62f5000 	C:\WINDOWS\SYSTEM32\dhcpcsvc.DLL
0x00007ffdfbb30000 - 0x00007ffdfbc56000 	C:\WINDOWS\SYSTEM32\DNSAPI.dll
0x00007ffdcb7c0000 - 0x00007ffdcb7c9000 	C:\Program Files\Microsoft\jdk-17.0.13.11-hotspot\bin\extnet.dll
0x00007ffdc7840000 - 0x00007ffdc784e000 	C:\Program Files\Microsoft\jdk-17.0.13.11-hotspot\bin\sunmscapi.dll
0x00007ffdfd920000 - 0x00007ffdfda97000 	C:\WINDOWS\System32\CRYPT32.dll
0x00007ffdfca70000 - 0x00007ffdfcaa0000 	C:\WINDOWS\SYSTEM32\ncrypt.dll
0x00007ffdfca20000 - 0x00007ffdfca5f000 	C:\WINDOWS\SYSTEM32\NTASN1.dll
0x00007ffd5a340000 - 0x00007ffd5a348000 	C:\WINDOWS\system32\wshunix.dll
0x00000000708e0000 - 0x0000000070953000 	C:\Users\saura\AppData\Local\Temp\native-platform17178479164686889056dir\gradle-fileevents.dll
0x00007ffdf16a0000 - 0x00007ffdf16ab000 	C:\Windows\System32\rasadhlp.dll
0x00007ffdf3780000 - 0x00007ffdf3806000 	C:\WINDOWS\System32\fwpuclnt.dll
0x00007ffde4030000 - 0x00007ffde4048000 	C:\WINDOWS\system32\napinsp.dll
0x00007ffde3e50000 - 0x00007ffde3e62000 	C:\WINDOWS\System32\winrnr.dll
0x00007ffde1cd0000 - 0x00007ffde1d00000 	C:\WINDOWS\system32\nlansp_c.dll
0x00007ffdf4730000 - 0x00007ffdf4750000 	C:\WINDOWS\system32\wshbth.dll

dbghelp: loaded successfully - version: 4.0.5 - missing functions: none
symbol engine: initialized successfully - sym options: 0x614 - pdb path: .;C:\Program Files\Microsoft\jdk-17.0.13.11-hotspot\bin;C:\WINDOWS\SYSTEM32;C:\WINDOWS\WinSxS\amd64_microsoft.windows.common-controls_6595b64144ccf1df_6.0.26100.4484_none_3e0e6d4ce32ef3b3;C:\Program Files\Microsoft\jdk-17.0.13.11-hotspot\bin\server;C:\Users\saura\.gradle\native\1def1411415f61bf3af743bc5b6707747c0891f09f0c88961ee8f79bc544acac\windows-amd64;C:\Users\saura\.gradle\native\0.2.5\x86_64-windows-gnu;C:\Users\saura\AppData\Local\Temp\native-platform17178479164686889056dir

VM Arguments:
jvm_args: --add-opens=java.base/java.lang=ALL-UNNAMED --add-opens=java.base/java.lang.invoke=ALL-UNNAMED --add-opens=java.base/java.util=ALL-UNNAMED --add-opens=java.prefs/java.util.prefs=ALL-UNNAMED --add-exports=jdk.compiler/com.sun.tools.javac.api=ALL-UNNAMED --add-exports=jdk.compiler/com.sun.tools.javac.util=ALL-UNNAMED --add-opens=java.base/java.util=ALL-UNNAMED --add-opens=java.prefs/java.util.prefs=ALL-UNNAMED --add-opens=java.base/java.nio.charset=ALL-UNNAMED --add-opens=java.base/java.net=ALL-UNNAMED --add-opens=java.base/java.util.concurrent.atomic=ALL-UNNAMED --add-opens=java.xml/javax.xml.namespace=ALL-UNNAMED -XX:MaxMetaspaceSize=512m -Xmx2048m -Dfile.encoding=windows-1252 -Duser.country=US -Duser.language=en -Duser.variant -javaagent:C:\Users\saura\.gradle\wrapper\dists\gradle-8.12-all\ejduaidbjup3bmmkhw3rie4zb\gradle-8.12\lib\agents\gradle-instrumentation-agent-8.12.jar 
java_command: org.gradle.launcher.daemon.bootstrap.GradleDaemon 8.12
java_class_path (initial): C:\Users\saura\.gradle\wrapper\dists\gradle-8.12-all\ejduaidbjup3bmmkhw3rie4zb\gradle-8.12\lib\gradle-daemon-main-8.12.jar
Launcher Type: SUN_STANDARD

[Global flags]
     intx CICompilerCount                          = 4                                         {product} {ergonomic}
   size_t CompressedClassSpaceSize                 = 436207616                                 {product} {ergonomic}
     uint ConcGCThreads                            = 2                                         {product} {ergonomic}
     uint G1ConcRefinementThreads                  = 8                                         {product} {ergonomic}
   size_t G1HeapRegionSize                         = 1048576                                   {product} {ergonomic}
    uintx GCDrainStackTargetSize                   = 64                                        {product} {ergonomic}
   size_t InitialHeapSize                          = 100663296                                 {product} {ergonomic}
   size_t MarkStackSize                            = 4194304                                   {product} {ergonomic}
   size_t MaxHeapSize                              = 2147483648                                {product} {command line}
   size_t MaxMetaspaceSize                         = 536870912                                 {product} {command line}
   size_t MaxNewSize                               = 1287651328                                {product} {ergonomic}
   size_t MinHeapDeltaBytes                        = 1048576                                   {product} {ergonomic}
   size_t MinHeapSize                              = 8388608                                   {product} {ergonomic}
    uintx NonNMethodCodeHeapSize                   = 5839372                                {pd product} {ergonomic}
    uintx NonProfiledCodeHeapSize                  = 122909434                              {pd product} {ergonomic}
    uintx ProfiledCodeHeapSize                     = 122909434                              {pd product} {ergonomic}
    uintx ReservedCodeCacheSize                    = 251658240                              {pd product} {ergonomic}
     bool SegmentedCodeCache                       = true                                      {product} {ergonomic}
   size_t SoftMaxHeapSize                          = 2147483648                             {manageable} {ergonomic}
     bool UseCompressedClassPointers               = true                           {product lp64_product} {ergonomic}
     bool UseCompressedOops                        = true                           {product lp64_product} {ergonomic}
     bool UseG1GC                                  = true                                      {product} {ergonomic}
     bool UseLargePagesIndividualAllocation        = false                                  {pd product} {ergonomic}

Logging:
Log output configuration:
 #0: stdout all=warning uptime,level,tags
 #1: stderr all=off uptime,level,tags

Environment Variables:
JAVA_HOME=C:\Program Files\Microsoft\jdk-17.0.13.11-hotspot
CLASSPATH=C:\Users\saura\Desktop\SvindoApp\Svindo_VendorApp\android\\gradle\wrapper\gradle-wrapper.jar
PATH=C:\Users\saura\Desktop\SvindoApp\Svindo_VendorApp\node_modules\.bin;C:\Users\saura\Desktop\SvindoApp\Svindo_VendorApp\node_modules\.bin;C:\Users\saura\Desktop\SvindoApp\node_modules\.bin;C:\Users\saura\Desktop\node_modules\.bin;C:\Users\saura\node_modules\.bin;C:\Users\node_modules\.bin;C:\node_modules\.bin;C:\Users\saura\AppData\Roaming\npm\node_modules\npm\node_modules\@npmcli\run-script\lib\node-gyp-bin;C:\Program Files\Microsoft\jdk-17.0.13.11-hotspot\bin;C:\Program Files\Common Files\Oracle\Java\javapath;C:\Program Files\NVIDIA GPU Computing Toolkit\CUDA\v11.7\bin;C:\Program Files\NVIDIA GPU Computing Toolkit\CUDA\v11.7\libnvvp;C:\Windows\system32;C:\Windows;C:\Windows\System32\Wbem;C:\Windows\System32\WindowsPowerShell\v1.0\;C:\Windows\System32\OpenSSH\;C:\MinGW\bin;C:\Program Files\Git\cmd;C:\Program Files\MySQL\MySQL Server 8.0\bin;C:\Program Files\NVIDIA Corporation\Nsight Compute 2022.2.0\;C:\Program Files (x86)\NVIDIA Corporation\PhysX\Common;C:\WINDOWS\system32;C:\WINDOWS;C:\WINDOWS\System32\Wbem;C:\WINDOWS\System32\WindowsPowerShell\v1.0\;C:\WINDOWS\System32\OpenSSH\;C:\Program Files\Git\bin;C:\Program Files\CMake\bin;C:\Program Files\Java\jdk-19\bin;C:\Program Files\MongoDB\Server\6.0\bin;C:\mongoshell\mongosh-1.8.0-win32-x64\bin;C:\Program Files\MiKTeX\miktex\bin\x64\;C:\Users\saura\AppData\Local\Pub\Cache\bin;C:\xampp\php;C:\ProgramData\ComposerSetup\bin;C:\ProgramData\chocolatey\bin;C:\Program Files\nodejs\;C:\Users\saura\AppData\Local\Android\Sdk\platforms;C:\Users\saura\AppData\Local\Android\Sdk;C:\Users\saura\AppData\Local\Android\Sdk\platform-tools;C:\Users\saura\AppData\Local\Android\Sdk\build-tools;C:\Users\saura\AppData\Local\Android\Sdk\emulator;C:\src\flutter\bin;C:\Users\saura\AppData\Local\Android\Sdk\tools;C:\Program Files\Microsoft\jdk-17.0.13.11-hotspot\bin;C:\Program Files\MySQL\MySQL Shell 8.0\bin\;C:\Users\saura\AppData\Local\Programs\Python\Python38\Scripts\;C:\Users\saura\AppData\Local\Programs\Python\Python38\;C:\Users\saura\.c
USERNAME=saura
OS=Windows_NT
PROCESSOR_IDENTIFIER=AMD64 Family 23 Model 24 Stepping 1, AuthenticAMD
TMP=C:\Users\saura\AppData\Local\Temp
TEMP=C:\Users\saura\AppData\Local\Temp



Periodic native trim disabled


---------------  S Y S T E M  ---------------

OS:
 Windows 11 , 64 bit Build 26100 (10.0.26100.4484)
OS uptime: 2 days 1:06 hours

CPU: total 8 (initial active 8) (8 cores per cpu, 2 threads per core) family 23 model 24 stepping 1 microcode 0x8108109, cx8, cmov, fxsr, ht, mmx, 3dnowpref, sse, sse2, sse3, ssse3, sse4a, sse4.1, sse4.2, popcnt, lzcnt, tsc, tscinvbit, avx, avx2, aes, clmul, bmi1, bmi2, adx, sha, fma, vzeroupper, clflush, clflushopt
Processor Information for the first 8 processors :
  Max Mhz: 2100, Current Mhz: 2100, Mhz Limit: 2100

Memory: 4k page, system-wide physical 6088M (326M free)
TotalPageFile size 24520M (AvailPageFile size 66M)
current process WorkingSet (physical memory assigned to process): 415M, peak: 565M
current process commit charge ("private bytes"): 814M, peak: 837M

vm_info: OpenJDK 64-Bit Server VM (17.0.13+11-LTS) for windows-amd64 JRE (17.0.13+11-LTS), built on Oct 11 2024 23:25:05 by "MicrosoftCorporation" with unknown MS VC++:1939

END.
